f,m,word,label
-6.029261864045454,2.40242762650684,'s,
8.015443807427278,8.61900945596286,???,
3.946090343013764,-4.803445717521743,able,
-5.587759867715201,-1.5275924676994594,absence,
4.5898575653411315,5.665842491586872,accepted,
-0.575034372198145,1.478500170770571,account,
-4.097732685360828,-2.3602579101340595,acted,
3.412780681872665,3.2259861323670633,added,
-4.928556375511827,-5.06435583591254,addressed,
-2.4850726978345343,2.5736012406404982,admired,
-1.0196375098251451,-4.188971708859413,admitted,
-4.663457571572739,-5.146229531883429,advanced,
-4.3252239930811305,-3.7083844618085338,advice,
6.5912118923793805,6.275127388427766,afraid,
5.233947220357196,5.76797883682292,age,
-4.943483119308253,-5.513987525779778,agreed,
-5.382727774318293,-5.592500439934035,ai,
-4.922458729430445,-6.908282049554299,alive,
4.3035303779683,4.267007668754963,allowed,
-4.059903991500016,-2.7617513369615945,anger,
-1.0213140085053618,5.6581436324466825,angry,
-3.0503612703683873,-3.448166503288527,announced,
3.661686422258863,6.43115330960613,answer,
3.9467374771603927,7.281415265693366,answered,
2.384596390835758,3.052210811661805,anxious,
6.153395017981412,7.462486045230556,apartment,
-3.7742208664441024,4.151754637267794,appear,
3.6174499400331452,4.217371228637238,appearance,
-4.982626867011899,6.2624956314084645,appeared,appeared
-5.4281832449971095,-6.390528542957089,approached,
-3.439255362716502,-1.3296108964356816,are,
-7.762817665955221,-6.729849843944014,arm,
2.0424618136290933,7.636887346598981,arms,
4.306984928715797,3.118142233589315,arose,
2.290160414770226,2.7307679961754587,arranged,
-4.495619634833546,-4.432778366929614,arrival,
-6.177918143058513,-5.7741415702596095,arrived,
-0.3893483893159924,5.152414327641917,ask,
-5.302202351534672,7.005867754257875,asked,asked
1.3598304262418508,5.8022267060790265,asks,
0.5690879312651652,-3.876696343655467,assumed,
-3.641516908150993,-3.995509071481879,assured,
-3.441766825217992,-5.424882977549385,ate,
0.1085389300538466,-4.0715206665886585,attempted,
2.258522001406459,-3.8065171513137264,attention,
-0.02721639300270533,5.579577208533982,attitude,
8.876011063149505,9.0947764143212,aunt,aunt
3.1019992950596067,1.985240419449502,avoided,
5.343167238535365,0.4312504030598285,aware,
4.916642890319384,-3.376953244030123,awoke,
8.07669781215436,8.580772860403668,baby,
7.472401105147464,7.3688455101930055,back,
7.644990358066644,7.323436575634079,bag,
-6.105712349418678,5.074798207722086,be,
6.347752472330052,6.665478431041051,bear,
-8.548781948923427,-9.043979968261036,beard,beard
-4.319122314909734,-5.576447498066501,beat,
8.890919572778643,9.834555012068996,beauty,
7.270893432881541,6.938609322114397,bed,
7.6588827861109525,8.217381191238918,bedroom,
-2.858758685738919,4.4036271478234035,been,
5.373390865028728,-1.467717947413862,began,
5.1498726592388,6.569119169411545,begged,
3.8463536883983998,0.4965405419999173,beginning,
3.1561468444636707,3.682505208043817,begun,
-2.609802869531201,4.417306476829303,behaviour,
3.6471498110726643,2.4222799574009843,believe,
2.01864239070742,2.650457047604375,believed,
5.4811728417250904,3.3670147265618495,belly,
-6.396262881547642,-7.973022932306025,belt,
4.068818402430474,3.3628926311409857,best,
5.852602009608653,6.407302478942156,birthday,
5.234955503608473,6.301574867907132,bit,
2.5438797417831625,-5.553548659344512,blinked,
-5.156831404293159,-5.66181068451726,blood,
7.447153446012378,8.074296422113209,blushed,
6.576856692360085,7.6183712037019315,body,
3.6383428792932344,-0.9329453447935971,book,
-3.221120521534931,-5.43337120467238,books,
-7.058750973506178,-7.930108922120791,boots,
7.739666531406672,9.148942187950812,bosom,
-5.030109789604293,-5.425189009266108,bought,
-7.502564800524862,-7.169351261250036,bowed,
-7.9947651829877655,-7.520068588466644,boy,
1.0185551306201421,-7.035466272833945,brain,
6.829896190653165,8.276866151990381,breast,
9.115918339572517,10.339758495279195,breasts,breasts
5.472113574678373,4.519936147067095,breath,
5.605803882782602,5.286044427987101,breathed,
-2.108076529161956,5.1601590051049415,breathing,
-3.3235275482223514,-1.8071436059233736,bring,
-0.8226771685500738,4.0780189494857515,broke,
1.343017711664577,7.380250349131875,brother,
2.1844446352988798,3.938810797612853,brothers,
-6.347640871471392,-1.9920273468554128,brought,
-5.336427945109455,-5.229049742847309,brow,
-4.479109819567522,-0.372511378315318,brows,
4.9743927518657065,5.270484959382815,brushed,
5.91214956084907,6.689370486083049,burst,
-7.215936071270872,-7.3831441715729484,business,
2.7777963948322286,3.8545378508855874,busy,
-4.803796902270851,-0.06611645779499627,call,
-5.237175449025079,-3.02068881791342,called,
-4.362746076005502,-2.3978886299597293,calls,
-7.9709888556102175,6.048864513474029,came,came
-6.8299780520176325,-7.974499524624412,cap,
-7.44484597739092,-7.04386412280141,car,
4.839355501116506,5.712072324945499,care,
-0.875500808947767,5.342978618402521,cared,
-6.043485503926359,-6.764578473009008,career,
-4.9509299234937485,-5.795207099947043,carried,
-1.534939449213737,1.464786303481657,carrying,
-2.254314547528889,-5.103890238138307,case,
1.716272043740946,-0.31769578702109463,cast,
-4.17319481132652,-4.997718050492607,caught,
2.7088931670505483,4.073542590526857,ceased,
4.142514027013768,-1.928687377370007,certain,
-5.428491992758158,-6.664980992312382,chair,
1.253676474542434,3.9892547335800606,change,
3.9209842107830046,5.839493934644775,changed,
-3.22177122929018,1.4193955812756243,character,
-1.0755852064050435,-5.826976666519632,checked,
8.130305430935787,8.63846936035297,cheek,
9.121506537714179,9.381896313231616,cheeks,cheeks
-7.5291307678581045,-8.697652375148536,chest,
8.481185681053663,9.19267159915608,child,
6.540812396264612,6.3224876770625125,childhood,
7.714451045906471,8.307862442397811,children,
5.277692321251513,3.0359888398733617,chin,
-0.311777103343113,2.645184712241326,chose,
-2.4872405854369335,2.429759429909026,chosen,
-7.132387202922799,-7.881709951319825,chuckled,
-3.6700563256576237,-2.4179483321902255,cigarette,
-6.600321668878652,-6.822422573187616,cleared,
-3.7888742904583004,-7.003824724277142,climbed,
6.805088235411981,7.37532273267632,close,
6.067509313013307,5.086542304627476,closed,
3.983374133048136,1.8979199387412011,clothes,
7.1869675720596655,7.755880498067282,clung,
-6.209928435248936,-7.310484559471428,coat,
0.16558995627942258,-1.1715219248047732,coffee,
-7.69424347313539,4.033453810154684,come,
-6.855382719432613,-4.696709086943856,comes,
-6.949933267703076,4.129915096992901,coming,
-3.7591228589347816,-4.4175496676718815,commanded,
-4.327846028538238,-4.320248930544603,commented,
0.7447254775497046,-6.242615961314538,companion,
-5.36285459124193,-7.776790182774149,companions,
-3.577941343296398,-1.7514790419380417,company,
4.470239424455924,5.733286556384395,complained,
-1.82302302487322,-5.6251114494652255,concluded,
4.495508463304504,5.406567286859795,condition,
-2.8229333928237685,2.03010840174251,conduct,
4.085767660682537,4.568887491676066,confessed,
2.3328002797247414,-3.7742689004890186,conscience,
5.358077342950527,2.9102503009151985,conscious,
-0.6485298094548153,-4.969287822307274,considered,
-3.716443871562084,-4.829978195589513,continued,
5.966926636592179,6.9890808932470705,cousin,
4.871872618248118,5.064416233733285,covered,
8.49437377889565,9.2330539705159,cried,
-0.5585996631450254,-3.920837332674735,crossed,
7.02670612865106,7.5872091094684775,cry,
7.709548146958,8.739233343158169,crying,
3.9221651157709427,3.210852644838785,cup,
-5.167616363166108,-6.274412444058065,cut,
3.598033833299342,7.53614002848127,dare,
4.727811810609996,3.237327242088158,dared,
7.936126195569434,8.87645758999077,daughter,
7.1731130658457944,6.912752254593585,day,
4.625708306431849,-1.0066808807440162,days,
-6.859323958775166,-5.72817704740037,dead,
-7.106555549063981,-5.158406192734213,death,
5.517144259743032,-5.857163970706991,decided,decided
1.8413945096433484,3.4042799870515705,declared,
3.9881610675320593,5.38722731663565,delighted,
-4.3834756016793825,-2.8011676915247494,demanded,
-5.883120970232633,-2.963648927367842,departure,
-3.539266218836581,-2.3849648864732935,described,
0.7110555765558543,2.803794962377977,desire,
-3.05416501015376,-2.979241827099881,desired,
-6.592429770527702,-8.32422620278115,desk,
-0.6310751755861697,-3.597645897794765,determined,
-5.1042670000848815,-3.89126777724283,did,
-1.6015627505487784,-1.3443637993713877,die,
-6.264260107666891,-3.664985344154335,died,
1.0109421576843785,1.0073503655321079,direction,
-5.1429627377879825,2.608267090575771,disappeared,
1.4570791159841359,-4.907338559905518,discovered,
-4.975195715135987,-6.302863321101636,do,
-4.846482713353677,-1.4168774004504854,does,
-4.773120444741769,-3.100850862292886,doing,
-5.6856035607117175,-5.939184021970212,done,
6.828440896208905,7.5163223656324645,door,
-2.22070903808646,-5.1664866157350104,dragged,
-5.5647666554092385,-6.635245842507011,drank,
3.8820321227659376,2.515578651087668,dream,
4.550035733541709,0.9860423927688,dreamed,
5.0122303116627345,2.609711003908333,dreams,
10.041532110708381,10.529732760356875,dress,dress
6.770086117163226,6.357678833161982,dressed,
-2.2846203111901042,-1.6279633500342647,drew,
-4.627005632436049,-4.932927336551002,drink,
-0.7652060766329334,-4.627801822520649,dropped,
-6.800492313191961,-7.175130304822118,drove,
0.8643419070185893,-3.457734587950866,duty,
4.835748583142673,-4.633664765945171,ear,ear
5.275391553419197,-4.526946322054038,ears,
-0.2385181827085748,-2.8891320157321077,eat,
3.7022764610996384,-3.5018911867144533,efforts,
0.28455039145545225,-4.387195809334345,elbow,
1.4092019204025639,-0.37725393450495015,elbows,
-0.24336461435188117,-2.1608053968810483,emerged,
4.588241299332116,3.9030811941129255,enjoyed,
-2.6670652031677657,-4.777645210811868,entered,
-2.3031579540619824,-5.233126775905273,escape,
-4.317015916862397,-6.173356982092356,examined,
6.62759901496968,7.654101211178596,exclaimed,
2.259408784147832,1.8491835459760093,expect,
3.811226514991163,-4.742300916648044,expected,
3.842538699962802,-1.9718886894016745,experience,
4.954895802372412,1.2546380122010126,experienced,
-4.763700207779877,-5.714298607780185,explained,
-0.1539528960605366,3.6088465728471952,expressed,
-4.565036525025272,5.883306748923846,expression,expression
-5.834726393785195,-7.275632357066172,eye,
-4.2034816541226485,-3.149605028555622,eyebrows,
6.2325871003074855,6.264237274144085,eyelids,
8.895683535652509,9.963458483847479,eyes,eyes
7.235473408122597,8.835867733035768,face,
3.4047299456589446,0.4311293442115493,faced,
-2.8257340289813944,-4.919273729829313,failed,
-3.156974288868248,-3.3279633565588855,fall,
-1.7998593351763237,2.986751536452052,fallen,
-5.859211065981964,-1.0592266415434377,family,
3.968259174306676,1.2554359970944684,fancied,
-1.8742942536268195,0.6263109974945028,fate,
7.344280855893656,8.908091930170658,father,
-0.34110334788003105,4.562786940049014,fault,
5.768371829025633,5.396468509077897,fear,
5.336104082844884,5.227550545344034,feared,
6.410076571251659,6.630997725273739,fears,
2.6758593111736455,5.391977997900754,features,
7.443178447760662,4.185296455415742,feel,
5.537847419404151,5.243011358157989,feeling,
6.176911492521679,7.090007453118506,feelings,
5.829320425953662,4.104548891658722,feels,
5.0785385598753265,-7.017532542959276,feet,feet
-0.7619138291980856,-5.138502236576342,fell,
8.976870466151478,-3.0169210276815117,felt,
6.159710287028247,7.597653144367529,figure,
-0.45346781819020565,-3.940959791125774,filled,
-3.8549535627264406,-5.463785656068341,find,
5.223551052848381,2.9092494476147612,finger,
6.035529265436019,6.076611765663232,fingers,
-1.6402921186462998,-5.867603885378429,finished,
4.258596423157845,5.0708322296607085,first,
-7.100833657079934,-8.245834654908725,fist,
-5.082921173341318,-6.275812420625528,fists,
1.245989977100487,1.1157693262616724,fixed,
4.756780223442725,6.119451945343395,flesh,
2.553113181908614,4.14612470181166,flung,
5.793253238388043,6.159646707301318,flushed,
3.55782587024768,2.3722726134849057,folded,
-4.285502496409591,-4.0067774705299,follow,
-5.467782401305271,-6.485137502292199,followed,
0.7399566081419816,5.8381763944304135,fond,
1.8426183883085978,-3.8454806729942543,foot,
3.1869603756888045,-3.5043037560624786,forced,
-4.009390985958211,-5.04253167190057,forehead,
3.8518553736376626,3.7133841590440024,forget,
4.4327654488883645,-0.039695841689991136,forgot,
3.781798849446229,-1.429825468606287,forgotten,
4.8520091292108765,6.343151065250025,form,
-4.077668833606457,-1.4058049209302543,fortune,
-3.2959431664182284,-5.69381983860141,fought,
2.8870554286310344,-7.51901526623039,found,
4.832873378544612,5.585179985351679,free,
-3.7113484832347727,-7.096880026136839,friend,
3.021264977690755,-3.810899201231094,friends,
-4.651852595015017,-4.026361133847405,frowned,
6.910654853740395,7.100160504052828,gasped,
5.086156843739386,2.93362287847763,gathered,
7.4395658894780015,6.9339036589180925,gave,
-3.3414668887240864,-0.291667202215373,gaze,
4.010475759875725,3.3953735142570003,gazed,
-5.5730807099563755,-7.010469548053565,get,
-5.092493476995825,-5.404650239370951,gets,
-4.079391599844932,-2.085120031598228,getting,
9.08579022657035,9.995071419882413,girl,girl
-3.481295195356683,1.036187866555164,give,
-5.082151264918542,4.621371051934263,given,
-3.0765678147222295,1.1123725579222825,gives,
-2.072127062663924,3.6720377351783937,giving,
6.531700701476194,5.616958970271785,glad,
1.5810305299413923,5.911784375479858,glance,
-1.7013479221183967,-5.801089723239393,glanced,
-5.861295671477235,-6.769276148984851,glass,
-5.554762342992741,-6.40093822167284,glasses,
3.868922690020953,5.625402093265365,go,
-2.921147999337851,-2.490030904802194,goes,
-4.9912830802378325,1.7732098359457285,going,
-5.741465773286172,6.043415641068225,gone,
0.9934651008619636,5.854866221562579,good,
-6.771964327686025,-7.7745183149317585,got,
-2.3761269096961573,-3.675157127515305,gotten,
-5.419815824686771,-6.463920137673853,grabbed,
-3.63208663650506,-3.5174495591897794,grandfather,
7.7749134859127205,6.903518507530851,grandmother,
-4.563265883411412,-5.264150422925357,grasped,
-2.6494975040828534,4.134182260524918,greeted,
4.716752550904438,5.509389696799586,grew,
-8.371444633306156,-9.101881260675908,grinned,grinned
-6.499905106391514,-6.799471613511868,groaned,
-7.397103851869262,-8.112611944682497,growled,
4.289415339077725,5.724044076923954,grown,
-7.27427215940316,-8.088269855239162,grunted,
1.8440529767542417,-2.8181767826727038,guessed,
1.5575090935549158,-4.785196120771879,guest,
4.583020977008759,4.664112068005733,guests,
-7.93111796485556,-8.80501490689724,gun,
5.447014705310211,-2.215088231245991,had,
9.882725789798005,10.642799515165988,hair,hair
3.8313098364559823,4.823415061041133,half,
6.354042534083323,7.0518656062859675,hand,
-5.2798770479607375,-5.836386297528395,handed,
5.166852899726789,6.434672923018674,handkerchief,
7.4653777835308714,7.360715042000084,hands,
-2.776605453571517,-2.5328044488361665,happened,
6.759947198219099,7.789946300894907,happiness,
7.446121694507424,8.03009383079383,happy,
-4.866599827498763,-2.4014780518526586,has,
2.807598636524436,0.3194629282201661,hastened,
-7.361467059136866,-8.386140039760114,hat,
5.38201452520761,5.645655957399833,hated,
4.634748061520315,3.9054746539380307,have,
3.2555446834840764,4.761255383381829,having,
6.3781098109426315,-5.7984753181952735,head,head
5.105263873640731,6.201576457269349,health,
6.546421352620201,-3.37145232856158,hear,
7.830494742941773,-4.593461818036895,heard,heard
8.904030370804627,8.748323091163694,heart,
-2.367821304876515,-5.228550818821337,heels,
-5.404466120310006,-1.8934442064360175,held,
4.48930316684103,4.966230188973096,help,
-5.798777468985154,-3.1143619959383355,helped,
3.8444506340776363,4.374242219605604,hesitated,
7.094620261104607,8.040955026364076,hips,
-5.973878081013435,-7.292718685452848,hit,
-4.256346902461883,-4.0129905905669245,hold,
-3.7254686544299593,3.734781290257853,holding,
7.062210992403692,8.075421932059818,home,
3.6109564523992708,1.5948629238349028,hope,
5.291099720084191,-3.1456260282525816,hoped,
-0.8463959132638854,-2.7026265611482256,hopes,
-8.792282619181467,-9.199926165883879,horse,horse
-1.528875243656527,5.980007604661876,house,
3.761520762481008,-1.3973856881058695,hung,
5.81332868076906,4.8848753909471565,hurried,
-4.509162584281106,-3.866420756372714,hurt,
11.506640437099414,12.304170052019202,husband,husband
-2.0745729620788924,6.973776771937327,idea,
-1.7113637241808832,-1.812595627626658,ignored,
5.669102243517374,0.672613145817065,imagination,
5.9256017912273045,2.764480100936911,imagine,
6.4431106185664335,-0.29558342067592347,imagined,
-3.0890888691527687,0.4135487079510872,informed,
-4.686849067917413,-2.632497562751048,inquired,
0.7191834604175168,6.605024580423132,insisted,
-4.588120990798405,-5.443883491580646,intended,
-3.308377295614108,3.254459374923461,interest,
-4.077474896901405,1.5892524249056124,interested,
-2.1391938695297816,5.179441949664683,interrupted,
-4.471201612716181,-4.0756942368025735,introduced,
0.06972747695650756,4.108283830032068,invited,
-6.728205072622987,3.1519884671090437,is,
-7.371556176636969,-8.195744659888932,jacket,
-6.623958232558808,-7.212564820919347,jaw,
-5.075255946140652,-6.571274768883752,jerked,
-4.952758443384101,-6.242441120522392,job,
-5.567146714965069,-4.545417226431061,joined,
-3.2061339131095745,-5.200240502966143,journey,
-3.2990117816439377,-5.760213090600602,jumped,
-0.18350329910550345,-2.300246364529731,keep,
-3.119526944761855,0.5198693043422294,keeps,
-4.426220477570193,0.17576917888550772,kept,
-5.080521525906676,-6.229146760122718,kicked,
-7.231948902109792,-7.673423893271656,killed,
-4.282609362041849,4.110581275369905,kind,
-5.753980757682217,7.72205741814843,kissed,kissed
-5.187651519286092,-5.309166105308346,knee,
5.974182941724534,5.168848682286972,knees,
4.85119092873994,5.191711299621393,knelt,
7.7045503755925,0.9449244435595627,knew,
-7.023252593771929,-7.834030077234346,knife,
-5.033278900761887,-6.279645407503044,knocked,
4.401649218540208,5.280408108773029,know,
-1.9416604351389937,-4.1355789500918325,knowledge,
5.1482714847754405,4.092443537167001,known,
-4.821864863377235,-3.6537307548737057,knows,
6.362158719197672,7.696230512778062,lady,
2.255634845370642,2.2468047136092957,laid,
8.801359186673201,8.954786236186566,lap,
6.449016407875726,7.477847751434759,laugh,
2.8812047649951578,7.659211215289889,laughed,
3.6600398681287247,6.405180279126135,laughing,
6.123172062053164,4.791685924926506,lay,
-2.6116029179844102,1.334300377496396,leaned,
-4.057837970167213,3.951998492399356,leaning,
-6.268216144052539,-7.0535030325451356,leapt,
5.611391649482863,-3.4508397104336326,learned,learned
-5.587419904027271,-1.2650145292299462,leave,
-3.4389930126309385,3.7407737216075585,leaving,
-5.999575085652602,-5.177365080019452,led,
-6.481762624341637,-4.292177676621149,left,
-6.7524644375458225,-7.337364125453698,leg,
4.235910304702842,4.883996783486863,legs,
2.360336996296628,5.414857935178384,let,
3.573472644639075,6.973485760417307,letter,
1.5457697231290057,6.145374795058419,letters,
7.37639707315037,6.284873046297894,life,
-3.246589651333852,-2.6556905989937345,lifted,
4.292823240040195,5.690298558114866,like,
4.3882142349292295,6.64428068368317,liked,
-4.294937395873089,4.933767345404186,likes,
6.176912481673977,6.783020936855841,lip,
7.275544984266552,8.66828729454947,lips,
3.4570334990319163,4.556662125333746,listen,
5.267385909464706,3.198566230744295,listened,
2.3055121462195682,4.866201727582016,listening,
-5.676918673347629,-6.491900857984284,lit,
3.4725192945676264,4.855008133612956,live,
4.43595026046167,6.314030727767469,lived,
-2.538549395024055,2.5573679423193334,lives,
4.339437281715658,6.101984246833731,living,
6.634957366177987,5.700757135309302,longed,
5.307847345939258,7.117187648869404,look,
5.629814669824457,6.474356031460859,looked,
-3.386794571468248,6.395889029638401,looking,
3.8586115211794687,6.720787172905365,looks,
-2.884317818820483,-4.411612460001024,lose,
-2.9791795527062073,-5.641833172992522,lost,
1.1032050356250727,8.493658881144366,love,
5.91129117974869,8.475339868089112,loved,
8.888537529596046,9.874572064991353,lover,
-4.160417478932222,6.765628732101142,loves,
-2.431334564805507,-2.89678118739689,lowered,
0.5875733346296215,5.120753465628715,lying,
-5.458287120105199,-4.94406736935737,made,
-4.352107042967899,-5.366460629422693,make,
-1.5594741360283861,-3.039710407868766,makes,
-4.027419036444092,-0.013840309727361076,making,
-10.494131719188683,-10.476609583678894,man,man
3.0618108442188348,-4.355140442384004,managed,
-3.725742072063563,4.668183289528859,manner,
6.731681660893053,7.9983343147249535,marriage,
4.963921258447474,7.948111009823051,married,
3.987421237371003,7.650707818449402,marry,
-8.792076492294884,-8.818620088109313,master,
-3.873559347249358,3.256612791724352,mean,
-4.261852590732308,-2.397555385603144,means,
-5.045831318537503,4.8413324807956,meant,meant
1.7948726147302683,3.7125484973427287,meet,
3.0167648230967967,-3.484661983021508,memory,
-8.74952297856317,-9.587889153250892,men,
-3.837233247984532,3.1937949086076256,mentioned,
3.486476014565932,4.504033869857929,met,
7.4099162998905514,-4.451021744598173,mind,mind
4.678751740895792,-1.1125628080784935,missed,
7.763361820430358,8.452319757624391,mistress,
-2.7495800252260993,-6.835357175652351,money,
2.2202788377513256,4.98473615088736,mood,
7.6566729717106705,8.385348697744435,more,
9.938017208488832,10.310089204551856,mother,mother
2.888875832550785,0.5273200140853673,mouth,
0.6236012393171299,-2.1138050353193414,move,
3.489180618845376,4.533123372133194,moved,
2.8701343235520125,4.153961300588665,movements,
6.640366524728975,7.299202620513907,much,
-5.838758257714623,-6.759007868763862,mumbled,
6.486484388615465,7.889922810452522,murmured,
-7.551202999637782,-8.463374030803777,muttered,
-6.112586216675833,-2.7193339505471634,name,
4.500908965696924,6.078830776858055,nature,
5.051623454430271,4.235091866266383,neck,
4.153335073013389,2.2613209398695275,need,
5.108027568728902,-0.9196047768724146,needed,
3.17089825851383,2.836958403881518,needs,
-6.035343427733163,-4.925076576795217,nephew,
5.582719051542705,3.9908317139513305,nerves,
7.415378146428186,7.754190627944217,niece,
-5.995117462319424,-7.4329699694784885,nodded,
3.0848455915482713,-4.493124664457373,nose,
-3.0122798734292706,-4.989826495737452,nostrils,
-2.3818958494606925,-5.971069292370941,noted,
-0.7284422891321798,3.6875162457273487,notice,
4.573054875388126,-5.631320221904993,noticed,noticed
-4.809567990580945,-5.859612993751793,observed,
-5.886579133117934,-5.103596218882352,offer,
-6.474176349638363,-5.586289393656404,offered,
-8.699368110566793,-9.263065960131144,office,
-1.4260301108535494,4.20080285857442,old,
5.0162235440449034,6.329002807216406,one,
6.04311466814259,4.835292858597049,opened,
-3.4582452528344563,-2.9580745658309566,opinion,
-6.692835437092143,-7.897461083221646,ordered,
5.92942861869098,4.662651572108207,own,
-6.476888623111305,-6.792169743367087,paid,
-3.3231992605899188,-5.300816646634106,palm,
-7.149950337220607,-7.758535128589533,pants,
7.390061048589318,8.440705237292066,parents,
3.599828184073442,6.004480234855206,part,
-5.893155444918444,-6.781548530524235,partner,
1.8057129504255733,-3.2631597603268654,party,
1.5957074487590597,0.291088262339515,pass,
-2.089522087837903,-5.390898995370661,passed,
-1.6886224395463179,3.077996159049327,patted,
-3.808724567010345,-6.326076374624283,paused,
-6.08385521337345,-6.39699314887811,pay,
1.393723199077267,-5.465046689410599,peered,
-5.682245702633244,-6.076713103789162,people,
2.16675871662493,-2.861843202754369,perceived,
0.6112836492632988,4.648344187657143,persisted,
5.100154263930354,6.704509222123057,person,
-3.3851023637821753,-6.685444334919196,picked,
-8.969206049686006,-9.415841852332218,pipe,pipe
-3.9870494319313217,-4.309839825586672,place,
-1.5338351347838433,-0.10737646596964259,placed,
-3.889072122472211,-6.270194111148506,plan,
0.7770087646280953,-3.8612920080258073,planned,
-4.517089538852081,-5.5817067651046575,plans,
-2.4580276197957533,-0.4988868539496943,plate,
-4.698371104807086,-4.239992462742318,play,
-3.290675420038535,-0.5819804580431522,played,
-4.060815703478697,2.401057598125825,playing,
4.716617631534174,6.408029872328171,pleaded,
-2.3068689336502546,3.2505521144064713,please,
1.510429841464031,4.461952801564845,pleased,
-9.106485362659862,-10.143865157715,pocket,pocket
-8.561892014995536,-8.924472055068708,pockets,
-0.7011614941908199,-3.900462643297848,point,
-5.864030539414896,-6.973571893003275,pointed,
-2.4340617477224606,-5.460014321435034,position,
3.3686717912418658,2.805895454418513,possessed,
3.722485840674158,2.8560702141136716,poured,
-2.240467023104294,-3.7809338681956692,power,
6.24873650357766,5.899270186585421,prayed,
-0.2836356580610119,2.4965141478529564,preferred,
5.01897040607595,5.167577209481095,prepared,
-0.4667162772817958,7.11390511917854,presence,
-4.937005780466813,-4.243621315821401,presented,
3.8490775536844044,5.368493759698506,pressed,
2.633456066889836,4.11445322151245,pretended,
3.21129529819169,5.522518373427041,pride,
-4.125431935069147,-6.256149830027135,proceeded,
-5.023953072991286,-5.814409115126248,produced,
-1.3841702685720982,0.4031376263821017,promise,
-5.12818857699979,-3.9557655872701663,promised,
-6.288011121162965,-6.268378820399924,proposed,
4.857168172226974,5.532400091882659,protested,
-2.6377254161652597,4.173787634004391,proud,
-5.748207456823326,-6.95508437116678,pulled,
8.53818246710535,9.134431555614677,purse,purse
-3.4599446222644006,-5.498184433118672,pushed,
2.9740319881489157,4.959465522701792,put,
3.426474082715478,5.590121697676612,question,
-4.1872871813346855,-4.8777660192414265,raised,
6.917731989368456,5.314260949442423,ran,
2.54805439080813,1.2246970864720264,rang,
-3.707951289525743,-5.114832269249844,reach,
-4.982124602652558,-7.255597062374307,reached,
5.960392131407,3.440255510736071,read,
2.668068454790907,4.934553366229661,reading,
5.070879452572399,4.1068138690695015,ready,
3.770758855441882,3.670067651857248,realise,
6.541730274840948,-5.806406686632888,realised,realised
4.399215008923389,-4.568097047625717,recalled,
4.082760977912812,-2.7169034046789173,received,
2.6529577418327586,-5.747045466219743,recognised,
3.7476384759834307,4.959337615772792,recovered,
2.7127190227752442,-5.581596282457686,reflected,
4.756445857470805,6.577258964250117,refused,
-3.0503816080483457,3.486671662694444,regarded,
-2.515479188017548,2.0241726318386006,remained,
-5.100915781036662,-4.621151219814051,remarked,
6.077033823881572,-3.085824618724932,remember,
7.119700739938732,-5.549768314676558,remembered,remembered
4.0001228777954925,5.079690465672562,reminded,
-3.1915282202319872,-4.864196665146772,removed,
0.6381697673717853,3.785318505885439,repeated,
-3.7259049102804718,3.5246909529775055,replied,
2.413804894009219,4.9084177953150405,reply,
1.4129011095196367,-4.321501924160922,resolved,
0.6471574487311456,3.688646000738881,responded,
-2.706247368701177,-3.5757380503065823,resumed,
2.6654138552487447,4.495698244882638,retired,
3.9001754312643446,5.306278922569873,retorted,
-6.708425910664464,-5.208335016636001,return,
-6.233034422512834,-4.399596896758596,returned,
4.152570897918032,3.8649233482582033,right,
-7.535053783797304,-7.99185303401457,rode,
-4.28896093171923,-5.877709374817204,rolled,
8.721001123385275,8.795197463571517,room,
5.073487857650633,5.456035701962954,rose,
3.3756631744816006,4.986694971420587,round,
-5.548656859575353,-6.740950733969177,rubbed,
2.0893456963918364,-3.3165865913798385,run,
-1.0160428627909033,-2.7853864062830467,running,
1.417840856609588,2.5263031629746995,rushed,
-1.2178522703720709,-1.5880188164335702,s,
-7.870889679009352,6.602525383587161,said,said
-1.6487359377776525,-3.5415821057177905,said-able,
-4.186661831128426,-5.09780894610578,said-above,
0.36447029517279445,1.6999027862889597,said-absolutely,
-3.3829828638323014,-3.0321560315144604,said-accept,
-3.4695584080239117,-4.584478302067302,said-account,
-5.04241249424525,-5.676097066079916,said-across,
-4.0181674121455355,-4.141524604979419,said-act,
1.8106876210669007,-1.6024140292969307,said-actually,
-4.324371872414643,-3.8572672589434247,said-admit,
-2.899876750624702,-4.477820680954377,said-advice,
5.013743022288249,6.48661094973835,said-afraid,
4.021226008080109,3.8680344398204056,said-afternoon,
1.1905144779854573,2.810940176836579,said-age,
-3.2648243622345485,-3.3161995681433116,said-ago,
-3.8765392650954302,-4.78695866144867,said-agree,
-5.492975266922189,-4.457759445277083,said-ah,
-4.9299622537828585,-6.36880300761238,said-ahead,
-6.235925063073984,-7.821081039769385,said-ai,
-3.222140607785317,-4.947492702899735,said-air,
-3.6957537237217744,-4.384325801515528,said-alive,
-2.759569325008628,-3.8625300453226394,said-allow,
3.6717361873020615,4.677259464125268,said-almost,
3.3589024056904653,6.120209876193589,said-alone,
-5.257217750395241,-6.346778577781625,said-along,
-4.282222642131226,-3.916232052235666,said-already,
-5.421578689773172,-6.05218711717853,said-also,
1.322282735078889,-2.406923724280943,said-although,
-4.321517131345012,-5.847911984186601,said-american,
4.229521489067295,6.216976146688023,said-angry,
-4.539756977859535,-3.7950811212747544,said-answer,
-3.351640440934948,4.35114108080586,said-answered,
4.013780055104306,1.7718822073747285,said-anybody,
-1.3893380353179525,-3.7808811411339964,said-anyhow,
0.1406169127596628,3.0274567111529054,said-anyone,
5.250248430353099,5.612425382525028,said-anything,
3.007038458383048,1.0356711241736547,said-anyway,
1.0215964616719915,0.02432131217720417,said-anywhere,
-4.175221310853899,-3.4813649713452293,said-arm,
-3.332145401039267,-2.6150894762155428,said-arms,
-6.03628934102392,-7.127214617573078,said-army,
-5.32706902345875,-6.582715031530227,said-around,
-5.1254475141376155,-4.578646679609435,said-art,
-0.8481953039134333,3.95526860332159,said-ask,
-0.4050237083975017,4.033708749211593,said-asked,
-1.4487999501472795,-0.1869481515818576,said-asking,
-0.3439723128156676,-3.597726683945622,said-attention,
7.6951900053210585,8.031682046066674,said-aunt,
4.073408225223279,5.532413190573549,said-away,
5.916760075538081,6.977132806002579,said-awful,
6.73600307806102,7.614351573636407,said-baby,
-5.394649958013101,-5.48356025000174,said-back,
-3.0145721892053574,-4.327290629347678,said-bad,
-4.914783382576968,-5.948881984074213,said-bank,
4.338587762307947,4.786676106290621,said-bear,
-5.0112728328886575,-5.901482995028035,said-beat,
5.724267201999422,7.224582956852917,said-beautiful,
1.6321829580531466,4.705675994484627,said-beauty,
5.269723511766623,6.016802694563451,said-because,
-2.865098835445172,0.5769776990292831,said-become,
5.51160693788469,6.507568467701471,said-bed,
-3.8121845998741932,-3.155909648964981,said-beg,
-2.5737526397224797,-2.0034191855720604,said-began,
1.7014182193511,-1.860928677770572,said-begin,
-1.9426524977872206,-1.4133351733798245,said-beginning,
-4.652236615164948,-6.039555150507611,said-behind,
2.3256558513819243,4.718823516970567,said-believe,
3.5753838741702975,3.480756212832561,said-besides,
-2.2934886772899024,-4.571988763328444,said-best,
-5.163430125251828,-5.823566567642196,said-bet,
-3.165138884323107,-3.12355500177398,said-better,
-4.832712679747031,-4.996138456234,said-between,
-4.320000394326657,-4.428636665756714,said-beyond,
-4.672372989475803,-6.119069067452503,said-big,
-4.387688225045992,-5.856073029156,said-bill,
-3.7202290009798613,-4.972609694892812,said-bit,
-2.7742812349651063,-5.0907098011401795,said-black,
-0.18373234261250185,3.482834834149138,said-blame,
-1.0754696597925317,3.660029746510567,said-bless,
-5.933104881427122,-5.894509214521721,said-blood,
4.35725278930642,-1.5780967660401815,said-blue,
-5.505616011270825,-6.473480096809936,said-boat,
-5.029765034810559,-5.3790050152719076,said-body,
2.692044209346856,-1.901701736004369,said-book,
2.9615909314396216,-0.9928840139030061,said-books,
1.1116230797649715,2.793849970234099,said-born,
0.5916593869501943,-3.5201808955037843,said-box,
-7.230309822875161,-6.835096100203971,said-boy,
-4.9887337497027096,-6.91448336724364,said-boys,
-3.0863652078804154,-4.604117421183642,said-break,
4.231953455419637,4.117038861187893,said-breakfast,
-3.1246488000081003,-3.6197023114024085,said-bring,
-2.385243923505179,-2.181348269007244,said-broken,
-5.399684718503104,-2.9074531438901463,said-brother,
-2.0675822884618253,-0.15829223317342397,said-brought,
-6.991651301836512,-7.452412984363924,said-business,
2.495537841191855,4.294373521250932,said-busy,
-2.1434913665875497,-4.658612022404855,said-buy,
-2.477355365190242,-2.701294966801658,said-call,
-2.176867906141384,-2.8219734664776324,said-called,
-5.430204308152157,-7.4264259945147275,said-captain,
-4.6323058113356375,-4.04725308262069,said-car,
5.084237805069431,5.810837551253954,said-care,
1.785717057826372,0.4265937219701816,said-careful,
-4.590725198736,-5.688580481961666,said-carry,
-6.071756923590869,-6.982222731351954,said-case,
-4.699650947147317,-5.295711597113353,said-catch,
-4.127019358414997,-4.868336366135313,said-caught,
-4.837925404885376,-4.681727689969808,said-cause,
-4.6800420156171425,-5.3010633352656376,said-certain,
2.788138216859022,1.948216493927204,said-certainly,
-5.468099737803701,-6.312993686327582,said-chance,
0.1293448093075996,3.477472745271032,said-change,
1.509844000072738,3.854245502753714,said-changed,
-2.317857562924009,-2.294452370174652,said-character,
-5.14181260920317,-6.3434634962126015,said-charge,
-5.932475542823737,-7.1267263027850385,said-chief,
7.452049286342206,8.45982261273729,said-child,
7.000494069076621,7.449438210464274,said-children,
-6.15601274510112,-7.0471448497209375,said-christ,
-1.4566552385481486,-2.3495341187646153,said-church,
-5.4168742818755815,-6.010630478792431,said-city,
-0.8201450801020719,-4.053510017026836,said-clean,
-5.372337288225793,-6.316778958394944,said-clear,
-4.288335254383792,-5.694141951122326,said-close,
5.184115307320484,4.606538663214343,said-clothes,
3.6541736326328342,4.741201910914497,said-coffee,
3.747577773607267,4.835228366495729,said-cold,
-2.6020103363371065,-6.48160105067052,said-colonel,
-1.0542657834905746,-3.4007372686338297,said-common,
-4.495533626499177,-5.9884571152590516,said-company,
-3.5696404487519806,-4.35645672620695,said-consider,
-4.13104546636605,-5.014893786427637,said-count,
-6.1505439765935055,-7.0291102477403875,said-country,
-5.078693199445831,-6.2563126771534066,said-couple,
5.633859359989219,6.303844979904998,said-course,
-5.323570483516784,-5.90612040513997,said-court,
5.145382092608462,6.162829125080585,said-cousin,
-0.5645735528278909,-0.8041290564872424,said-crazy,
-1.655373777936509,0.21219122940166812,said-cried,
2.3563649342684894,-3.1275808993738035,said-cross,
4.2514042801931415,5.69066750279359,said-cry,
-5.17528504117951,-6.476917310094931,said-cut,
-4.817915074705656,-1.0607116896758546,said-dad,
5.994387990008385,7.871310707777453,said-daddy,
-7.001682696294841,-7.670619136692965,said-damn,
-7.131323163054138,-7.556001221462609,said-damned,
3.266821595075037,6.401058872539736,said-dance,
-4.166128747987728,-3.1257387511629657,said-danger,
4.391642550074978,5.674159449153724,said-dare,
-1.213803657556257,-2.0287599020206626,said-dark,
7.017408842515292,9.056774972147242,said-darling,
4.3355641696455995,6.171402840858271,said-daughter,
-1.952610683453571,2.0375676236977913,said-day,
-4.017176861925208,-4.795042917023203,said-days,
-5.538243483344033,-6.34637471096887,said-de,
-4.9973996005613275,-5.608174135737822,said-dead,
1.2172192194897655,-5.0368470259915465,said-deal,
9.055695388652007,9.840258287135653,said-dear,
-5.028830736771763,-4.777078396999465,said-death,
-4.728024038421415,-1.301911458923113,said-decided,
-3.3993770847923854,-3.650563542415353,said-deep,
-3.590218162878444,-2.8242446479698873,said-desire,
-6.9432441070150706,-7.174819139487252,said-devil,
-0.2917733171786388,-3.303896715363464,said-die,
2.0481226653655846,3.330495670130289,said-died,
1.7446942928633848,2.9453969801022866,said-difference,
4.58748345129371,4.219337857578682,said-different,
-5.859785044036281,4.156169598197939,said-difficult,
5.334305244718875,6.373332352984665,said-dinner,
3.4310814574696673,3.5408411035323955,said-doctor,
-5.548572623770554,-6.282206994454175,said-dog,
-2.1099247209413625,1.1007077435989192,said-doing,
-3.36825875722337,-6.454644907749622,said-dollars,
-4.509216219877949,-4.8270447075078415,said-done,
0.8613896218510051,-0.5513407285541694,said-door,
-4.926994125497394,-5.299670997936188,said-doubt,
3.0844941250154925,3.450487606528731,said-dr.,
2.7681060166525366,4.644347710443397,said-dream,
7.266304629630538,7.1544385099860275,said-dress,
-5.549745703856462,-5.621986879074005,said-drink,
-2.6271656351733474,0.296974288702443,said-drive,
-4.129278033181395,-5.461979189891446,said-drop,
-3.9127200086992358,-4.219103369952286,said-during,
-1.677000286321707,-4.05102783938352,said-duty,
0.6473002991317488,1.8389258630423837,said-early,
-4.003194739318299,-3.340731964884827,said-earth,
-2.471936524195359,-3.3010654787573466,said-easily,
-4.94476726344901,-6.041034645410217,said-easy,
2.5406861196838726,3.066985013749961,said-eat,
-6.876101007048619,-7.545363581548806,said-eh,
-3.0540678762163025,-5.464325304433826,said-eight,
-1.803147386308434,-4.145670108662503,said-either,
2.0746567059135534,3.331989405930396,said-else,
-4.735307862817952,-5.326263727457805,said-end,
-4.14652554455596,-4.8227283063257556,said-english,
4.029046835742642,3.7388018414005235,said-enjoy,
-4.863687657345965,-5.773381063095071,said-enough,
-5.488237880098649,-5.348296454688807,said-er,
0.29101793172476664,-2.1920324823510526,said-especially,
-2.90975772594756,4.385287352793648,said-evening,
4.91998792566921,5.684387958877965,said-ever,
4.637565272125856,2.6579473253729127,said-everybody,
2.671375221525849,3.3899135332939907,said-everyone,
5.361599999071683,6.008788339549919,said-everything,
-3.8777380197538647,-0.4515645062933962,said-evil,
1.612528851128173,-2.715128333459738,said-exactly,
1.3351478205003686,1.9386020186110353,said-except,
0.45788558617818664,0.9791924586800922,said-excuse,
2.8169471185847423,2.058846956767415,said-expect,
-1.669864413559886,2.450258393069041,said-expected,
-1.5665465592520145,-3.791845360695609,said-experience,
-2.8213739901716917,-2.2478911948564715,said-explain,
-4.845414695210971,-5.511333265898172,said-eye,
-1.4500670265270208,4.748328284337637,said-eyes,
-3.325576029696794,3.497976534594167,said-face,
-5.865365881621562,-6.423517731433571,said-fact,
-4.771435896274032,-4.611950277868425,said-fair,
-4.856978983010504,-4.833544528921321,said-faith,
-1.8756735787508076,-3.8538357790389224,said-fall,
0.7875949964960416,4.5695791075034515,said-family,
1.920993710646431,3.6585117668347675,said-fancy,
-5.0173882912856795,-5.508683005269077,said-far,
-3.9410888732845706,-5.693861097986828,said-fast,
4.475173631408945,7.803928253693353,said-father,
3.412531256212814,5.147833878081701,said-fault,
-3.439586504696555,-0.6392097093530552,said-fear,
6.446828818089124,7.084951981549936,said-feel,
2.148529532570263,4.778999273188299,said-feeling,
2.5744410196844223,4.896146320227684,said-feelings,
-4.093712050447311,-5.350505541273115,said-feet,
-3.622378254123481,-2.822590971359925,said-fell,
-8.191330659511642,-8.24305491699545,said-fellow,
3.7302405102312752,5.480082305238636,said-felt,
-4.824631537073232,-5.919374487392871,said-few,
-4.667381588307377,-6.440230748266108,said-fifty,
-6.416603309616407,-7.19361795502879,said-fight,
-3.7232620309991438,-5.287165227606288,said-figure,
-5.192862988517748,-5.950934076056443,said-find,
-4.2964662578879285,-4.6628046472993985,said-fine,
-1.0840176483858117,-0.8658957888480918,said-finished,
-5.163103242796103,-6.536411599982551,said-fire,
-5.0560172513564,-5.583362052705168,said-fish,
-1.7136609351620598,-3.0701212097165715,said-fit,
-4.831542489473242,-6.714627991950362,said-five,
-0.5770872063008542,-1.522493869529951,said-floor,
-1.0661200317082489,-3.7264282633963686,said-folks,
-5.337594207008584,-6.1995550016577,said-follow,
-3.232600617753104,-3.996358544988178,said-food,
-6.036103614568643,-5.032923066458348,said-fool,
-4.028744285069652,-5.2521720329313695,said-foot,
-5.102204000702754,-6.109841426169099,said-force,
1.1075561598075996,3.795429426794526,said-forget,
2.8507796770677403,6.238437579493787,said-forgive,
3.0678988463647943,3.3088318751821473,said-forgot,
-0.8733987932751569,4.0432109039460755,said-forgotten,
-3.582188639648811,-4.852264049456475,said-form,
-3.968107640801486,-4.195206481587448,said-fortune,
-3.7379943480011537,-5.30294674873383,said-forward,
-5.01790218680603,-5.354672334374882,said-found,
-4.166868210879984,-6.503756170343712,said-four,
-4.846374856976039,-4.519096305445685,said-free,
-2.569374051943713,-4.451026045506081,said-french,
-5.5130483002332635,-6.51087318896195,said-friend,
0.893499731139369,-0.5668944190734387,said-friends,
-2.3160530231443257,-4.596981453413384,said-front,
-3.433165432299386,-5.202737005262922,said-full,
5.036230574877505,5.3485005182459675,said-fun,
4.036857250809796,5.019579945973669,said-funny,
-5.31572112776734,-5.750121884501998,said-further,
-3.6653378087871404,-1.9687509807937222,said-future,
-5.844779942001896,-6.8108946766294265,said-game,
4.264998634712829,5.42071776071449,said-garden,
-1.0087585596768944,-1.6598565270405496,said-gave,
-4.1270673025624385,-3.9511142040651586,said-gentleman,
-6.137087741708932,-7.676913419868801,said-gentlemen,
-2.1434621723227254,-3.8509696839800567,said-getting,
5.857398876021799,7.636224202642029,said-girl,
7.066823204782952,7.09403598543703,said-girls,
-5.266581825997857,-6.303332711102807,said-give,
-4.10537190192503,-3.4537471952143264,said-given,
9.302964134516712,-3.040669107952311,said-gives,
2.1414991703670294,-2.176134381981527,said-giving,
5.954858052190047,6.333387253517975,said-glad,
-1.319017659433468,-3.4147983374605024,said-glass,
-6.3113391411364494,-5.095179572128138,said-god,
-4.179276917947496,-6.161345706390824,said-goin,
-5.139256676442624,-6.182137551172512,said-gold,
-5.376939149684571,-6.755747496693372,said-gon,
3.1116385612762287,4.110689082213113,said-gone,
3.6160712075619497,5.081438535180461,said-goodbye,
-6.2562430837328655,-7.032031061642163,said-government,
0.7856921378177893,3.8463413368671535,said-grace,
0.9217590623925345,-2.4758910659938618,said-grand,
1.3917252043835042,-2.896224048032826,said-green,
-5.394416191275928,-6.2344086511701065,said-ground,
2.567420167891764,2.637908650109093,said-grow,
-1.8628997815867936,-5.536045523384675,said-guess,
-6.25336202467197,-7.302771254425954,said-gun,
-5.806139328799471,-6.47581683019789,said-ha,
5.7866315511493465,6.105359032738347,said-hair,
-3.4747652774962656,-5.745670441492437,said-half,
-2.364108217532151,0.8612118960746729,said-hall,
-5.998552861110036,-6.30149601850235,said-hand,
-5.142409347637025,-5.767597463512334,said-hands,
-5.173002707789783,-6.090048684875163,said-hang,
0.6363299364504057,2.3892387167156652,said-happen,
0.7525784155106559,4.3872432478367696,said-happened,
-2.7390007728746446,-3.099727791018784,said-happens,
4.293601002735601,6.297630607365977,said-happiness,
6.46241862437833,7.4891307178025865,said-happy,
0.8953655731291942,-2.8178437979788398,said-hard,
2.555543211633618,3.3804066827170147,said-hardly,
-1.3482987318871982,-1.1301902482369817,said-harm,
5.698493212458889,6.6511791380803045,said-hate,
-5.1807260978940395,-6.1369770276229945,said-head,
-0.660599979188518,-2.064289867261999,said-hear,
-2.284570229932515,-2.9799554034967928,said-heard,
3.7199385330022867,6.591772973804224,said-heart,
-0.9284240723169561,4.303222372816678,said-heaven,
-4.395685692414184,-4.31655480220431,said-held,
-7.619841187761296,-8.538450099657851,said-hell,
-0.047249769514066946,-3.2714464092473654,said-hello,
4.863473515966393,4.805175316337527,said-help,
-7.1754652172984255,-7.721245976176873,said-hey,
-4.206723662776515,-5.5842693787713955,said-high,
-5.538544172892959,-6.691019852693781,said-hit,
-6.001727593916352,-6.846472016066609,said-hold,
-4.747080312275279,-5.397971257128399,said-holy,
5.800474556314973,6.972755740058789,said-home,
-4.7778753826165214,-4.520296425127321,said-honest,
5.410744203651884,7.4091742201847,said-honey,
-6.2206399804279515,-6.013444531640532,said-honour,
4.252936037556368,5.639857071951884,said-hope,
-6.663837111936317,-7.0341849120333215,said-horse,
-5.680283435013144,-6.233925169360149,said-horses,
2.8482930498223467,-1.8202943291111018,said-hot,
-2.95473433075019,-2.0813067692982323,said-hotel,
-3.9514410310999666,-4.708606696594177,said-hour,
-3.8811109068412786,-5.0947674828175185,said-hours,
4.720635610696218,6.175744214641024,said-house,
-4.974981903621269,-5.241449461584771,said-human,
-6.027542589737037,-7.605503589943868,said-hundred,
1.4392584024745367,-2.091058094653093,said-hurry,
3.3105029293548234,4.741056221541939,said-hurt,
7.42663237625571,8.884843964681615,said-husband,
-3.06785339462802,-4.1841244738483105,said-idea,
4.519517659800933,5.499339243152888,said-ill,
3.975756655571072,4.7840768020313025,said-imagine,
-2.878586740807108,-3.9496358355312,said-important,
-1.5636810392498275,2.7787886097408108,said-impossible,
5.607582131957756,5.658299845811482,said-indeed,
-3.8029790780138066,-4.4158972265096255,said-inside,
4.816104626756759,-2.656690036570106,said-instead,
-4.424339815138346,-4.789286187659845,said-interest,
-0.6044132143613827,-2.12034404200733,said-interested,
-1.932481876493302,1.6913379001316278,said-interesting,
-4.367559298940976,-4.934080685191895,said-itself,
-5.237913825263924,-6.3110034725487445,said-jesus,
-5.698414132622852,-6.917085700756039,said-job,
-4.138118470517865,-5.193151363719448,said-join,
-3.8875503730356273,-4.865776040525264,said-judge,
-4.110764169365737,-6.06454165512603,said-keep,
7.274678117348969,1.9680179179487607,said-kept,
-6.434159134508116,-7.0763209496575135,said-kid,
-2.9517144313878205,-0.12948768800201835,said-kids,
-5.475485975136287,-6.343105667347724,said-kill,
-5.234160481180003,-5.641529754955444,said-killed,
4.7792080824041525,4.893171838584969,said-kind,
-7.191554188771181,-7.24185578245488,said-king,
3.0292849904533643,6.991579950097068,said-kiss,
-2.8751309289521965,-0.14448390201851172,said-known,
-2.260684816332045,-2.9114780294708726,said-knows,
-2.849522436960786,-2.371903456200017,said-la,
-6.913105578857344,-7.20420697338688,said-lad,
-2.5226898828077413,2.589625908456836,said-ladies,
5.423619286874617,6.984645630532273,said-lady,
-6.36649401227045,-6.7812172324234385,said-land,
-2.2833866124311957,-5.100639127421489,said-large,
2.30289419631674,4.509814770110016,said-late,
-4.174267122400519,-4.554245411916638,said-later,
2.8582107650983417,3.656332249739795,said-laugh,
-6.013319126026,-6.545818395677232,said-law,
-4.771424034779617,-5.655786341511271,said-lay,
-4.603666754902702,-5.729164040602849,said-lead,
0.24258644084048997,-2.632998662138356,said-learn,
-2.2199960156996856,-3.502496380125893,said-learned,
3.0628381976732206,3.979522365083327,said-least,
-1.947819214265476,3.5168165368420676,said-leave,
-1.1582896833474907,2.734876595647411,said-leaving,
-3.480285365004307,-4.036006380943326,said-left,
2.602123133867471,4.607491262222403,said-letter,
2.813621994815824,2.2875577402005556,said-letters,
-2.4594212564994575,-1.16133916741184,said-lie,
-2.8026358853338458,4.114623598889238,said-life,
-4.275067843598056,-4.550780930705886,said-light,
4.383905203140957,5.637055985286949,said-liked,
-4.172653360227681,-5.267480966543504,said-likely,
4.245757328433681,4.977383922381243,said-likes,
-5.275412228859775,-6.884439969303246,said-line,
-4.193933743678132,-4.436695950878308,said-listen,
4.328022932925359,5.531144535153863,said-live,
3.695947985196451,4.384044227599874,said-lived,
-0.24461517539990268,-0.23413025546205102,said-lives,
0.8988615130799007,3.8427868252929493,said-living,
-1.6631902126314275,-2.820394073231494,said-long,
-2.859334634127,0.5273894609036237,said-longer,
0.9415468038436103,0.709860345604494,said-look,
0.005531134376934593,4.060003598792253,said-looked,
1.5789661717890062,0.6412274756147679,said-looking,
-6.0044073777905975,-5.304148874526162,said-lord,
-4.069481101467309,-4.918303783639352,said-lose,
-3.8638070733013827,-4.585381906672376,said-lost,
-5.0043914059376435,-5.396387824645254,said-lot,
6.95883996666341,9.138496202456968,said-love,
5.187838597977887,7.165945307490775,said-loved,
7.174716924727403,7.885872379686056,said-lovely,
-2.7588951163061095,-3.9294532752787106,said-low,
-5.666560152618335,-6.644800539167718,said-luck,
-3.2289458721384654,-4.439595076048246,said-lucky,
4.561842180076966,5.113571598788799,said-lunch,
-3.05689255734941,-2.826837423844895,said-lying,
3.533916669769511,4.971489219968682,said-ma,
5.874773183722624,6.654103214992055,said-ma'am,
-1.6714201949185676,3.288074555301479,said-mad,
4.198581253167854,6.202625850421418,said-madam,
3.062341646264006,5.817305428487267,said-madame,
3.3768159155312882,3.2093528142098657,said-makes,
6.603258040896426,7.285363454753276,said-mama,
7.997033860599677,8.160920132431558,said-mamma,
-1.4715492497406253,-2.6048710093933187,said-manner,
-2.6657904440287226,-4.303129845775365,said-mark,
3.177027151376175,6.384099289716438,said-marriage,
6.621879382040774,7.8111258035351625,said-married,
5.5929110041872505,7.599420189567993,said-marry,
-6.623879843790787,-6.746532838619528,said-master,
-4.357720628439762,-4.501986503594919,said-matter,
-3.9143332577550365,-4.091541528467046,said-matters,
-3.6191018279772638,-5.6331629552559805,said-maybe,
4.808775637026397,6.253730225151054,said-mean,
-3.980721178544983,-4.572141349282275,said-means,
2.3734937018605353,4.968951611588067,said-meant,
-1.7728140595859965,-0.1423122001514431,said-meet,
-2.83936454920106,-4.243046922911154,said-meeting,
-1.0102487848562345,4.548613430628451,said-met,
-4.051812443927516,-5.917871302973831,said-miles,
1.7271283111888605,3.7682898553532156,said-mind,
-4.19775901047829,-3.514399183589708,said-mine,
-0.07957761397087774,-3.6465148844334414,said-minute,
-3.6146172102477454,-5.4731814884655305,said-minutes,
7.177649469272963,8.122054447144677,said-miss,
-1.6807715586024432,-3.2385743092477095,said-mistake,
-4.670820856243942,-2.1432447237582637,said-moment,
-4.857253740169317,-5.675706680159533,said-money,
-5.8399453848347775,-4.845275276442124,said-monsieur,
-0.6041420168138509,-2.5270979289103557,said-month,
-2.1967475503006093,-0.9548089197221943,said-months,
-2.786722950804876,-2.5439683097175974,said-morning,
7.360178328020539,8.712074531405731,said-mother,
-3.979723696791752,-4.856040992583114,said-mouth,
-4.409857271577219,-6.026714085657085,said-move,
8.069799370825919,8.918257450126475,said-mrs.,
-5.924393539804116,-6.1738981462213465,said-murder,
2.07130352482464,4.850970128668385,said-music,
-5.384160300444188,-6.688998238116929,said-na,
-5.365702292906824,-6.04999025346393,said-name,
1.8487255665300417,3.0847421614840353,said-natural,
-3.789054531868604,-3.428652580120595,said-nature,
-3.3214935681736937,-4.569667501873104,said-near,
2.233143968091732,0.7355450048897644,said-nearly,
-3.8510820066799947,-5.050673760149021,said-necessary,
-3.328677132773542,-3.9044336303643026,said-need,
-2.0656881871977744,-5.446961791630045,said-needs,
-3.0150586146999214,-3.732210341728424,said-neither,
-4.490034337902449,-4.371105191581485,said-news,
-3.4571312845962723,-5.119992003931782,said-next,
7.072672340709694,7.873927632955743,said-nice,
-3.9711867636469207,-1.2446405667351168,said-night,
3.4669053262944525,-2.4236795196154937,said-nobody,
-4.163467239430077,-5.3124382541665485,said-none,
3.8524590942264934,5.382641903415018,said-nonsense,
-2.4084318366316224,2.684267261505779,said-nothing,
1.3542205906141604,-0.557883913368046,said-notice,
4.868157495821702,5.465385551676423,said-nt,
-4.01983155742618,-5.842610941592017,said-number,
-1.00173391535417,-3.488575904304026,said-o'clock,
-4.848075032921319,-5.04639757164377,said-offer,
-5.537164888158795,-6.392226894024667,said-office,
4.439114116794104,5.145536340656099,said-often,
9.33189970632636,10.164169654182285,said-oh,said-oh
-4.425687840058515,-5.979382439955561,said-okay,
-2.6016513025363706,-2.370202387836436,said-once,
1.6138826513092075,-2.779342308340983,said-ones,
-4.006589784526131,-5.480606740568722,said-open,
-4.012456710863991,-5.088417280685736,said-opinion,
-5.272212130322443,-6.751562222247857,said-order,
-5.527698322070978,-6.878084911533171,said-orders,
-3.5600939486706316,-4.362963965002961,said-others,
5.14372425094563,5.172950348373819,said-ought,
-1.385231373463617,-4.043323845341637,said-ourselves,
-3.8872542181202694,-4.9547071201101245,said-outside,
-3.916665420002529,-4.6510835957618974,said-paid,
2.3517758065667373,3.4893537993088732,said-pain,
7.559970951857157,8.109963790125823,said-papa,
-3.7800499558312293,-5.305823792373555,said-paper,
-5.022749453317879,-5.217142116595993,said-papers,
-5.110747923544437,-4.566337109492906,said-pardon,
3.6699519465587223,5.492226093918345,said-parents,
-4.247971997753206,-3.9307391756865457,said-part,
2.1613553304588726,-3.567608521391207,said-party,
-3.870976412099562,-5.455012084337562,said-pass,
-3.6688629957734835,-3.7031925025076444,said-passed,
-3.5820408984618526,-2.0864912534781026,said-past,
-5.052393676840677,-6.163934404207585,said-pay,
-4.6892792046374865,-4.423316945962134,said-peace,
5.159224176479336,2.7165027977726477,said-people,
4.313969906976015,4.707844539383879,said-perfect,
5.5414514470906875,5.953063278878667,said-perfectly,
3.5124145956952137,4.745725179644846,said-perhaps,
5.010374669847359,5.380048077238778,said-person,
-2.7653981560132803,-5.018150760824182,said-pick,
-1.3801876086195355,2.2185631983438716,said-picture,
-3.860642404288125,-5.349715988440358,said-piece,
3.901223465091789,5.0723475387297094,said-pity,
-5.609319639043694,-5.849062629424166,said-place,
-1.2717077688276779,-2.8345660760552955,said-places,
-3.707023713771204,-5.52519738771477,said-plan,
-1.8902841330927713,-1.5958732905525783,said-play,
-1.8067615829189914,-1.3482840987862397,said-playing,
4.184576399805527,3.4864170006050346,said-pleasant,
6.63772142382376,7.747667574376622,said-please,
3.258570792147103,3.582316601952069,said-pleased,
-2.510999626749554,-3.398157329339552,said-pleasure,
-2.7860442406976973,-4.99769327101954,said-plenty,
-5.7013730866494,-6.6494894834007034,said-point,
-5.599491050013217,-6.039985017772291,said-police,
6.971750531667776,8.064379841449338,said-poor,
-4.032192792948216,-4.700722919285003,said-position,
-4.231447624254335,-4.877914924697858,said-possible,
-5.457757959631524,-5.732843152176183,said-power,
4.5374692908936805,4.917474699844937,said-pray,
-4.480172809432349,-5.195113548260486,said-present,
0.41361160517659584,-4.222022762064548,said-pretty,
-5.396103871249842,-4.034483398839055,said-prince,
-4.7119837872735415,-5.454704816128784,said-private,
-3.7251508771378115,-5.100140719276931,said-probably,
-4.88892042221427,-5.616380979459926,said-problem,
1.7765693446243298,5.5275964063829965,said-promise,
2.0593431193029708,4.4668326600192225,said-promised,
2.54026967546328,-2.811965504185366,said-proper,
1.965908299770116,4.125775562038801,said-proud,
-5.022456542893816,-5.30169331891442,said-prove,
-5.219168027563582,-5.786215159585896,said-public,
-4.5219579275049355,-6.1923091980336045,said-pull,
-4.262520010777597,-4.783500759705132,said-purpose,
-3.045065786104666,-5.560738061864468,said-put,
-3.760609516847318,3.496830439000812,said-queen,
-5.496808937321274,-5.885777813330192,said-question,
-3.679605397454774,-4.756929984966854,said-questions,
-2.9414871364402853,-4.907492353308922,said-quick,
-1.3058619692818394,-1.1160054406161097,said-quickly,
2.2515279632319096,2.575742082916444,said-quiet,
6.249126945902549,6.344010488982531,said-quite,
-2.2192437981525783,-2.7243942930024843,said-ran,
2.912946732422459,4.482260116501713,said-rather,
-4.311400992434678,-5.0515626034339585,said-reach,
3.1651451780052775,2.1955402238200206,said-read,
-5.909892684797288,-4.7184647529108865,said-ready,
2.1451515010265094,-0.060141767145312865,said-real,
7.410647488995962,8.113304444484244,said-really,
-4.1366844690322,-3.206626127573914,said-reason,
-3.927978112929074,-3.9538760588700237,said-received,
-5.790679361013099,-6.8989722608531014,said-reckon,
-2.1288704442732427,-5.241038666991548,said-red,
-3.5300571250812545,-2.7816787397543785,said-remain,
2.7270781354070133,3.709383549274323,said-remember,
-3.53147872830514,-3.1810052094049652,said-replied,
-2.862797739538453,-3.2414420514238493,said-respect,
-2.7613495288160106,-4.453710477766015,said-rest,
-4.469944702510533,-4.474403563051023,said-return,
-3.5848897571898193,-3.2525894229059396,said-returned,
-0.36323680061716024,-4.0707254920276394,said-rich,
-4.779889881617812,-5.072202358603858,said-ride,
3.1558034642508703,2.8494853032518277,said-ring,
-5.369885777326093,-6.469729768554204,said-river,
-5.439314045238664,-6.3320126120993505,said-road,
6.035645016140577,6.158200787599683,said-room,
2.5642643447297355,4.030894585436137,said-rose,
-4.590218168012993,-5.426477371251373,said-round,
-3.4704876825640625,-5.953735067025503,said-run,
-3.5799120057446343,-5.222167137314004,said-running,
4.865569927288781,5.909540636844643,said-sad,
-4.193149658015836,-4.882985598361685,said-safe,
-2.07044794147117,3.9567463167794226,said-sake,
-3.6938529254337094,-5.528790015860921,said-same,
0.08314844034031414,2.3576702410133925,said-sat,
-4.002251954567362,-3.377044896130343,said-save,
-2.9459838480871,-2.3326246544453713,said-saved,
5.371131672792125,4.656117219301763,said-school,
-4.311704329886846,-5.593606303422977,said-sea,
-1.3886141050013074,-1.151074290016441,said-secret,
4.072749545163305,4.017701179322181,said-seem,
0.3181333980698565,4.020900502234318,said-seemed,
3.413299776395557,2.9655978662794853,said-seems,
-3.9087429353258134,-3.7729143605841235,said-seen,
-5.061458799372837,-5.689391292516383,said-sell,
-1.8975642425264165,-4.463733486509982,said-send,
-3.480273126992727,-3.520702088255976,said-sense,
-2.13002087506754,-4.170963632562859,said-sent,
-2.318033897164818,-0.6335621451037711,said-serious,
-5.0567929285193545,-6.248644575446328,said-service,
-4.472448735195424,-6.0374770445601005,said-set,
-3.1746824988043714,-5.053789317729863,said-seven,
-3.617205120281029,-5.0476277340371976,said-several,
-3.4777969653173546,-3.9422525799048,said-share,
-6.060809825979414,-7.3260788183389,said-ship,
-5.865285544667208,-7.045094550913854,said-shit,
-6.018563190797405,-7.2328538045860284,said-shoot,
-3.8613746650120366,-5.5023444947509415,said-short,
-6.270466006893919,-7.343753408230121,said-shot,
-4.594210565998066,-5.503350589428421,said-show,
-4.103104671345314,-4.819933028265477,said-shut,
4.398591018556971,4.663594477354237,said-sick,
-5.167656305479953,-6.228501113420812,said-side,
-4.110076881033461,-4.920782272156772,said-sight,
-4.696266223514612,-5.399136886334092,said-sign,
6.37133658601323,7.578984996028202,said-silly,
-3.172211130438439,-3.8990775196955476,said-simple,
4.347327258993846,5.284463461149695,said-simply,
-2.87948614780632,4.451457973603266,said-since,
3.8286105810175237,4.609562665135481,said-sing,
0.08092201614217667,-2.6961747121236903,said-single,
-8.85965960136058,-9.614693498564993,said-sir,said-sir
5.729111033358685,7.058586533045455,said-sister,
4.1897007541294204,5.116474072152073,said-sit,
2.3712433711409373,3.2912209796012255,said-sitting,
-3.627165195048753,-5.017318527120066,said-situation,
-3.7960748703389426,-5.954823501153656,said-six,
3.826007512672158,4.679086740585514,said-sleep,
-4.449543138496804,-5.7129626023328735,said-small,
3.1753411425785187,2.7058127251288706,said-society,
2.282973211373643,-2.1836274082830145,said-somebody,
0.2099845977185879,3.474907924104779,said-someone,
2.092900076523171,5.1890510470841065,said-something,
5.180783385048026,5.97399622894611,said-sometimes,
-2.163350171798738,-1.7995940035065803,said-somewhere,
-7.166925403216198,-6.976238616951746,said-son,
-1.526199400953365,-2.2013510325920653,said-soon,
3.8751678691789584,6.096063016236717,said-sorry,
-3.1752763804633304,-3.4387382980502097,said-sort,
-3.8457585383759065,-0.39606764880262596,said-soul,
-3.0022198887226317,-3.424056453623248,said-sound,
-2.452956120421235,1.3584847788447503,said-sounds,
-4.596424524288946,-5.937969971548473,said-south,
0.9451684536667646,4.872660736325692,said-speak,
-2.022769757036838,-2.5928921213217615,said-speaking,
-1.9419158645738535,-4.270258651547216,said-special,
2.5669333164750996,2.736986747407156,said-spend,
-4.025531831840716,-3.684934983924703,said-spirit,
-0.26092134036989156,2.5493481807465797,said-spoke,
-3.4720579952577504,-3.686206210078291,said-st.,
-4.577089294576912,-5.672194553049013,said-stand,
-3.056919818746808,-3.8748136452439423,said-standing,
-4.787920241513085,-5.760516143477785,said-start,
-3.518364457412475,-4.457536997736758,said-started,
-5.384252049854311,-6.078630205714699,said-state,
4.951952015422026,5.644514693331899,said-stay,
-3.212277170630947,-4.689069495346423,said-step,
-4.906566851720011,-5.9631592112705665,said-stick,
-4.339350122799772,-3.432754543846334,said-stood,
1.5423776417941768,3.5132965511663037,said-stop,
-2.7725498521620713,-2.156320907287925,said-stopped,
-4.051653835381026,-5.273646378874431,said-story,
-3.799083418797594,-5.108839113776054,said-straight,
3.7730790364886793,5.307462827517131,said-strange,
-2.7176253173953047,-4.0204882062049645,said-street,
-2.38889851566274,-3.3041703622198892,said-strength,
-3.0007288353725854,-0.6162922577916361,said-strong,
-5.514150030604414,-6.686260586592966,said-stuff,
4.35238201551195,4.763720262921955,said-stupid,
-1.9153962881137025,-2.408495633875703,said-subject,
-1.217024465373047,1.0769470305302524,said-suddenly,
4.046239604633691,4.5140090426926776,said-summer,
-2.792473077648771,-3.715507633298259,said-sun,
3.988540629975715,4.968619328446983,said-supper,
5.173405144422037,5.903102686253338,said-suppose,
-0.26415913745992853,-2.201302923660647,said-supposed,
5.125660924684796,0.647470010449051,said-sure,
3.4951975892872214,4.750660778389726,said-surely,
-0.7273074600465916,3.0179389310488567,said-surprise,
1.568060188919422,2.3018411757841557,said-surprised,
5.4338254968541015,7.134365526507961,said-sweet,
3.1582251755093873,1.714505777253809,said-table,
-5.434731755398284,-6.843483877308918,said-take,
-3.4382936634246155,-3.9890848698871024,said-taken,
0.23927799079344217,-3.349745041561977,said-takes,
-1.4319635251398728,-3.448534345977055,said-taking,
3.5972660709991393,5.484263276835843,said-talk,
1.5464711422054187,2.9633892160051,said-talked,
1.4653790684929495,3.776322210912236,said-talking,
6.866568265979426,7.387564983324417,said-tea,
1.4787075018715419,-3.2453683905630415,said-teach,
-1.4067241268635173,0.38652544726588683,said-telling,
-4.736479492957958,-6.505904739868301,said-ten,
4.872100286757815,6.651752517201126,said-terrible,
5.731928396746304,6.476426305082833,said-thank,
-4.6447949007957705,-6.076504008515759,said-thanks,
-5.91272992554179,-4.072959470449698,said-thee,
-3.2050900907441267,-4.733960279490958,said-themselves,
-4.398279300052256,-5.712719092410986,said-therefore,
-1.6458574119059908,-4.093979956769745,said-thing,
3.2081058369831106,5.052239981079487,said-thinking,
4.59884000091416,4.537263788662819,said-thinks,
-7.07802975846329,-6.547070832386274,said-thou,
3.351661744908873,0.6430249451581159,said-though,
4.5356755704057825,6.063278078580677,said-thought,
-1.2590533245624957,4.602072388834913,said-thoughts,
-5.970898324566533,-7.239894461491187,said-thousand,
-3.474402450166449,-5.037001073905998,said-throw,
-6.2082749172314,-5.381432943110664,said-thy,
-0.8743368798290545,-2.9950053057865924,said-till,
5.933789496914969,6.525094911917785,said-tired,
-4.741660625173086,-4.2416637073595105,said-tis,
1.1147686048883925,1.3096650145433701,said-today,
-0.6809444244876741,1.9604517907203076,said-together,
3.437843477783107,6.0161337906430745,said-told,
-3.3040692809510106,-4.127488118594439,said-tomorrow,
-2.870960153500762,1.9571512020102184,said-tonight,
-4.497568910334875,-4.537206790667064,said-took,
-3.7818661228784003,-5.600340943993797,said-top,
-2.6684277716741467,-1.5552614023817093,said-touch,
-4.89539752668043,-5.899853848161662,said-town,
-2.5769264402024796,-3.0894974025995268,said-train,
-3.9160979124599113,-4.63174151942019,said-tree,
-2.6903092343578074,-0.8323947371383988,said-tried,
-2.9225883165366344,-4.673143812428913,said-trouble,
-3.0445762249020305,2.597183433612293,said-true,
-4.395671636066659,-2.8765208759695766,said-trust,
-4.609185772742549,-3.632363838930012,said-truth,
2.1336727246781204,-2.9197987546163953,said-try,
-2.0464089137614856,-2.194875472072078,said-trying,
-4.080390813703064,-5.5213114901920815,said-turn,
-4.4291350519927235,-4.077588913343055,said-turned,
-4.313728348251929,-5.9394559411667585,said-twenty,
1.4602129276068792,5.613754516177597,said-uncle,
4.4073509223835305,3.5563132520368304,said-understand,
-3.2617348749404007,-4.007345486741807,said-unless,
-3.2142898735797125,-4.52763579255938,said-until,
-4.183176616523497,-6.067354744018161,said-use,
5.0910216416312695,4.713503427531922,said-used,
-2.161633121226072,-1.4322097616630738,said-usual,
-3.9727775337674025,-4.555779390796201,said-view,
-3.5537449578937204,-4.781323848037737,said-village,
3.5700331249776807,3.7930503100957025,said-visit,
-1.7343311487490622,1.8232104745697235,said-voice,
-3.6476331913420768,-3.273680155375437,said-wait,
-1.5730168107343263,-0.8665788818411962,said-waiting,
2.2145958597098616,2.8167297490144945,said-walk,
-4.492506863601557,-5.555682744923673,said-wall,
2.335300477452866,5.2735522758951054,said-want,
4.179725582078358,5.765814602811565,said-wanted,
2.9645325818600017,3.0734388011487788,said-wants,
-6.094639371620174,-7.029755272507093,said-war,
2.6577668844740514,3.230147839705861,said-warm,
-4.640437882977159,-5.985447202782727,said-watch,
-4.484762820063216,-6.177110767580863,said-water,
0.6762526417594469,-1.0614104176590535,said-ways,
6.214798497435146,5.991600199487222,said-wear,
3.1013788970221365,-0.4266367795618842,said-week,
-3.389883010802912,4.673553631420085,said-weeks,
-4.032583387321668,-3.578846283261349,said-welcome,
-1.6913093958526397,1.963899288956181,said-whatever,
-2.196269409585003,-3.3876302996289738,said-whether,
2.402577102509655,-4.913559985093683,said-white,
-4.879026124656721,-5.849987066650993,said-whole,
5.370261873363591,7.348244474585963,said-why,
-6.677668383565139,-2.3756685618964846,said-wife,
-2.1888649986349558,-2.2806729288914687,said-wild,
-2.9000645687451345,-3.9499484332065506,said-willing,
-4.864068556819823,-5.163024437768763,said-win,
-4.478029347804174,-5.785388620954834,said-wind,
2.332262642722708,3.0969002764846554,said-window,
-4.75700831957431,-4.84417069358503,said-wine,
2.3467640825533507,0.5977576184765993,said-winter,
5.658273813367511,6.1714921859362635,said-wish,
-5.513450972872167,-5.968961418948611,said-within,
4.363517534425795,5.6946600454185505,said-wo,
5.626054746695216,5.024780248495043,said-wonder,
6.151930235551362,7.228247903760453,said-wonderful,
-4.65769917438134,-4.679488080861348,said-word,
-4.735100958995482,-1.9958838811049242,said-words,
-4.675536535158431,-6.51977609582017,said-work,
-3.233713468227414,-4.231934129305214,said-worked,
-3.5307231249635884,-4.730630996461624,said-working,
0.17202228063390562,2.292593057104986,said-world,
3.6971820002194464,2.4915386283734535,said-worry,
-4.3880907992477445,0.030762668081568047,said-worse,
-4.3159297123645555,-5.681920787210557,said-worth,
4.227110427658163,3.802723287694517,said-write,
-2.218227522850568,-1.9035444844485743,said-written,
0.9926277327208575,3.695387665168668,said-wrong,
1.9630607019506316,2.05875160160575,said-wrote,
-6.945001592890364,-7.823396244087854,said-yeah,
-0.7324233156655794,-3.960272222510783,said-year,
-3.971283635034635,-4.53375777994561,said-years,
-5.153708878733704,-6.204803993306146,said-yer,
6.184845830078991,7.11742872623194,said-yes,
1.4917758644492363,1.2877839360184018,said-yesterday,
-3.046646499627284,1.6242256174974958,said-young,
-4.361403771737548,-3.3779280727838468,said-yours,
3.3291778895246917,7.413028735990369,sake,
5.78370981529114,6.853890300103296,sang,
6.449359050594295,6.291402089761406,sank,
7.538321972735207,6.901085505911851,sat,
-4.641569637801195,-4.673254452083845,saved,
6.195721593162051,-7.3978501158556,saw,saw
-3.8225712786160546,5.971981804754897,say,
-4.919066213568145,5.02457749226507,saying,
-5.769547533427659,4.6118257589708636,says,
7.359784780054582,8.145572849449339,screamed,
0.23335635205626262,-5.189589130051534,searched,
2.8248727079384977,-5.762415013651826,seat,
2.6271845019180646,4.4904734977938,seated,
5.689805952108846,-6.274737925967141,see,see
0.9921929465035133,4.034176943878693,seeing,
-4.579962022016587,4.652923820466139,seem,
-5.166684745938155,7.208760582355117,seemed,seemed
-4.51997069947004,-1.435714693496518,seems,
4.689664969466047,-5.415817204337913,seen,
3.6593835439064293,-2.136651531983929,sees,
-5.429823955351671,-5.940346218685598,seized,
6.3691435307355695,6.386985617449046,self,
-4.084802083802074,-3.9309554156917486,send,
5.299793595887496,3.865789882902259,sense,
3.860858657482727,-0.7620974963917648,sensed,
2.5150437951823594,-4.132001355679141,senses,
-5.911034587979209,-5.933689566987847,sent,
-4.596199182238018,-6.105576297906108,set,
1.6595415189725824,-3.239959773642305,settled,
-2.7802124797195957,1.212129503439843,share,
3.9779371308181224,5.091118163781466,shared,
-5.560470521037154,-6.05139538933933,shifted,
-8.579393146483815,-9.039222836799539,shirt,shirt
7.103878762264421,6.710385976541203,shivered,
5.074665732253177,2.020208919030801,shoes,
-4.75997582994337,-5.82980683309764,shook,
-6.783837181767781,-7.568682118959842,shot,
-5.990116480041973,-6.439897884299873,shoulder,
5.7055168881958656,6.606009672620606,shoulders,
-8.075205983637874,-8.75172296214594,shouted,
-4.530048582572097,-3.591034332768145,show,
-5.531015862470154,-1.0109656298014134,showed,
-4.718413386002003,0.5887045650657413,shown,
-6.493000619581212,-7.100878331626169,shrugged,
6.500611492348195,6.862142159458721,shuddered,
4.283634126402847,-1.9898760259801846,shut,
4.989348495180522,4.993575442037094,sick,
5.657241231850892,6.218544196256957,side,
7.093567684302743,7.3134231069664,sighed,
2.4200365696590533,5.265087346690538,silence,
0.1900409194214794,5.945703163895713,silent,
8.009518541155025,9.083148828250556,sister,
5.850609597993644,7.0234577468326505,sisters,
5.183160699411784,5.267774293806041,sit,
4.663609407682047,4.716136285352913,sits,
5.453610736464642,7.388874234300635,sitting,
6.877379254143398,7.656722592783875,skin,
9.192798650059938,9.869835095507895,skirt,
-4.852479285637743,-5.546589571055113,slapped,
4.161496192099575,4.453742572291208,sleep,
-6.709372066964529,-7.116454962795431,sleeve,
3.0563028733460893,2.6312773331199772,slept,
0.6171771753342676,-4.277631213266539,slid,
6.362141689516007,5.836913384984947,slipped,
3.9314769814323745,7.536592025390481,smile,
5.766738351340486,8.052238418274413,smiled,
5.783022976726118,6.716085286289882,smiles,
-1.2649384018059366,6.625208211888426,smiling,
1.6409001029641308,-4.141090802595769,snapped,
3.338804425992563,2.3750185049338435,snatched,
-7.244124902871359,-4.518328014768337,son,
-5.413926471733837,-4.839661315283203,sons,
4.801349505858285,5.190401121179219,sorry,
-3.395939684022755,0.8426447450372098,sort,
-4.202197698170995,-4.716163482128669,sought,
4.756745675335272,5.660905860518967,soul,
-4.381366498320868,4.419556748335339,sounded,
-1.7031204471631551,5.367495454659171,speak,
-4.069280626050791,1.0868315661454633,speaking,
-5.435230215181788,-6.134583052840047,speech,
-1.2624870435806113,-5.464603815430802,spent,
5.675064993487505,6.090076311822964,spirit,
6.470688568689678,5.346926387541042,spirits,
-5.939355016495273,2.6590937298535997,spoke,
-4.472811601715368,3.7533694555294543,spoken,
-3.1409815165717396,-4.393734656328839,sprang,
-0.5653357238947004,-3.740641586818112,spread,
1.347852989684498,-3.7616734723627716,stand,
-5.104049726765174,5.424060968154678,standing,
-2.044134030486616,0.41649747465389114,stands,
3.8432264263372535,-6.367141348338289,stared,
-4.366558530539497,0.4140874507633592,staring,
1.2566956185677722,-2.014504859757586,start,
-3.3301331909501197,-5.490960255592169,started,
4.53283287028791,4.319475057232975,state,
1.5147191929378052,4.0197583741300456,stay,
-3.5494566770162628,2.020927825361055,stayed,
-1.2757060644530231,-0.15805566236307475,step,
-4.29675367516587,-6.862414528885701,stepped,
-0.9724068389597199,-2.412833545660464,steps,
0.887414186309209,4.528926977859087,stirred,
5.862292071272801,-6.033950068437354,stomach,stomach
-4.978285816300867,-5.499789486595665,stood,
-3.908677465995518,-3.096165961211499,stooped,
1.772775083850499,-2.5266486594218254,stop,
-5.068569117528416,-5.5723900482794075,stopped,
4.557150782423293,2.6433450805710708,story,
-3.7251918137492344,-4.655076320904589,straightened,
4.512859815021125,-1.7259375581111909,strength,
-3.647074457217449,-3.2213913520795963,stretched,
-7.617246267317826,-7.763673839092404,strode,
-6.3344078115300695,-6.923185701971489,struck,
5.176492924028176,1.079616369544319,struggled,
-4.337029065043032,-5.572235073793956,stuck,
-3.608690470485407,-5.977014049894824,studied,
-7.832700015563165,-7.683374102489157,study,
-3.305652151627879,-6.234410416323231,stumbled,
-4.26118072816299,-5.390428119182658,succeeded,
4.372095047733355,5.603237756387897,suffered,
-5.084984351677628,-3.5452833532361177,suggested,
-6.8790039581794025,-7.359248727439513,suit,
5.319500797715271,0.1666593854730853,supposed,
6.4473070018299685,3.9112231093566763,sure,
5.6403322559699935,0.31250638199606173,surprise,
1.6427456095087185,3.2709255972758453,surprised,
2.8001874395415203,-0.010293001075544138,suspected,
0.4772772290960755,-5.811984281051692,swallowed,
-8.043824956339373,-8.809727926772531,sword,sword
-6.545015563534103,-7.444559575910003,swung,
5.250672458144497,3.684641083857308,table,
-6.526914406341546,-5.566913794653822,take,
-5.871210456270105,-3.74034302761402,taken,
-3.989875033096182,1.6024710401831983,takes,
-4.946481356658759,-1.3811857596384571,taking,
-3.7827355391751976,-0.3710916210298884,talk,
-5.4348074967076165,-1.4290829330882084,talked,
-5.469882465727496,1.7096636466379074,talking,
-4.073263169261668,-5.755230184779273,tapped,
-1.9731454127697188,2.84177324089749,taught,
8.82347725737122,9.271418307976584,tears,
-5.692496380745395,-6.874122851323251,teeth,
4.800278200512738,4.875352587566832,tell,
-3.094880497710793,4.709323962651156,telling,
-0.8527494786993259,1.5124528563418438,tells,
-4.819368584154249,-4.538015906945141,temper,
4.2168749881944985,3.9722390438749344,thanked,
6.303224575105125,7.805816943856049,thighs,
7.107536280516574,7.581273816636689,things,
4.472730361973035,4.812224381888303,think,
3.404612404449122,-0.7859128398962736,thinking,
1.6784250637311775,-0.38706125512688216,thinks,
8.606966080077362,-5.868199361533495,thought,thought
6.9042975478494695,3.7745163265969794,thoughts,
-1.0547528716188304,-0.5573896504650341,threw,
5.413518067059397,-5.750257377073058,throat,throat
-5.036507947218687,-5.976758233332602,thrust,
-5.775423193218459,-6.7026089573060945,thumb,
5.782642234682306,5.248132956338755,time,
6.16859054896714,4.388031335707014,tired,
-4.4583869289124465,5.63453710180816,told,
-4.644319854177496,5.1909939018157525,tone,tone
3.198999203717102,1.2264303222624653,tongue,
-7.540694374876922,-7.35472965132121,took,
1.3900418655656546,-3.6225337610163733,tore,
2.3386094685339813,-2.2717243740653146,tossed,
-5.339052633088294,3.690367050823712,touch,
-3.3444063163672753,4.845940230117943,touched,
-4.348120348718922,2.672287895978453,treated,
6.593951334733328,-5.58999457459994,tried,tried
-7.990016368585138,-8.693665354900444,trousers,
6.157628217079839,-4.117232150308695,try,
-4.202032273355684,-2.972050258673179,trying,
-2.40683917460904,-2.3504015103267384,turn,
-1.1880413195820918,-2.6551213218252028,turned,
3.0947021021791667,4.075549440025702,turns,
3.3953245439410056,-1.0749391191569468,unable,
-4.977705241451754,0.6156965565233747,uncle,
4.73422052749263,5.96069346945237,understand,
4.740476462873232,4.993755302753208,understood,
-3.553357024693611,2.418657452591448,urged,
-3.2457384935642764,-4.648435708866839,use,
-3.5404413421859102,-2.149156693238988,used,
3.526124432023145,5.45590860456238,uttered,
4.325102112941006,0.9312938419557535,ventured,
3.0224775843794465,-4.938052531184986,vision,
-3.3494594409871463,-3.2964461593111842,visit,
-3.119808273877825,-3.0416863860464782,visited,
4.948808082794826,8.155521116375755,voice,
7.8066015795259815,8.56429861111816,waist,
1.75906102519308,0.03513748218685916,wait,
1.268097104533847,-5.6112332489275145,waited,
-4.835836551363201,6.0185601447486246,waiting,
1.662880085437075,1.644345465778792,walk,
-4.97330461382905,-7.705192885557346,walked,
-3.559337394937513,1.4039473483033882,walking,
0.5496384312126226,-5.112788273909662,wandered,
5.350393315890279,4.783085932986213,want,
5.8578431428505775,5.525567999723792,wanted,
-5.394855861107966,-4.037033816199578,wants,
-4.605907022948079,-3.2060660228521107,warned,
-6.391070993273017,6.406526594047817,was,
2.5684694836292605,2.2588784132455952,was-added,
3.8510955217678284,1.6232343924142012,was-allowed,
-4.517939146752492,3.560046205466749,was-amused,
-5.1704633045416415,-4.965806307893211,was-answered,
3.263382391652246,1.8815942986088556,was-approached,
-4.032301164782304,5.772128740576212,was-asked,
-7.4957550521488505,4.484894763118905,was-asking,
2.248290641686284,4.52519830769078,was-assured,
-1.4242020496519705,4.228813650532235,was-born,
-5.667290452508669,-3.229851977087114,was-bring,
-5.625870542047061,-5.280706399903188,was-brought,
-6.17578368611696,3.8515315194814077,was-call,
-6.115670101180233,-5.42413039652405,was-called,
0.8139159924420418,3.201503412682557,was-carried,
0.5073013611788862,-2.0997750930209436,was-caught,
-3.197914055158714,3.1212854990985233,was-concerned,
2.614543045162077,-2.8077295045030572,was-continued,
0.5671874454113794,-2.7799906989030485,was-convinced,
6.922335810789078,6.938535206803329,was-cried,
-3.019272074196195,-5.52168777086404,was-demanded,
4.273789057851566,5.080663072761748,was-determined,
-3.395910694776997,2.7343802291516934,was-did,
-3.375316871826927,-3.9292430652863164,was-do,
1.412642327881627,-3.2345930123137823,was-done,
6.493951936473863,7.146967435079151,was-dressed,
6.037716162996361,6.424633547356534,was-drew,
3.273708569532674,5.298925620821775,was-engaged,
5.668119081614332,6.409232816777214,was-exclaimed,
2.959560593773608,2.251178445735471,was-expected,
4.42938540352182,-1.279988664017539,was-filled,
-5.7472733874422905,1.9784925422291622,was-find,
-5.126361270036069,-4.742808765518432,was-follow,
-3.6413945235931906,1.5366682065322717,was-followed,
0.7748908715645948,-3.597082964553915,was-forced,
-2.5942530173183487,5.041078410875878,was-found,
6.906051914302964,7.282198529424988,was-frightened,
-1.0337402448643178,-1.0669476223377232,was-gave,
-6.644046154468228,-6.107333162540071,was-get,
-4.863452875681826,-0.5142662914726692,was-give,
-0.06546783803021161,-4.237199744706748,was-given,
-6.302992417630497,5.931093141896614,was-gone,
-6.697181566720429,-6.722956360529333,was-got,
-4.446487744770061,-5.449907587236993,was-greeted,
-3.84277209408636,4.530313335774246,was-had,
-5.382131143361087,-2.1696451297804393,was-hated,
-4.926701639992228,4.264709929542296,was-have,
-4.732255070453812,-3.3577248262538517,was-hear,
-4.733146800210602,-2.5218660563250497,was-heard,
4.500288006485614,6.186515606885683,was-held,
1.9103934041750008,3.6840559478858896,was-help,
5.153542277885066,5.81850960822188,was-helped,
-5.977849669618084,-7.4195505550910585,was-hit,
-3.989255466796252,1.2729650810504431,was-hold,
1.595526979630493,5.227355259064374,was-hurt,
-2.8480348012285703,-4.519001897924535,was-informed,
0.6359477405107902,-3.91574935425665,was-inquired,
-3.07341708816368,-3.9621950794765506,was-introduced,
-2.0820438500658702,-2.0100547620996694,was-invited,
-5.183516354002195,-4.854182946247812,was-join,
-2.4244105563922678,-3.7654660008821335,was-joined,
-6.832002856044367,-6.292050394016387,was-keep,
-4.919485613993448,-5.157200858537213,was-kept,
-6.701265260554239,-7.299907666552275,was-kill,
-7.230361862738232,-7.188833599594499,was-killed,
7.927692081025078,9.2634454291282,was-kissed,
-6.412350278511775,-4.995624208362507,was-knew,
-6.73457683274328,-6.0746662215265825,was-know,
-4.601328626257082,-1.1661390560064357,was-known,
-3.108665578419076,5.567584899591266,was-leave,
0.4379298282817734,4.805159258664808,was-leaving,
4.96640419047785,3.6779467034200035,was-led,
4.112399425266129,5.996566281451287,was-left,
-5.247784391948644,-4.220495698492388,was-let,
-5.975558120634811,-3.5189261295952328,was-like,
-5.5591969306928934,-0.011607455404208933,was-liked,
-0.8779376616384283,4.629263393876239,was-lost,
-5.280495480404076,8.66375112136255,was-loved,
-3.6253334170090312,0.5820644594280295,was-made,
-6.474205199818621,8.84204921623354,was-married,was-married
-7.0435777471718195,-0.8575170344535042,was-meet,
-7.18747774762812,4.098793514530981,was-met,
-3.1089569344903714,2.0887568011625026,was-moved,
2.067291765843365,-2.4717741019687214,was-obliged,
-4.215535168210234,-3.9616723133890446,was-passed,
-0.09019094783988876,4.064488668998529,was-pleased,
2.373353119190992,-2.5867939637887334,was-prepared,
5.092556278809923,3.9010795487202685,was-pulled,
-4.0983000698129155,-4.929657306860331,was-pushed,
-2.4302896604968574,1.147580303839019,was-put,
-1.6736085603404929,-3.093053372553503,was-puzzled,
-3.866561386057892,-3.49489069289481,was-reached,
-5.629510977776814,-5.885330973053109,was-recognised,
-4.176544686072827,-4.577851327959376,was-regarded,
-2.442086723080625,-2.8946240446338884,was-remarked,
2.2533369514362347,-4.889883064080018,was-reminded,
-0.9534687185677059,-6.316142216629918,was-replied,
-0.6377089569703914,0.24938502207455265,was-returned,
-3.5602278903923716,4.221896859071536,was-save,
4.3889578734104155,5.585760212027403,was-seated,
-8.240116860043424,6.440001041602004,was-seen,was-seen
3.1695896335321976,-5.5788648528532425,was-seized,
-5.660856980635444,-5.502074077254595,was-send,
-6.472583499007875,-6.457418164069337,was-sent,
-4.627876969930774,-4.311484776153941,was-set,
4.63140437823266,4.9574322645254565,was-shocked,
-6.895719858200966,-7.276203917325756,was-shouted,
5.165591891128602,4.525731381638855,was-startled,
-4.959004755702557,-4.8015091965534635,was-stop,
-2.636428867195285,-5.258009333133094,was-stopped,
-3.9724620761149922,-6.356378871370803,was-struck,
-0.11380211638581163,-4.03714104733383,was-supposed,
4.801026352603441,-3.6681433849822724,was-surprised,
5.38396072624289,7.364442188422047,was-take,
-0.07999676894434103,4.829826511018944,was-taken,
5.220973124269493,6.677664437230137,was-taking,
5.006888014461165,3.9135795080605362,was-taught,
-4.496287627588909,3.9532865872024443,was-telling,
-5.419450755376556,-4.536174210009096,was-thanked,
4.740389043235211,1.9011516627117573,was-thought,
5.231623453232434,4.443472435897735,was-tired,
-6.953145629837484,7.121521262615315,was-told,was-told
5.325691620761455,7.080354995572509,was-took,
-3.03083814356957,4.477148457267466,was-touched,
-5.007275451732357,-5.133085437482658,was-turned,
0.29962084760816404,1.0515379528002247,was-urged,
5.033251385516242,4.925965254277833,was-used,
-4.743209983621848,0.41736830984596907,was-want,
-0.6347877642459623,6.330031117999354,was-wanted,
-0.6503583125834829,-3.7426194007802387,was-warned,
-4.6950650662225275,2.4052263501484408,was-watched,
2.9746596815402984,0.11130229255514695,was-watching,
5.482131371850367,5.126806980050681,was-whispered,
-6.5895148677365984,-8.238493384219055,watch,
5.112489681071587,-5.826466786616721,watched,
-4.894879037239723,4.577516774409352,watching,
-4.373016826938791,-6.205451612652393,waved,
-5.207398654029555,-7.390739048054529,way,
6.766178115294916,8.164855676117543,wearing,
-4.534849133268788,-5.393500141435833,weight,
2.622730164920422,-4.681911557023364,went,
7.66847529982136,8.367356711135816,wept,
-4.5266405057538,5.299401490737666,were,
7.459354037287422,8.611210184105218,whispered,
-11.410434272967567,-11.119811302506307,wife,wife
0.04987689817557352,3.2252006645531806,will,
0.4037120645951148,3.434266899197988,willing,
6.894566142462211,6.9073458187562,window,
4.147057997321185,-3.0516645663903246,wiped,
4.311812373797804,5.375598934121418,wish,
5.977452982890719,4.301006996310475,wished,
1.0161569549837646,4.615760296993875,wishes,
3.939151290348032,4.7676206826029395,withdrew,
5.303660843395741,-0.9570052655031693,woke,
9.849202188912319,10.663363699562998,woman,
-5.581044632053491,-6.2206023537719055,won,
7.550797386015353,-5.675068115018997,wondered,wondered
-5.270148709799832,-4.400878995510676,word,
-5.064149581889877,4.307703094728821,words,words
7.626209930205084,7.948416729474381,wore,
0.4570798613287029,-5.842949938665862,work,
-4.422537889008422,-6.021975570433173,worked,
-5.93404961286947,-5.216075478222517,working,
5.046782604962654,5.041250151759486,world,
5.668089115068941,5.452397383344797,wrist,
-2.230532302593966,-0.5451593154352767,write,
-3.6616368161985577,-4.518848205134939,writing,
-4.075211601035367,-3.226151357804876,written,
-1.0743707297653111,-3.0966522930097202,wrote,
4.842874570820558,4.738143988775686,years,
-6.224873027803239,-7.30004818776494,yelled,
6.177085476466798,6.817138549905342,young,
2.6114808578800424,-0.9096169583690966,youth,
