testype	name1	name2	ceiling1	floor1	ceiling2	floor2	meandate1	meandate2	acc1	acc2	alienacc1	alienacc2	spearman	spear1on2	spear2on1	loss	loss1on2	loss2on1
self	rccsf1870_1899_0_1	rccsf1870_1899_0_2	1899	1870	1899	1870	1887.9	1885.25	0.78	0.8	0.72	0.8	1.30513710685	1.26222794356	1.34804627014	0.03	0.0	0.06
cross	rccsf1870_1899_0_1	rccsf1900_1929_0_1	1899	1870	1929	1900	1887.9	1912.23	0.78	0.88	0.75	0.87	1.24485832812	1.27187651677	1.21784013948	0.02	0.01	0.03
cross	rccsf1870_1899_0_1	rccsf1900_1929_1_1	1899	1870	1929	1900	1887.9	1912.8	0.78	0.9	0.78	0.79	1.12961143807	1.1316439719	1.12757890424	0.055	0.11	0.0
cross	rccsf1870_1899_0_2	rccsf1900_1929_2_2	1899	1870	1929	1900	1885.25	1912.69	0.8	0.92	0.82	0.76	1.43497891842	1.37645963627	1.49349820057	0.07	0.16	-0.02
cross	rccsf1870_1899_0_2	rccsf1900_1929_3_2	1899	1870	1929	1900	1885.25	1912.52	0.8	0.91	0.82	0.8	1.58386476119	1.53975510017	1.6279744222	0.045	0.11	-0.02
cross	rccsf1870_1899_0_2	rccsf1900_1929_4_2	1899	1870	1929	1900	1885.25	1913.72	0.8	0.91	0.8	0.82	1.47891862299	1.39310608856	1.56473115742	0.045	0.09	0.0
self	rccsf1900_1929_0_1	rccsf1900_1929_0_2	1929	1900	1929	1900	1912.23	1912.94	0.88	0.89	0.88	0.85	1.22534142154	1.24432522421	1.20635761888	0.02	0.04	0.0
cross	rccsf1900_1929_0_1	rccsf1930_1959_0_1	1929	1900	1959	1930	1912.23	1947.31	0.88	0.92	0.78	0.78	0.915304489278	0.885401307772	0.945207670784	0.12	0.14	0.1
cross	rccsf1900_1929_0_1	rccsf1930_1959_1_1	1929	1900	1959	1930	1912.23	1947.64	0.88	0.94	0.75	0.72	0.782931075639	0.825017902782	0.740844248497	0.175	0.22	0.13
cross	rccsf1900_1929_0_1	rccsf1930_1959_2_1	1929	1900	1959	1930	1912.23	1947.68	0.88	0.94	0.79	0.79	0.865352281836	1.0546156491	0.676088914571	0.12	0.15	0.09
cross	rccsf1900_1929_0_1	rccsf1930_1959_3_1	1929	1900	1959	1930	1912.23	1949.41	0.88	0.94	0.84	0.81	1.13006460391	1.21363908193	1.04649012589	0.085	0.13	0.04
cross	rccsf1900_1929_0_1	rccsf1930_1959_4_1	1929	1900	1959	1930	1912.23	1948.0	0.88	0.87	0.66	0.72	0.862633177574	0.890100048827	0.835166306321	0.185	0.15	0.22
self	rccsf1930_1959_0_1	rccsf1930_1959_0_2	1959	1930	1959	1930	1947.31	1949.32	0.92	0.94	0.93	0.91	1.48092486763	1.43896581605	1.5228839192	0.01	0.03	-0.01
cross	rccsf1930_1959_0_1	rccsf1960_1989_0_1	1959	1930	1989	1960	1947.31	1974.5	0.92	0.9	0.84	0.91	1.05636830202	1.00183620324	1.11090040081	0.035	-0.01	0.08
cross	rccsf1930_1959_0_1	rccsf1960_1989_1_1	1959	1930	1989	1960	1947.31	1974.54	0.92	0.93	0.93	0.9	1.40971932352	1.36023536122	1.45920328581	0.01	0.03	-0.01
cross	rccsf1930_1959_0_2	rccsf1960_1989_2_2	1959	1930	1989	1960	1949.32	1975.57	0.94	0.95	0.92	0.92	1.56399604256	1.66202216657	1.46596991854	0.025	0.03	0.02
cross	rccsf1930_1959_0_2	rccsf1960_1989_3_2	1959	1930	1989	1960	1949.32	1974.34	0.94	0.91	0.92	0.88	1.51714086203	1.60924448763	1.42503723643	0.025	0.03	0.02
cross	rccsf1930_1959_0_1	rccsf1960_1989_4_1	1959	1930	1989	1960	1947.31	1975.44	0.92	0.94	0.91	0.93	1.50946444825	1.46043872538	1.55849017112	0.01	0.01	0.01
self	rccsf1960_1989_0_1	rccsf1960_1989_0_2	1989	1960	1989	1960	1974.5	1975.87	0.9	0.96	0.91	0.84	1.34784284262	1.43742076614	1.25826491911	0.055	0.12	-0.01
cross	rccsf1960_1989_0_2	rccsf1990_2010_0_2	1989	1960	2010	1990	1975.87	2000.36	0.96	0.89	0.89	0.85	1.48937964484	1.42144983476	1.55730945491	0.055	0.04	0.07
cross	rccsf1960_1989_0_1	rccsf1990_2010_1_1	1989	1960	2010	1990	1974.5	1999.56	0.9	0.87	0.89	0.83	1.29227296212	1.36475680383	1.21978912041	0.025	0.04	0.01
cross	rccsf1960_1989_0_2	rccsf1990_2010_2_2	1989	1960	2010	1990	1975.87	1999.44	0.96	0.92	0.86	0.89	1.40579322037	1.41462784038	1.39695860036	0.065	0.03	0.1
cross	rccsf1960_1989_0_2	rccsf1990_2010_3_2	1989	1960	2010	1990	1975.87	1998.88	0.96	0.89	0.81	0.91	1.31951233641	1.43706482099	1.20195985184	0.065	-0.02	0.15
cross	rccsf1960_1989_0_2	rccsf1990_2010_4_2	1989	1960	2010	1990	1975.87	1998.6	0.96	0.82	0.85	0.8	1.21353420848	1.12201548322	1.30505293375	0.065	0.02	0.11
self	rccsf1990_2010_0_1	rccsf1990_2010_0_2	2010	1990	2010	1990	1998.92	2000.36	0.8	0.89	0.81	0.83	1.12786726158	1.11602151726	1.1397130059	0.025	0.06	-0.01
self	rccsf1870_1899_1_1	rccsf1870_1899_1_2	1899	1870	1899	1870	1887.01	1885.53	0.78	0.87	0.64	0.81	0.969898047919	0.90754531273	1.03225078311	0.1	0.06	0.14
cross	rccsf1870_1899_1_2	rccsf1900_1929_0_2	1899	1870	1929	1900	1885.53	1912.94	0.87	0.89	0.87	0.88	1.56538898938	1.47586335869	1.65491462008	0.005	0.01	0.0
cross	rccsf1870_1899_1_1	rccsf1900_1929_1_1	1899	1870	1929	1900	1887.01	1912.8	0.78	0.9	0.69	0.77	1.04912198426	1.0799250926	1.01831887593	0.11	0.13	0.09
cross	rccsf1870_1899_1_1	rccsf1900_1929_2_1	1899	1870	1929	1900	1887.01	1911.06	0.78	0.93	0.69	0.89	1.18096051309	1.27240982606	1.08951120012	0.065	0.04	0.09
cross	rccsf1870_1899_1_2	rccsf1900_1929_3_2	1899	1870	1929	1900	1885.53	1912.52	0.87	0.91	0.87	0.93	1.88169737766	1.80493537994	1.95845937538	-0.01	-0.02	0.0
cross	rccsf1870_1899_1_2	rccsf1900_1929_4_2	1899	1870	1929	1900	1885.53	1913.72	0.87	0.91	0.85	0.86	1.48375265167	1.30807049311	1.65943481023	0.035	0.05	0.02
self	rccsf1900_1929_1_1	rccsf1900_1929_1_2	1929	1900	1929	1900	1912.8	1910.95	0.9	0.88	0.89	0.91	1.48940428625	1.48406187963	1.49474669287	-0.01	-0.03	0.01
cross	rccsf1900_1929_1_2	rccsf1930_1959_0_2	1929	1900	1959	1930	1910.95	1949.32	0.88	0.94	0.83	0.84	1.28935075968	1.26621790212	1.31248361725	0.075	0.1	0.05
cross	rccsf1900_1929_1_1	rccsf1930_1959_1_1	1929	1900	1959	1930	1912.8	1947.64	0.9	0.94	0.75	0.79	1.00654814194	0.929080734138	1.08401554973	0.15	0.15	0.15
cross	rccsf1900_1929_1_2	rccsf1930_1959_2_2	1929	1900	1959	1930	1910.95	1948.22	0.88	0.88	0.87	0.86	1.41880242133	1.50839980541	1.32920503725	0.015	0.02	0.01
cross	rccsf1900_1929_1_2	rccsf1930_1959_3_2	1929	1900	1959	1930	1910.95	1947.62	0.88	0.88	0.89	0.85	1.41162071018	1.3431017667	1.48013965366	0.01	0.03	-0.01
cross	rccsf1900_1929_1_2	rccsf1930_1959_4_2	1929	1900	1959	1930	1910.95	1947.95	0.88	0.98	0.87	0.91	1.50018197756	1.62571233491	1.37465162022	0.04	0.07	0.01
self	rccsf1930_1959_1_1	rccsf1930_1959_1_2	1959	1930	1959	1930	1947.64	1949.64	0.94	0.94	0.9	0.92	1.36815332951	1.48219375427	1.25411290474	0.03	0.02	0.04
cross	rccsf1930_1959_1_2	rccsf1960_1989_0_2	1959	1930	1989	1960	1949.64	1975.87	0.94	0.96	0.85	0.84	1.49735139561	1.4621109279	1.53259186332	0.105	0.12	0.09
cross	rccsf1930_1959_1_2	rccsf1960_1989_1_2	1959	1930	1989	1960	1949.64	1975.91	0.94	0.88	0.87	0.86	1.26401886682	1.11403634017	1.41400139347	0.045	0.02	0.07
cross	rccsf1930_1959_1_2	rccsf1960_1989_2_2	1959	1930	1989	1960	1949.64	1975.57	0.94	0.95	0.84	0.87	1.34695095472	1.25183313535	1.4420687741	0.09	0.08	0.1
cross	rccsf1930_1959_1_2	rccsf1960_1989_3_2	1959	1930	1989	1960	1949.64	1974.34	0.94	0.91	0.87	0.9	1.49470671849	1.34662919331	1.64278424366	0.04	0.01	0.07
cross	rccsf1930_1959_1_2	rccsf1960_1989_4_2	1959	1930	1989	1960	1949.64	1975.03	0.94	0.9	0.86	0.87	1.23737077251	1.11863244016	1.35610910485	0.055	0.03	0.08
self	rccsf1960_1989_1_1	rccsf1960_1989_1_2	1989	1960	1989	1960	1974.54	1975.91	0.93	0.88	0.88	0.91	1.48049635927	1.56353688505	1.39745583349	0.01	-0.03	0.05
cross	rccsf1960_1989_1_2	rccsf1990_2010_0_2	1989	1960	2010	1990	1975.91	2000.36	0.88	0.89	0.9	0.86	1.54321679064	1.57308920046	1.51334438083	0.005	0.03	-0.02
cross	rccsf1960_1989_1_2	rccsf1990_2010_1_2	1989	1960	2010	1990	1975.91	1998.74	0.88	0.92	0.82	0.89	1.52557908127	1.65854549836	1.39261266417	0.045	0.03	0.06
cross	rccsf1960_1989_1_1	rccsf1990_2010_2_1	1989	1960	2010	1990	1974.54	1999.06	0.93	0.85	0.87	0.89	1.33862883709	1.45477824651	1.22247942767	0.01	-0.04	0.06
cross	rccsf1960_1989_1_2	rccsf1990_2010_3_2	1989	1960	2010	1990	1975.91	1998.88	0.88	0.89	0.83	0.86	1.29001293018	1.42220013576	1.1578257246	0.04	0.03	0.05
cross	rccsf1960_1989_1_1	rccsf1990_2010_4_1	1989	1960	2010	1990	1974.54	1999.28	0.93	0.92	0.85	0.94	1.5018719455	1.52705337601	1.47669051498	0.03	-0.02	0.08
self	rccsf1990_2010_1_1	rccsf1990_2010_1_2	2010	1990	2010	1990	1999.56	1998.74	0.87	0.92	0.83	0.81	1.34942451595	1.28836554307	1.41048348883	0.075	0.11	0.04
self	rccsf1870_1899_2_1	rccsf1870_1899_2_2	1899	1870	1899	1870	1884.54	1886.8	0.84	0.81	0.8	0.69	1.36414228604	1.30191067521	1.42637389687	0.08	0.12	0.04
cross	rccsf1870_1899_2_1	rccsf1900_1929_0_1	1899	1870	1929	1900	1884.54	1912.23	0.84	0.88	0.84	0.89	1.66849605391	1.77315689957	1.56383520825	-0.005	-0.01	0.0
cross	rccsf1870_1899_2_2	rccsf1900_1929_1_2	1899	1870	1929	1900	1886.8	1910.95	0.81	0.88	0.74	0.88	1.35539486233	1.32768693137	1.38310279329	0.035	0.0	0.07
cross	rccsf1870_1899_2_1	rccsf1900_1929_2_1	1899	1870	1929	1900	1884.54	1911.06	0.84	0.93	0.86	0.94	1.71097339195	1.66687345707	1.75507332683	-0.015	-0.01	-0.02
cross	rccsf1870_1899_2_2	rccsf1900_1929_3_2	1899	1870	1929	1900	1886.8	1912.52	0.81	0.91	0.75	0.8	1.4050668923	1.45392188598	1.35621189862	0.085	0.11	0.06
cross	rccsf1870_1899_2_1	rccsf1900_1929_4_1	1899	1870	1929	1900	1884.54	1910.88	0.84	0.82	0.82	0.79	1.3540543446	1.1957160273	1.5123926619	0.025	0.03	0.02
self	rccsf1900_1929_2_1	rccsf1900_1929_2_2	1929	1900	1929	1900	1911.06	1912.69	0.93	0.92	0.92	0.92	1.62895926558	1.66552147541	1.59239705575	0.005	0.0	0.01
cross	rccsf1900_1929_2_1	rccsf1930_1959_0_1	1929	1900	1959	1930	1911.06	1947.31	0.93	0.92	0.88	0.85	1.31974524707	1.27992768286	1.35956281128	0.06	0.07	0.05
cross	rccsf1900_1929_2_1	rccsf1930_1959_1_1	1929	1900	1959	1930	1911.06	1947.64	0.93	0.94	0.79	0.76	1.10766240807	0.899592944394	1.31573187174	0.16	0.18	0.14
cross	rccsf1900_1929_2_1	rccsf1930_1959_2_1	1929	1900	1959	1930	1911.06	1947.68	0.93	0.94	0.81	0.81	1.18533059476	1.27401267675	1.09664851277	0.125	0.13	0.12
cross	rccsf1900_1929_2_2	rccsf1930_1959_3_2	1929	1900	1959	1930	1912.69	1947.62	0.92	0.88	0.88	0.82	1.55305589074	1.45532945924	1.65078232223	0.05	0.06	0.04
cross	rccsf1900_1929_2_2	rccsf1930_1959_4_2	1929	1900	1959	1930	1912.69	1947.95	0.92	0.98	0.84	0.88	1.31432321258	1.39723478697	1.23141163818	0.09	0.1	0.08
self	rccsf1930_1959_2_1	rccsf1930_1959_2_2	1959	1930	1959	1930	1947.68	1948.22	0.94	0.88	0.91	0.9	1.364648226	1.16231896482	1.56697748718	0.005	-0.02	0.03
cross	rccsf1930_1959_2_2	rccsf1960_1989_0_2	1959	1930	1989	1960	1948.22	1975.87	0.88	0.96	0.87	0.89	1.52682874262	1.61355989051	1.44009759473	0.04	0.07	0.01
cross	rccsf1930_1959_2_1	rccsf1960_1989_1_1	1959	1930	1989	1960	1947.68	1974.54	0.94	0.93	0.93	0.89	1.40771215958	1.36758136701	1.44784295214	0.025	0.04	0.01
cross	rccsf1930_1959_2_2	rccsf1960_1989_2_2	1959	1930	1989	1960	1948.22	1975.57	0.88	0.95	0.89	0.9	1.44279731913	1.50860213572	1.37699250254	0.02	0.05	-0.01
cross	rccsf1930_1959_2_1	rccsf1960_1989_3_1	1959	1930	1989	1960	1947.68	1974.19	0.94	0.93	0.91	0.86	1.29972706937	1.25338069597	1.34607344277	0.05	0.07	0.03
cross	rccsf1930_1959_2_2	rccsf1960_1989_4_2	1959	1930	1989	1960	1948.22	1975.03	0.88	0.9	0.91	0.9	1.49301738589	1.45772436564	1.52831040614	-0.015	0.0	-0.03
self	rccsf1960_1989_2_1	rccsf1960_1989_2_2	1989	1960	1989	1960	1975.05	1975.57	0.9	0.95	0.88	0.88	1.34660736347	1.28914287404	1.40407185291	0.045	0.07	0.02
cross	rccsf1960_1989_2_2	rccsf1990_2010_0_2	1989	1960	2010	1990	1975.57	2000.36	0.95	0.89	0.87	0.87	1.23609407498	1.10182083438	1.37036731558	0.05	0.02	0.08
cross	rccsf1960_1989_2_1	rccsf1990_2010_1_1	1989	1960	2010	1990	1975.05	1999.56	0.9	0.87	0.83	0.84	1.13121653548	1.1167418577	1.14569121326	0.05	0.03	0.07
cross	rccsf1960_1989_2_1	rccsf1990_2010_2_1	1989	1960	2010	1990	1975.05	1999.06	0.9	0.85	0.88	0.84	1.22273984139	1.41178595511	1.03369372768	0.015	0.01	0.02
cross	rccsf1960_1989_2_2	rccsf1990_2010_3_2	1989	1960	2010	1990	1975.57	1998.88	0.95	0.89	0.82	0.92	1.20462135605	1.32189625362	1.08734645849	0.05	-0.03	0.13
cross	rccsf1960_1989_2_2	rccsf1990_2010_4_2	1989	1960	2010	1990	1975.57	1998.6	0.95	0.82	0.91	0.83	1.2979994039	1.25480287542	1.34119593238	0.015	-0.01	0.04
self	rccsf1990_2010_2_1	rccsf1990_2010_2_2	2010	1990	2010	1990	1999.06	1999.44	0.85	0.92	0.82	0.77	1.17599818774	1.18849334426	1.16350303121	0.09	0.15	0.03
self	rccsf1870_1899_3_1	rccsf1870_1899_3_2	1899	1870	1899	1870	1887.19	1886.25	0.82	0.78	0.79	0.74	1.34629819304	1.29822736516	1.39436902091	0.035	0.04	0.03
cross	rccsf1870_1899_3_2	rccsf1900_1929_0_2	1899	1870	1929	1900	1886.25	1912.94	0.78	0.89	0.72	0.86	1.25915782288	1.24666119786	1.27165444791	0.045	0.03	0.06
cross	rccsf1870_1899_3_1	rccsf1900_1929_1_1	1899	1870	1929	1900	1887.19	1912.8	0.82	0.9	0.78	0.78	1.34512681966	1.3738027754	1.31645086392	0.08	0.12	0.04
cross	rccsf1870_1899_3_1	rccsf1900_1929_2_1	1899	1870	1929	1900	1887.19	1911.06	0.82	0.93	0.8	0.9	1.52882001924	1.46335284246	1.59428719602	0.025	0.03	0.02
cross	rccsf1870_1899_3_1	rccsf1900_1929_3_1	1899	1870	1929	1900	1887.19	1913.08	0.82	0.9	0.8	0.85	1.47960440485	1.57659080723	1.38261800247	0.035	0.05	0.02
cross	rccsf1870_1899_3_2	rccsf1900_1929_4_2	1899	1870	1929	1900	1886.25	1913.72	0.78	0.91	0.76	0.88	1.32931769949	1.34395643273	1.31467896626	0.025	0.03	0.02
self	rccsf1900_1929_3_1	rccsf1900_1929_3_2	1929	1900	1929	1900	1913.08	1912.52	0.9	0.91	0.86	0.87	1.56348590869	1.52233037298	1.6046414444	0.04	0.04	0.04
cross	rccsf1900_1929_3_2	rccsf1930_1959_0_2	1929	1900	1959	1930	1912.52	1949.32	0.91	0.94	0.78	0.85	1.34731394164	1.51593593684	1.17869194643	0.11	0.09	0.13
cross	rccsf1900_1929_3_2	rccsf1930_1959_1_2	1929	1900	1959	1930	1912.52	1949.64	0.91	0.94	0.86	0.87	1.33506353072	1.37152776492	1.29859929652	0.06	0.07	0.05
cross	rccsf1900_1929_3_1	rccsf1930_1959_2_1	1929	1900	1959	1930	1913.08	1947.68	0.9	0.94	0.79	0.72	0.844040292758	0.885691043754	0.802389541762	0.165	0.22	0.11
cross	rccsf1900_1929_3_2	rccsf1930_1959_3_2	1929	1900	1959	1930	1912.52	1947.62	0.91	0.88	0.87	0.84	1.60109885222	1.57270994347	1.62948776097	0.04	0.04	0.04
cross	rccsf1900_1929_3_2	rccsf1930_1959_4_2	1929	1900	1959	1930	1912.52	1947.95	0.91	0.98	0.81	0.87	1.28027350852	1.37290226443	1.1876447526	0.105	0.11	0.1
self	rccsf1930_1959_3_1	rccsf1930_1959_3_2	1959	1930	1959	1930	1949.41	1947.62	0.94	0.88	0.88	0.92	1.38966723813	1.38138097174	1.39795350453	0.01	-0.04	0.06
cross	rccsf1930_1959_3_1	rccsf1960_1989_0_1	1959	1930	1989	1960	1949.41	1974.5	0.94	0.9	0.76	0.92	1.16922279585	1.34819830808	0.990247283614	0.08	-0.02	0.18
cross	rccsf1930_1959_3_2	rccsf1960_1989_1_2	1959	1930	1989	1960	1947.62	1975.91	0.88	0.88	0.88	0.86	1.44950603045	1.42353005135	1.47548200955	0.01	0.02	0.0
cross	rccsf1930_1959_3_2	rccsf1960_1989_2_2	1959	1930	1989	1960	1947.62	1975.57	0.88	0.95	0.92	0.86	1.32218836923	1.32763802682	1.31673871164	0.025	0.09	-0.04
cross	rccsf1930_1959_3_2	rccsf1960_1989_3_2	1959	1930	1989	1960	1947.62	1974.34	0.88	0.91	0.92	0.86	1.54827927601	1.59004359215	1.50651495988	0.005	0.05	-0.04
cross	rccsf1930_1959_3_2	rccsf1960_1989_4_2	1959	1930	1989	1960	1947.62	1975.03	0.88	0.9	0.93	0.84	1.41976310797	1.4601296085	1.37939660744	0.005	0.06	-0.05
self	rccsf1960_1989_3_1	rccsf1960_1989_3_2	1989	1960	1989	1960	1974.19	1974.34	0.93	0.91	0.91	0.91	1.67208424286	1.7062806587	1.63788782702	0.01	0.0	0.02
cross	rccsf1960_1989_3_2	rccsf1990_2010_0_2	1989	1960	2010	1990	1974.34	2000.36	0.91	0.89	0.86	0.83	1.3972690258	1.27054536556	1.52399268604	0.055	0.06	0.05
cross	rccsf1960_1989_3_1	rccsf1990_2010_1_1	1989	1960	2010	1990	1974.19	1999.56	0.93	0.87	0.94	0.82	1.34578720549	1.38868068028	1.3028937307	0.02	0.05	-0.01
cross	rccsf1960_1989_3_2	rccsf1990_2010_2_2	1989	1960	2010	1990	1974.34	1999.44	0.91	0.92	0.85	0.84	1.32827202116	1.21930127705	1.43724276527	0.07	0.08	0.06
cross	rccsf1960_1989_3_2	rccsf1990_2010_3_2	1989	1960	2010	1990	1974.34	1998.88	0.91	0.89	0.81	0.9	1.40773436949	1.49487827722	1.32059046177	0.045	-0.01	0.1
cross	rccsf1960_1989_3_2	rccsf1990_2010_4_2	1989	1960	2010	1990	1974.34	1998.6	0.91	0.82	0.85	0.76	1.286683285	1.16654776886	1.40681880113	0.06	0.06	0.06
self	rccsf1990_2010_3_1	rccsf1990_2010_3_2	2010	1990	2010	1990	2000.47	1998.88	0.93	0.89	0.77	0.82	0.949512523775	1.00272514484	0.896299902706	0.115	0.07	0.16
self	rccsf1870_1899_4_1	rccsf1870_1899_4_2	1899	1870	1899	1870	1886.78	1886.79	0.85	0.84	0.72	0.68	0.997881027201	0.955899503753	1.03986255065	0.145	0.16	0.13
cross	rccsf1870_1899_4_1	rccsf1900_1929_0_1	1899	1870	1929	1900	1886.78	1912.23	0.85	0.88	0.81	0.86	1.28609804182	1.20156523734	1.37063084629	0.03	0.02	0.04
cross	rccsf1870_1899_4_1	rccsf1900_1929_1_1	1899	1870	1929	1900	1886.78	1912.8	0.85	0.9	0.83	0.85	1.39417805274	1.38846303537	1.3998930701	0.035	0.05	0.02
cross	rccsf1870_1899_4_2	rccsf1900_1929_2_2	1899	1870	1929	1900	1886.79	1912.69	0.84	0.92	0.76	0.83	1.30118675561	1.32136390735	1.28100960388	0.085	0.09	0.08
cross	rccsf1870_1899_4_1	rccsf1900_1929_3_1	1899	1870	1929	1900	1886.78	1913.08	0.85	0.9	0.78	0.92	1.34974334805	1.23892427592	1.46056242018	0.025	-0.02	0.07
cross	rccsf1870_1899_4_2	rccsf1900_1929_4_2	1899	1870	1929	1900	1886.79	1913.72	0.84	0.91	0.74	0.8	1.1322057013	1.29669566178	0.967715740824	0.105	0.11	0.1
self	rccsf1900_1929_4_1	rccsf1900_1929_4_2	1929	1900	1929	1900	1910.88	1913.72	0.82	0.91	0.81	0.86	1.40499254522	1.47402259287	1.33596249756	0.03	0.05	0.01
cross	rccsf1900_1929_4_2	rccsf1930_1959_0_2	1929	1900	1959	1930	1913.72	1949.32	0.91	0.94	0.85	0.85	1.11512601222	1.21743490299	1.01281712146	0.075	0.09	0.06
cross	rccsf1900_1929_4_1	rccsf1930_1959_1_1	1929	1900	1959	1930	1910.88	1947.64	0.82	0.94	0.72	0.81	0.972213247087	1.06083334486	0.883593149316	0.115	0.13	0.1
cross	rccsf1900_1929_4_2	rccsf1930_1959_2_2	1929	1900	1959	1930	1913.72	1948.22	0.91	0.88	0.91	0.81	1.14553944196	1.00817107804	1.28290780587	0.035	0.07	0.0
cross	rccsf1900_1929_4_2	rccsf1930_1959_3_2	1929	1900	1959	1930	1913.72	1947.62	0.91	0.88	0.87	0.81	1.321399728	1.26131102338	1.38148843262	0.055	0.07	0.04
cross	rccsf1900_1929_4_1	rccsf1930_1959_4_1	1929	1900	1959	1930	1910.88	1948.0	0.82	0.87	0.68	0.76	0.947370412006	1.09891239071	0.795828433301	0.125	0.11	0.14
self	rccsf1930_1959_4_1	rccsf1930_1959_4_2	1959	1930	1959	1930	1948.0	1947.95	0.87	0.98	0.83	0.88	1.21582673775	1.12225783826	1.30939563724	0.07	0.1	0.04
cross	rccsf1930_1959_4_1	rccsf1960_1989_0_1	1959	1930	1989	1960	1948.0	1974.5	0.87	0.9	0.75	0.85	0.887489769678	0.839727245536	0.93525229382	0.085	0.05	0.12
cross	rccsf1930_1959_4_2	rccsf1960_1989_1_2	1959	1930	1989	1960	1947.95	1975.91	0.98	0.88	0.84	0.88	1.23132410714	1.21291496956	1.24973324472	0.07	0.0	0.14
cross	rccsf1930_1959_4_1	rccsf1960_1989_2_1	1959	1930	1989	1960	1948.0	1975.05	0.87	0.9	0.87	0.85	1.10407975197	1.06073915861	1.14742034533	0.025	0.05	0.0
cross	rccsf1930_1959_4_1	rccsf1960_1989_3_1	1959	1930	1989	1960	1948.0	1974.19	0.87	0.93	0.85	0.9	1.23020627623	1.21549359318	1.24491895928	0.025	0.03	0.02
cross	rccsf1930_1959_4_1	rccsf1960_1989_4_1	1959	1930	1989	1960	1948.0	1975.44	0.87	0.94	0.85	0.91	1.32845842946	1.41161589729	1.24530096163	0.025	0.03	0.02
self	rccsf1960_1989_4_1	rccsf1960_1989_4_2	1989	1960	1989	1960	1975.44	1975.03	0.94	0.9	0.89	0.85	1.36135996942	1.38710464617	1.33561529266	0.05	0.05	0.05
cross	rccsf1960_1989_4_1	rccsf1990_2010_0_1	1989	1960	2010	1990	1975.44	1998.92	0.94	0.8	0.83	0.74	1.22182274225	1.14926291642	1.29438256807	0.085	0.06	0.11
cross	rccsf1960_1989_4_2	rccsf1990_2010_1_2	1989	1960	2010	1990	1975.03	1998.74	0.9	0.92	0.83	0.9	1.35848497525	1.4456706376	1.27129931289	0.045	0.02	0.07
cross	rccsf1960_1989_4_2	rccsf1990_2010_2_2	1989	1960	2010	1990	1975.03	1999.44	0.9	0.92	0.91	0.9	1.62169743441	1.60584898595	1.63754588287	0.005	0.02	-0.01
cross	rccsf1960_1989_4_2	rccsf1990_2010_3_2	1989	1960	2010	1990	1975.03	1998.88	0.9	0.89	0.79	0.88	1.08961344098	1.21319646444	0.966030417526	0.06	0.01	0.11
cross	rccsf1960_1989_4_1	rccsf1990_2010_4_1	1989	1960	2010	1990	1975.44	1999.28	0.94	0.92	0.9	0.87	1.55980146126	1.61503335903	1.50456956349	0.045	0.05	0.04
self	rccsf1990_2010_4_1	rccsf1990_2010_4_2	2010	1990	2010	1990	1999.28	1998.6	0.92	0.82	0.85	0.79	1.46707928378	1.47427612909	1.45988243846	0.05	0.03	0.07
self	rccsf1880_1909_0_1	rccsf1880_1909_0_2	1909	1880	1909	1880	1894.04	1895.41	0.88	0.83	0.75	0.75	1.10878215765	1.17309720406	1.04446711124	0.105	0.08	0.13
cross	rccsf1880_1909_0_2	rccsf1910_1939_0_2	1909	1880	1939	1910	1895.41	1922.28	0.83	0.89	0.75	0.82	1.29488248258	1.37624662964	1.21351833552	0.075	0.07	0.08
cross	rccsf1880_1909_0_2	rccsf1910_1939_1_2	1909	1880	1939	1910	1895.41	1921.74	0.83	0.9	0.77	0.83	1.18282503051	1.26131102338	1.10433903763	0.065	0.07	0.06
cross	rccsf1880_1909_0_1	rccsf1910_1939_2_1	1909	1880	1939	1910	1894.04	1922.06	0.88	0.89	0.85	0.85	1.34594061377	1.27169885494	1.42018237261	0.035	0.04	0.03
cross	rccsf1880_1909_0_1	rccsf1910_1939_3_1	1909	1880	1939	1910	1894.04	1922.37	0.88	0.86	0.82	0.83	1.13567725591	1.15885403312	1.11250047869	0.045	0.03	0.06
cross	rccsf1880_1909_0_2	rccsf1910_1939_4_2	1909	1880	1939	1910	1895.41	1922.05	0.83	0.79	0.74	0.84	1.12285576689	1.12855767693	1.11715385686	0.02	-0.05	0.09
self	rccsf1910_1939_0_1	rccsf1910_1939_0_2	1939	1910	1939	1910	1921.51	1922.28	0.89	0.89	0.87	0.85	1.68806949199	1.7540097945	1.62212918948	0.03	0.04	0.02
cross	rccsf1910_1939_0_1	rccsf1940_1969_0_1	1939	1910	1969	1940	1921.51	1954.97	0.89	0.85	0.65	0.69	0.513316941947	0.566439011698	0.460194872196	0.2	0.16	0.24
cross	rccsf1910_1939_0_2	rccsf1940_1969_1_2	1939	1910	1969	1940	1922.28	1954.54	0.89	0.95	0.85	0.84	1.19072553895	1.32602650306	1.05542457484	0.075	0.11	0.04
cross	rccsf1910_1939_0_1	rccsf1940_1969_2_1	1939	1910	1969	1940	1921.51	1956.8	0.89	0.9	0.74	0.7	0.851670023202	0.892046853765	0.811293192639	0.175	0.2	0.15
cross	rccsf1910_1939_0_1	rccsf1940_1969_3_1	1939	1910	1969	1940	1921.51	1955.92	0.89	0.91	0.86	0.76	1.22569629325	1.15977363461	1.29161895188	0.09	0.15	0.03
cross	rccsf1910_1939_0_1	rccsf1940_1969_4_1	1939	1910	1969	1940	1921.51	1954.06	0.89	0.87	0.81	0.73	1.14873812018	1.08796887713	1.20950736322	0.11	0.14	0.08
self	rccsf1940_1969_0_1	rccsf1940_1969_0_2	1969	1940	1969	1940	1954.97	1956.05	0.85	0.95	0.78	0.88	1.11617686462	1.37481091985	0.857542809399	0.07	0.07	0.07
cross	rccsf1940_1969_0_2	rccsf1970_1999_0_2	1969	1940	1999	1970	1956.05	1985.53	0.95	0.97	0.94	0.91	1.60681224855	1.38537064689	1.82825385021	0.035	0.06	0.01
cross	rccsf1940_1969_0_2	rccsf1970_1999_1_2	1969	1940	1999	1970	1956.05	1985.09	0.95	0.91	0.89	0.88	1.41902061935	1.21191071276	1.62613052594	0.045	0.03	0.06
cross	rccsf1940_1969_0_1	rccsf1970_1999_2_1	1969	1940	1999	1970	1954.97	1982.63	0.85	0.85	0.81	0.78	0.836724077929	0.785628733611	0.887819422247	0.055	0.07	0.04
cross	rccsf1940_1969_0_1	rccsf1970_1999_3_1	1969	1940	1999	1970	1954.97	1983.61	0.85	0.91	0.82	0.83	0.998506515387	0.997893526236	0.999119504538	0.055	0.08	0.03
cross	rccsf1940_1969_0_1	rccsf1970_1999_4_1	1969	1940	1999	1970	1954.97	1984.05	0.85	0.85	0.74	0.75	0.749371560188	0.770074377002	0.728668743375	0.105	0.1	0.11
self	rccsf1970_1999_0_1	rccsf1970_1999_0_2	1999	1970	1999	1970	1983.76	1985.53	0.89	0.97	0.84	0.9	1.6140176323	1.53470980999	1.69332545461	0.06	0.07	0.05
self	rccsf1880_1909_1_1	rccsf1880_1909_1_2	1909	1880	1909	1880	1895.09	1895.67	0.85	0.85	0.82	0.81	1.1320052808	1.1913565061	1.07265405549	0.035	0.04	0.03
cross	rccsf1880_1909_1_1	rccsf1910_1939_0_1	1909	1880	1939	1910	1895.09	1921.51	0.85	0.89	0.82	0.88	1.41181998557	1.46335284246	1.36028712869	0.02	0.01	0.03
cross	rccsf1880_1909_1_1	rccsf1910_1939_1_1	1909	1880	1939	1910	1895.09	1921.51	0.85	0.95	0.86	0.87	1.46066166748	1.60802936424	1.31329397073	0.035	0.08	-0.01
cross	rccsf1880_1909_1_1	rccsf1910_1939_2_1	1909	1880	1939	1910	1895.09	1922.06	0.85	0.89	0.87	0.89	1.32632096749	1.46031505804	1.19232687694	-0.01	0.0	-0.02
cross	rccsf1880_1909_1_2	rccsf1910_1939_3_2	1909	1880	1939	1910	1895.67	1921.12	0.85	0.87	0.75	0.87	1.1441761233	1.16331786883	1.12503437776	0.05	0.0	0.1
cross	rccsf1880_1909_1_2	rccsf1910_1939_4_2	1909	1880	1939	1910	1895.67	1922.05	0.85	0.79	0.76	0.8	0.944279200108	0.874953985791	1.01360441442	0.04	-0.01	0.09
self	rccsf1910_1939_1_1	rccsf1910_1939_1_2	1939	1910	1939	1910	1921.51	1921.74	0.95	0.9	0.82	0.86	1.27863826946	1.32768693137	1.22958960756	0.085	0.04	0.13
cross	rccsf1910_1939_1_2	rccsf1940_1969_0_2	1939	1910	1969	1940	1921.74	1956.05	0.9	0.95	0.9	0.88	1.42585890572	1.39602057408	1.45569723737	0.035	0.07	0.0
cross	rccsf1910_1939_1_1	rccsf1940_1969_1_1	1939	1910	1969	1940	1921.51	1955.9	0.95	0.83	0.85	0.8	1.14486425204	1.03246101162	1.25726749246	0.065	0.03	0.1
cross	rccsf1910_1939_1_2	rccsf1940_1969_2_2	1939	1910	1969	1940	1921.74	1955.23	0.9	0.89	0.85	0.88	1.26647340699	1.41771328225	1.11523353173	0.03	0.01	0.05
cross	rccsf1910_1939_1_1	rccsf1940_1969_3_1	1939	1910	1969	1940	1921.51	1955.92	0.95	0.91	0.88	0.83	1.32346547229	1.21869203418	1.4282389104	0.075	0.08	0.07
cross	rccsf1910_1939_1_1	rccsf1940_1969_4_1	1939	1910	1969	1940	1921.51	1954.06	0.95	0.87	0.81	0.79	1.07280019222	0.970279038792	1.17532134565	0.11	0.08	0.14
self	rccsf1940_1969_1_1	rccsf1940_1969_1_2	1969	1940	1969	1940	1955.9	1954.54	0.83	0.95	0.9	0.89	1.50282699709	1.61062493077	1.39502906341	-0.005	0.06	-0.07
cross	rccsf1940_1969_1_2	rccsf1970_1999_0_2	1969	1940	1999	1970	1954.54	1985.53	0.95	0.97	0.9	0.88	1.38179300306	1.31803580534	1.44555020077	0.07	0.09	0.05
cross	rccsf1940_1969_1_1	rccsf1970_1999_1_1	1969	1940	1999	1970	1955.9	1983.01	0.83	0.91	0.81	0.86	1.12487866941	1.24123895184	1.00851838697	0.035	0.05	0.02
cross	rccsf1940_1969_1_1	rccsf1970_1999_2_1	1969	1940	1999	1970	1955.9	1982.63	0.83	0.85	0.85	0.83	1.19999487191	1.1629107099	1.23707903391	0.0	0.02	-0.02
cross	rccsf1940_1969_1_2	rccsf1970_1999_3_2	1969	1940	1999	1970	1954.54	1985.93	0.95	0.88	0.89	0.85	1.25195080768	1.24402858039	1.25987303497	0.045	0.03	0.06
cross	rccsf1940_1969_1_2	rccsf1970_1999_4_2	1969	1940	1999	1970	1954.54	1985.33	0.95	0.86	0.84	0.85	1.22077087701	1.1838408057	1.25770094832	0.06	0.01	0.11
self	rccsf1970_1999_1_1	rccsf1970_1999_1_2	1999	1970	1999	1970	1983.01	1985.09	0.91	0.91	0.85	0.86	1.53036925578	1.4653456878	1.59539282377	0.055	0.05	0.06
self	rccsf1880_1909_2_1	rccsf1880_1909_2_2	1909	1880	1909	1880	1895.39	1896.57	0.81	0.85	0.81	0.8	1.11962643186	1.07348629902	1.16576656471	0.025	0.05	0.0
cross	rccsf1880_1909_2_1	rccsf1910_1939_0_1	1909	1880	1939	1910	1895.39	1921.51	0.81	0.89	0.78	0.91	1.29593648506	1.18093679108	1.41093617905	0.005	-0.02	0.03
cross	rccsf1880_1909_2_2	rccsf1910_1939_1_2	1909	1880	1939	1910	1896.57	1921.74	0.85	0.9	0.84	0.87	1.22581301906	1.23536476543	1.21626127268	0.02	0.03	0.01
cross	rccsf1880_1909_2_1	rccsf1910_1939_2_1	1909	1880	1939	1910	1895.39	1922.06	0.81	0.89	0.77	0.85	1.28514959537	1.26983665383	1.30046253691	0.04	0.04	0.04
cross	rccsf1880_1909_2_1	rccsf1910_1939_3_1	1909	1880	1939	1910	1895.39	1922.37	0.81	0.86	0.77	0.87	1.2198127117	1.2481525554	1.191472868	0.015	-0.01	0.04
cross	rccsf1880_1909_2_2	rccsf1910_1939_4_2	1909	1880	1939	1910	1896.57	1922.05	0.85	0.79	0.81	0.88	1.12179309305	1.14307081213	1.10051537396	-0.025	-0.09	0.04
self	rccsf1910_1939_2_1	rccsf1910_1939_2_2	1939	1910	1939	1910	1922.06	1922.25	0.89	0.89	0.84	0.86	1.49256621199	1.61413242949	1.37099999448	0.04	0.03	0.05
cross	rccsf1910_1939_2_2	rccsf1940_1969_0_2	1939	1910	1969	1940	1922.25	1956.05	0.89	0.95	0.9	0.89	1.44343572133	1.52999093315	1.35688050951	0.025	0.06	-0.01
cross	rccsf1910_1939_2_2	rccsf1940_1969_1_2	1939	1910	1969	1940	1922.25	1954.54	0.89	0.95	0.82	0.73	1.02265891773	1.05312493634	0.992192899111	0.145	0.22	0.07
cross	rccsf1910_1939_2_1	rccsf1940_1969_2_1	1939	1910	1969	1940	1922.06	1956.8	0.89	0.9	0.75	0.83	1.24443693751	1.2169085071	1.27196536791	0.105	0.07	0.14
cross	rccsf1910_1939_2_1	rccsf1940_1969_3_1	1939	1910	1969	1940	1922.06	1955.92	0.89	0.91	0.88	0.87	1.38802429067	1.32553905166	1.45050952969	0.025	0.04	0.01
cross	rccsf1910_1939_2_1	rccsf1940_1969_4_1	1939	1910	1969	1940	1922.06	1954.06	0.89	0.87	0.84	0.87	1.33101608205	1.36496555112	1.29706661298	0.025	0.0	0.05
self	rccsf1940_1969_2_1	rccsf1940_1969_2_2	1969	1940	1969	1940	1956.8	1955.23	0.9	0.89	0.87	0.9	1.35432691617	1.47035926282	1.23829456953	0.01	-0.01	0.03
cross	rccsf1940_1969_2_1	rccsf1970_1999_0_1	1969	1940	1999	1970	1956.8	1983.76	0.9	0.89	0.83	0.85	1.10752009456	1.001320596	1.21371959311	0.055	0.04	0.07
cross	rccsf1940_1969_2_2	rccsf1970_1999_1_2	1969	1940	1999	1970	1955.23	1985.09	0.89	0.91	0.8	0.88	1.18295021294	1.0511736419	1.31472678399	0.06	0.03	0.09
cross	rccsf1940_1969_2_1	rccsf1970_1999_2_1	1969	1940	1999	1970	1956.8	1982.63	0.9	0.85	0.82	0.81	1.07798524032	0.90443778823	1.2515326924	0.06	0.04	0.08
cross	rccsf1940_1969_2_2	rccsf1970_1999_3_2	1969	1940	1999	1970	1955.23	1985.93	0.89	0.88	0.89	0.87	1.32115625723	1.30181713774	1.34049537672	0.005	0.01	0.0
cross	rccsf1940_1969_2_1	rccsf1970_1999_4_1	1969	1940	1999	1970	1956.8	1984.05	0.9	0.85	0.73	0.82	0.792322762689	0.819488683618	0.765156841761	0.1	0.03	0.17
self	rccsf1970_1999_2_1	rccsf1970_1999_2_2	1999	1970	1999	1970	1982.63	1986.24	0.85	0.86	0.84	0.87	1.48614303515	1.44117192222	1.53111414809	0.0	-0.01	0.01
self	rccsf1880_1909_3_1	rccsf1880_1909_3_2	1909	1880	1909	1880	1896.67	1893.74	0.85	0.81	0.78	0.79	0.96875270102	1.00157834896	0.93592705308	0.045	0.02	0.07
cross	rccsf1880_1909_3_2	rccsf1910_1939_0_2	1909	1880	1939	1910	1893.74	1922.28	0.81	0.89	0.81	0.83	1.32577758321	1.36842097215	1.28313419428	0.03	0.06	0.0
cross	rccsf1880_1909_3_1	rccsf1910_1939_1_1	1909	1880	1939	1910	1896.67	1921.51	0.85	0.95	0.84	0.87	1.17870484502	1.18491423805	1.17249545198	0.045	0.08	0.01
cross	rccsf1880_1909_3_1	rccsf1910_1939_2_1	1909	1880	1939	1910	1896.67	1922.06	0.85	0.89	0.81	0.89	1.26956821796	1.31673871164	1.22239772428	0.02	0.0	0.04
cross	rccsf1880_1909_3_1	rccsf1910_1939_3_1	1909	1880	1939	1910	1896.67	1922.37	0.85	0.86	0.78	0.84	1.21521046829	1.17535911346	1.25506182312	0.045	0.02	0.07
cross	rccsf1880_1909_3_1	rccsf1910_1939_4_1	1909	1880	1939	1910	1896.67	1921.71	0.85	0.93	0.83	0.86	1.44728275178	1.53090337021	1.36366213336	0.045	0.07	0.02
self	rccsf1910_1939_3_1	rccsf1910_1939_3_2	1939	1910	1939	1910	1922.37	1921.12	0.86	0.87	0.81	0.82	1.36997005126	1.40089316054	1.33904694198	0.05	0.05	0.05
cross	rccsf1910_1939_3_1	rccsf1940_1969_0_1	1939	1910	1969	1940	1922.37	1954.97	0.86	0.85	0.69	0.66	0.658391907387	0.697037899728	0.619745915046	0.18	0.19	0.17
cross	rccsf1910_1939_3_2	rccsf1940_1969_1_2	1939	1910	1969	1940	1921.12	1954.54	0.87	0.95	0.83	0.73	0.905484196386	0.915060654798	0.895907737974	0.13	0.22	0.04
cross	rccsf1910_1939_3_2	rccsf1940_1969_2_2	1939	1910	1969	1940	1921.12	1955.23	0.87	0.89	0.83	0.75	0.9317903008	0.963889118504	0.899691483095	0.09	0.14	0.04
cross	rccsf1910_1939_3_2	rccsf1940_1969_3_2	1939	1910	1969	1940	1921.12	1957.54	0.87	0.9	0.77	0.73	0.656104827792	0.670502806613	0.641706848971	0.135	0.17	0.1
cross	rccsf1910_1939_3_1	rccsf1940_1969_4_1	1939	1910	1969	1940	1922.37	1954.06	0.86	0.87	0.84	0.72	1.02788642109	0.99735254257	1.0584202996	0.085	0.15	0.02
self	rccsf1940_1969_3_1	rccsf1940_1969_3_2	1969	1940	1969	1940	1955.92	1957.54	0.91	0.9	0.84	0.86	1.32572489401	1.47218790838	1.17926187964	0.055	0.04	0.07
cross	rccsf1940_1969_3_2	rccsf1970_1999_0_2	1969	1940	1999	1970	1957.54	1985.53	0.9	0.97	0.84	0.93	1.19241748378	1.17328537421	1.21154959336	0.05	0.04	0.06
cross	rccsf1940_1969_3_1	rccsf1970_1999_1_1	1969	1940	1999	1970	1955.92	1983.01	0.91	0.91	0.84	0.88	1.2456164404	1.23578242234	1.25545045845	0.05	0.03	0.07
cross	rccsf1940_1969_3_1	rccsf1970_1999_2_1	1969	1940	1999	1970	1955.92	1982.63	0.91	0.85	0.88	0.85	1.30473402681	1.19892799839	1.41054005522	0.015	0.0	0.03
cross	rccsf1940_1969_3_1	rccsf1970_1999_3_1	1969	1940	1999	1970	1955.92	1983.61	0.91	0.91	0.92	0.9	1.31653175962	1.30130295116	1.33176056808	0.0	0.01	-0.01
cross	rccsf1940_1969_3_1	rccsf1970_1999_4_1	1969	1940	1999	1970	1955.92	1984.05	0.91	0.85	0.83	0.85	1.10893800011	1.01567925491	1.20219674531	0.04	0.0	0.08
self	rccsf1970_1999_3_1	rccsf1970_1999_3_2	1999	1970	1999	1970	1983.61	1985.93	0.91	0.88	0.88	0.88	1.39926383959	1.43204641844	1.36648126074	0.015	0.0	0.03
self	rccsf1880_1909_4_1	rccsf1880_1909_4_2	1909	1880	1909	1880	1894.35	1896.97	0.84	0.87	0.81	0.83	1.39847925969	1.44356673113	1.35339178824	0.035	0.04	0.03
cross	rccsf1880_1909_4_1	rccsf1910_1939_0_1	1909	1880	1939	1910	1894.35	1921.51	0.84	0.89	0.8	0.93	1.54008515206	1.40373640934	1.67643389478	-5.55111512313e-17	-0.04	0.04
cross	rccsf1880_1909_4_1	rccsf1910_1939_1_1	1909	1880	1939	1910	1894.35	1921.51	0.84	0.95	0.83	0.89	1.49505259366	1.53139531118	1.45870987613	0.035	0.06	0.01
cross	rccsf1880_1909_4_2	rccsf1910_1939_2_2	1909	1880	1939	1910	1896.97	1922.25	0.87	0.89	0.77	0.86	1.38002294241	1.33057968114	1.42946620368	0.065	0.03	0.1
cross	rccsf1880_1909_4_2	rccsf1910_1939_3_2	1909	1880	1939	1910	1896.97	1921.12	0.87	0.87	0.73	0.87	1.27305906457	1.23875628867	1.30736184047	0.07	0.0	0.14
cross	rccsf1880_1909_4_2	rccsf1910_1939_4_2	1909	1880	1939	1910	1896.97	1922.05	0.87	0.79	0.75	0.81	1.11143239391	1.11386550117	1.10899928665	0.05	-0.02	0.12
self	rccsf1910_1939_4_1	rccsf1910_1939_4_2	1939	1910	1939	1910	1921.71	1922.05	0.93	0.79	0.89	0.87	1.41499752592	1.30308116849	1.52691388335	-0.02	-0.08	0.04
cross	rccsf1910_1939_4_2	rccsf1940_1969_0_2	1939	1910	1969	1940	1922.05	1956.05	0.79	0.95	0.95	0.9	1.45282342218	1.55020544842	1.35544139593	-0.055	0.05	-0.16
cross	rccsf1910_1939_4_1	rccsf1940_1969_1_1	1939	1910	1969	1940	1921.71	1955.9	0.93	0.83	0.87	0.81	1.29117828167	1.18456899787	1.39778756547	0.04	0.02	0.06
cross	rccsf1910_1939_4_1	rccsf1940_1969_2_1	1939	1910	1969	1940	1921.71	1956.8	0.93	0.9	0.77	0.82	1.14878899154	1.10838944621	1.18918853686	0.12	0.08	0.16
cross	rccsf1910_1939_4_2	rccsf1940_1969_3_2	1939	1910	1969	1940	1922.05	1957.54	0.79	0.9	0.72	0.81	0.823221926073	0.925900548887	0.720543303259	0.08	0.09	0.07
cross	rccsf1910_1939_4_1	rccsf1940_1969_4_1	1939	1910	1969	1940	1921.71	1954.06	0.93	0.87	0.82	0.81	1.14745468885	1.07953690679	1.21537247091	0.085	0.06	0.11
self	rccsf1940_1969_4_1	rccsf1940_1969_4_2	1969	1940	1969	1940	1954.06	1957.53	0.87	0.86	0.88	0.86	1.47432114925	1.61865215277	1.32999014574	-0.005	0.0	-0.01
cross	rccsf1940_1969_4_2	rccsf1970_1999_0_2	1969	1940	1999	1970	1957.53	1985.53	0.86	0.97	0.84	0.91	1.5798171314	1.50893951796	1.65069474484	0.04	0.06	0.02
cross	rccsf1940_1969_4_1	rccsf1970_1999_1_1	1969	1940	1999	1970	1954.06	1983.01	0.87	0.91	0.84	0.86	1.24652026572	1.20188090815	1.2911596233	0.04	0.05	0.03
cross	rccsf1940_1969_4_1	rccsf1970_1999_2_1	1969	1940	1999	1970	1954.06	1982.63	0.87	0.85	0.86	0.84	1.41322084675	1.25471658484	1.57172510866	0.01	0.01	0.01
cross	rccsf1940_1969_4_1	rccsf1970_1999_3_1	1969	1940	1999	1970	1954.06	1983.61	0.87	0.91	0.86	0.9	1.31125862844	1.29060890726	1.33190834963	0.01	0.01	0.01
cross	rccsf1940_1969_4_2	rccsf1970_1999_4_2	1969	1940	1999	1970	1957.53	1985.33	0.86	0.86	0.83	0.86	1.4431812465	1.35313610341	1.53322638958	0.015	0.0	0.03
self	rccsf1970_1999_4_1	rccsf1970_1999_4_2	1999	1970	1999	1970	1984.05	1985.33	0.85	0.86	0.83	0.77	1.19245093465	1.18675886461	1.19814300469	0.055	0.09	0.02
self	rccsf1890_1919_0_1	rccsf1890_1919_0_2	1919	1890	1919	1890	1903.52	1905.11	0.84	0.88	0.81	0.84	1.38690802751	1.29290700502	1.48090905	0.035	0.04	0.03
cross	rccsf1890_1919_0_2	rccsf1920_1949_0_2	1919	1890	1949	1920	1905.11	1935.77	0.88	0.9	0.86	0.91	1.46196421854	1.61168294306	1.31224549402	0.005	-0.01	0.02
cross	rccsf1890_1919_0_2	rccsf1920_1949_1_2	1919	1890	1949	1920	1905.11	1934.11	0.88	0.92	0.82	0.87	1.38543404382	1.50010107364	1.27076701401	0.055	0.05	0.06
cross	rccsf1890_1919_0_1	rccsf1920_1949_2_1	1919	1890	1949	1920	1903.52	1935.21	0.84	0.83	0.77	0.84	1.39044087215	1.39469894586	1.38618279845	0.03	-0.01	0.07
cross	rccsf1890_1919_0_2	rccsf1920_1949_3_2	1919	1890	1949	1920	1905.11	1932.48	0.88	0.84	0.84	0.83	1.27874431858	1.28667728339	1.27081135377	0.025	0.01	0.04
cross	rccsf1890_1919_0_2	rccsf1920_1949_4_2	1919	1890	1949	1920	1905.11	1936.27	0.88	0.9	0.85	0.82	1.30170988945	1.33521874392	1.26820103499	0.055	0.08	0.03
self	rccsf1920_1949_0_1	rccsf1920_1949_0_2	1949	1920	1949	1920	1934.11	1935.77	0.9	0.9	0.86	0.9	1.7080942354	1.69503478486	1.72115368594	0.02	0.0	0.04
cross	rccsf1920_1949_0_2	rccsf1950_1979_0_2	1949	1920	1979	1950	1935.77	1963.91	0.9	0.91	0.88	0.83	1.36530360276	1.38068297171	1.3499242338	0.05	0.08	0.02
cross	rccsf1920_1949_0_2	rccsf1950_1979_1_2	1949	1920	1979	1950	1935.77	1964.96	0.9	0.93	0.88	0.88	1.49403839121	1.53768873753	1.4503880449	0.035	0.05	0.02
cross	rccsf1920_1949_0_2	rccsf1950_1979_2_2	1949	1920	1979	1950	1935.77	1963.41	0.9	0.92	0.85	0.81	1.13269173247	1.18691283857	1.07847062638	0.08	0.11	0.05
cross	rccsf1920_1949_0_1	rccsf1950_1979_3_1	1949	1920	1979	1950	1934.11	1965.5	0.9	0.85	0.9	0.86	1.65381305678	1.67864327021	1.62898284335	-0.005	-0.01	0.0
cross	rccsf1920_1949_0_2	rccsf1950_1979_4_2	1949	1920	1979	1950	1935.77	1964.71	0.9	0.97	0.93	0.9	1.71815806845	1.72486222838	1.71145390852	0.02	0.07	-0.03
self	rccsf1950_1979_0_1	rccsf1950_1979_0_2	1979	1950	1979	1950	1964.86	1963.91	0.9	0.91	0.81	0.88	1.44432549797	1.42765542746	1.46099556847	0.06	0.03	0.09
cross	rccsf1950_1979_0_1	rccsf1980_2009_0_1	1979	1950	2009	1980	1964.86	1993.83	0.9	0.91	0.82	0.83	1.14081555963	1.10312903122	1.17850208803	0.08	0.08	0.08
cross	rccsf1950_1979_0_1	rccsf1980_2009_1_1	1979	1950	2009	1980	1964.86	1994.55	0.9	0.94	0.84	0.83	1.2006879229	1.17133125485	1.23004459094	0.085	0.11	0.06
cross	rccsf1950_1979_0_2	rccsf1980_2009_2_2	1979	1950	2009	1980	1963.91	1994.95	0.91	0.83	0.86	0.79	1.24278822129	1.10991516972	1.37566127286	0.045	0.04	0.05
cross	rccsf1950_1979_0_2	rccsf1980_2009_3_2	1979	1950	2009	1980	1963.91	1994.33	0.91	0.91	0.88	0.88	1.13547161957	1.20982725185	1.06111598729	0.03	0.03	0.03
cross	rccsf1950_1979_0_2	rccsf1980_2009_4_2	1979	1950	2009	1980	1963.91	1995.81	0.91	0.96	0.92	0.91	1.49594890062	1.46428610019	1.52761170105	0.02	0.05	-0.01
self	rccsf1980_2009_0_1	rccsf1980_2009_0_2	2009	1980	2009	1980	1993.83	1995.32	0.91	0.89	0.85	0.91	1.49021734515	1.39800882837	1.58242586193	0.02	-0.02	0.06
self	rccsf1890_1919_1_1	rccsf1890_1919_1_2	1919	1890	1919	1890	1905.87	1903.36	0.81	0.84	0.79	0.8	1.11010376087	1.09346633176	1.12674118999	0.03	0.04	0.02
cross	rccsf1890_1919_1_1	rccsf1920_1949_0_1	1919	1890	1949	1920	1905.87	1934.11	0.81	0.9	0.79	0.87	1.39115479734	1.40033733609	1.38197225859	0.025	0.03	0.02
cross	rccsf1890_1919_1_2	rccsf1920_1949_1_2	1919	1890	1949	1920	1903.36	1934.11	0.84	0.92	0.78	0.77	1.20514510331	1.16294771309	1.24734249353	0.105	0.15	0.06
cross	rccsf1890_1919_1_2	rccsf1920_1949_2_2	1919	1890	1949	1920	1903.36	1936.49	0.84	0.91	0.77	0.83	1.31462472662	1.28745236263	1.3417970906	0.075	0.08	0.07
cross	rccsf1890_1919_1_2	rccsf1920_1949_3_2	1919	1890	1949	1920	1903.36	1932.48	0.84	0.84	0.75	0.8	1.12235722123	0.966899731683	1.27781471078	0.065	0.04	0.09
cross	rccsf1890_1919_1_2	rccsf1920_1949_4_2	1919	1890	1949	1920	1903.36	1936.27	0.84	0.9	0.82	0.75	1.20557445538	1.03538125425	1.37576765652	0.085	0.15	0.02
self	rccsf1920_1949_1_1	rccsf1920_1949_1_2	1949	1920	1949	1920	1935.38	1934.11	0.86	0.92	0.84	0.89	1.53059124878	1.53961234211	1.52157015546	0.025	0.03	0.02
cross	rccsf1920_1949_1_1	rccsf1950_1979_0_1	1949	1920	1979	1950	1935.38	1964.86	0.86	0.9	0.82	0.86	1.24972834527	1.3911349675	1.10832172304	0.04	0.04	0.04
cross	rccsf1920_1949_1_2	rccsf1950_1979_1_2	1949	1920	1979	1950	1934.11	1964.96	0.92	0.93	0.94	0.93	1.53097390463	1.38385773703	1.67809007224	-0.01	0.0	-0.02
cross	rccsf1920_1949_1_1	rccsf1950_1979_2_1	1949	1920	1979	1950	1935.38	1965.14	0.86	0.9	0.88	0.88	1.40180739788	1.33670721574	1.46690758003	0.0	0.02	-0.02
cross	rccsf1920_1949_1_1	rccsf1950_1979_3_1	1949	1920	1979	1950	1935.38	1965.5	0.86	0.85	0.85	0.87	1.5018488888	1.53591361833	1.46778415928	-0.005	-0.02	0.01
cross	rccsf1920_1949_1_1	rccsf1950_1979_4_1	1949	1920	1979	1950	1935.38	1963.96	0.86	0.94	0.84	0.92	1.426849152	1.51375276416	1.33994553983	0.02	0.02	0.02
self	rccsf1950_1979_1_1	rccsf1950_1979_1_2	1979	1950	1979	1950	1964.37	1964.96	0.89	0.93	0.85	0.85	1.30688120005	1.27356699975	1.34019540035	0.06	0.08	0.04
cross	rccsf1950_1979_1_1	rccsf1980_2009_0_1	1979	1950	2009	1980	1964.37	1993.83	0.89	0.91	0.82	0.82	1.14633271358	1.20061922104	1.09204620613	0.08	0.09	0.07
cross	rccsf1950_1979_1_1	rccsf1980_2009_1_1	1979	1950	2009	1980	1964.37	1994.55	0.89	0.94	0.82	0.83	1.29970877088	1.40491133547	1.1945062063	0.09	0.11	0.07
cross	rccsf1950_1979_1_2	rccsf1980_2009_2_2	1979	1950	2009	1980	1964.96	1994.95	0.93	0.83	0.86	0.86	1.35770983719	1.40474333899	1.31067633539	0.02	-0.03	0.07
cross	rccsf1950_1979_1_2	rccsf1980_2009_3_2	1979	1950	2009	1980	1964.96	1994.33	0.93	0.91	0.89	0.84	1.39421366196	1.46885043799	1.31957688593	0.055	0.07	0.04
cross	rccsf1950_1979_1_1	rccsf1980_2009_4_1	1979	1950	2009	1980	1964.37	1994.08	0.89	0.87	0.81	0.72	0.978753212792	0.954723888259	1.00278253733	0.115	0.15	0.08
self	rccsf1980_2009_1_1	rccsf1980_2009_1_2	2009	1980	2009	1980	1994.55	1993.43	0.94	0.84	0.79	0.82	1.44253890921	1.42191143986	1.46316637855	0.085	0.02	0.15
self	rccsf1890_1919_2_1	rccsf1890_1919_2_2	1919	1890	1919	1890	1904.57	1904.82	0.87	0.85	0.85	0.82	1.37095249665	1.48632493268	1.25558006062	0.025	0.03	0.02
cross	rccsf1890_1919_2_2	rccsf1920_1949_0_2	1919	1890	1949	1920	1904.82	1935.77	0.85	0.9	0.86	0.88	1.41608737208	1.33432750895	1.49784723521	0.005	0.02	-0.01
cross	rccsf1890_1919_2_2	rccsf1920_1949_1_2	1919	1890	1949	1920	1904.82	1934.11	0.85	0.92	0.82	0.83	1.43300862448	1.27054536556	1.5954718834	0.06	0.09	0.03
cross	rccsf1890_1919_2_2	rccsf1920_1949_2_2	1919	1890	1949	1920	1904.82	1936.49	0.85	0.91	0.83	0.88	1.50336751607	1.59381404386	1.41292098828	0.025	0.03	0.02
cross	rccsf1890_1919_2_2	rccsf1920_1949_3_2	1919	1890	1949	1920	1904.82	1932.48	0.85	0.84	0.82	0.84	1.38052958217	1.13534682942	1.62571233491	0.015	0.0	0.03
cross	rccsf1890_1919_2_2	rccsf1920_1949_4_2	1919	1890	1949	1920	1904.82	1936.27	0.85	0.9	0.85	0.78	1.32723876789	1.19081378127	1.46366375452	0.06	0.12	0.0
self	rccsf1920_1949_2_1	rccsf1920_1949_2_2	1949	1920	1949	1920	1935.21	1936.49	0.83	0.91	0.83	0.88	1.45484114704	1.68691681615	1.22276547792	0.015	0.03	0.0
cross	rccsf1920_1949_2_1	rccsf1950_1979_0_1	1949	1920	1979	1950	1935.21	1964.86	0.83	0.9	0.79	0.74	0.926151189946	0.936056891061	0.916245488832	0.1	0.16	0.04
cross	rccsf1920_1949_2_1	rccsf1950_1979_1_1	1949	1920	1979	1950	1935.21	1964.37	0.83	0.89	0.82	0.77	0.954963815328	0.892753905871	1.01717372479	0.065	0.12	0.01
cross	rccsf1920_1949_2_1	rccsf1950_1979_2_1	1949	1920	1979	1950	1935.21	1965.14	0.83	0.9	0.86	0.83	1.16390515144	1.21452530294	1.11328499994	0.02	0.07	-0.03
cross	rccsf1920_1949_2_1	rccsf1950_1979_3_1	1949	1920	1979	1950	1935.21	1965.5	0.83	0.85	0.87	0.85	1.29515627312	1.28882267088	1.30148987536	-0.02	0.0	-0.04
cross	rccsf1920_1949_2_2	rccsf1950_1979_4_2	1949	1920	1979	1950	1936.49	1964.71	0.91	0.97	0.95	0.91	1.81323971728	1.78271584013	1.84376359443	0.01	0.06	-0.04
self	rccsf1950_1979_2_1	rccsf1950_1979_2_2	1979	1950	1979	1950	1965.14	1963.41	0.9	0.92	0.88	0.8	1.33229638086	1.34612394327	1.31846881844	0.07	0.12	0.02
cross	rccsf1950_1979_2_1	rccsf1980_2009_0_1	1979	1950	2009	1980	1965.14	1993.83	0.9	0.91	0.85	0.86	1.37845337181	1.41651137645	1.34039536717	0.05	0.05	0.05
cross	rccsf1950_1979_2_1	rccsf1980_2009_1_1	1979	1950	2009	1980	1965.14	1994.55	0.9	0.94	0.85	0.89	1.44178488521	1.47624496998	1.40732480045	0.05	0.05	0.05
cross	rccsf1950_1979_2_2	rccsf1980_2009_2_2	1979	1950	2009	1980	1963.41	1994.95	0.92	0.83	0.77	0.76	1.01906938652	0.952166003227	1.08597276982	0.11	0.07	0.15
cross	rccsf1950_1979_2_2	rccsf1980_2009_3_2	1979	1950	2009	1980	1963.41	1994.33	0.92	0.91	0.86	0.75	1.05668930905	0.966030417526	1.14734820057	0.11	0.16	0.06
cross	rccsf1950_1979_2_2	rccsf1980_2009_4_2	1979	1950	2009	1980	1963.41	1995.81	0.92	0.96	0.85	0.84	1.33834803554	1.29799502901	1.37870104207	0.095	0.12	0.07
self	rccsf1980_2009_2_1	rccsf1980_2009_2_2	2009	1980	2009	1980	1992.03	1994.95	0.94	0.83	0.88	0.82	1.35302721152	1.23361381472	1.47244060832	0.035	0.01	0.06
self	rccsf1890_1919_3_1	rccsf1890_1919_3_2	1919	1890	1919	1890	1904.67	1904.44	0.85	0.88	0.86	0.83	1.33795148289	1.24161858118	1.43428438461	0.02	0.05	-0.01
cross	rccsf1890_1919_3_1	rccsf1920_1949_0_1	1919	1890	1949	1920	1904.67	1934.11	0.85	0.9	0.86	0.9	1.52564213464	1.47560909683	1.57567517245	-0.005	0.0	-0.01
cross	rccsf1890_1919_3_1	rccsf1920_1949_1_1	1919	1890	1949	1920	1904.67	1935.38	0.85	0.86	0.85	0.84	1.49902284554	1.4716197534	1.52642593769	0.01	0.02	0.0
cross	rccsf1890_1919_3_1	rccsf1920_1949_2_1	1919	1890	1949	1920	1904.67	1935.21	0.85	0.83	0.81	0.86	1.48597505527	1.45306683829	1.51888327226	0.005	-0.03	0.04
cross	rccsf1890_1919_3_2	rccsf1920_1949_3_2	1919	1890	1949	1920	1904.44	1932.48	0.88	0.84	0.8	0.81	1.19113624383	1.11066244342	1.27161004425	0.055	0.03	0.08
cross	rccsf1890_1919_3_2	rccsf1920_1949_4_2	1919	1890	1949	1920	1904.44	1936.27	0.88	0.9	0.86	0.83	1.28060448244	1.24254759184	1.31866137305	0.045	0.07	0.02
self	rccsf1920_1949_3_1	rccsf1920_1949_3_2	1949	1920	1949	1920	1936.94	1932.48	0.92	0.84	0.83	0.87	1.18010519948	1.2371209074	1.12308949156	0.03	-0.03	0.09
cross	rccsf1920_1949_3_2	rccsf1950_1979_0_2	1949	1920	1979	1950	1932.48	1963.91	0.84	0.91	0.91	0.82	1.07137252396	1.05467783776	1.08806721016	0.01	0.09	-0.07
cross	rccsf1920_1949_3_2	rccsf1950_1979_1_2	1949	1920	1979	1950	1932.48	1964.96	0.84	0.93	0.87	0.89	1.37772326466	1.35410831493	1.40133821439	0.005	0.04	-0.03
cross	rccsf1920_1949_3_2	rccsf1950_1979_2_2	1949	1920	1979	1950	1932.48	1963.41	0.84	0.92	0.89	0.8	0.937251333558	0.90359493767	0.970907729446	0.035	0.12	-0.05
cross	rccsf1920_1949_3_1	rccsf1950_1979_3_1	1949	1920	1979	1950	1936.94	1965.5	0.92	0.85	0.9	0.87	1.62280007449	1.6589899704	1.58661017858	0.0	-0.02	0.02
cross	rccsf1920_1949_3_2	rccsf1950_1979_4_2	1949	1920	1979	1950	1932.48	1964.71	0.84	0.97	0.91	0.89	1.30352239044	1.40642555983	1.20061922104	0.005	0.08	-0.07
self	rccsf1950_1979_3_1	rccsf1950_1979_3_2	1979	1950	1979	1950	1965.5	1965.94	0.85	0.94	0.84	0.92	1.51302720651	1.42012482856	1.60592958446	0.015	0.02	0.01
cross	rccsf1950_1979_3_1	rccsf1980_2009_0_1	1979	1950	2009	1980	1965.5	1993.83	0.85	0.91	0.88	0.9	1.36677009534	1.35580083451	1.37773935616	-0.01	0.01	-0.03
cross	rccsf1950_1979_3_1	rccsf1980_2009_1_1	1979	1950	2009	1980	1965.5	1994.55	0.85	0.94	0.87	0.9	1.40381793649	1.23749790219	1.57013797078	0.01	0.04	-0.02
cross	rccsf1950_1979_3_1	rccsf1980_2009_2_1	1979	1950	2009	1980	1965.5	1992.03	0.85	0.94	0.84	0.93	1.33423760193	1.31976981074	1.34870539312	0.01	0.01	0.01
cross	rccsf1950_1979_3_1	rccsf1980_2009_3_1	1979	1950	2009	1980	1965.5	1995.41	0.85	0.87	0.86	0.82	1.38788578315	1.28795443466	1.48781713164	0.02	0.05	-0.01
cross	rccsf1950_1979_3_2	rccsf1980_2009_4_2	1979	1950	2009	1980	1965.94	1995.81	0.94	0.96	0.86	0.87	1.52352485098	1.5332969378	1.51375276416	0.085	0.09	0.08
self	rccsf1980_2009_3_1	rccsf1980_2009_3_2	2009	1980	2009	1980	1995.41	1994.33	0.87	0.91	0.84	0.82	1.38525606687	1.44272738082	1.32778475293	0.06	0.09	0.03
self	rccsf1890_1919_4_1	rccsf1890_1919_4_2	1919	1890	1919	1890	1904.62	1904.97	0.84	0.91	0.79	0.89	1.21093967745	1.35657182259	1.0653075323	0.035	0.02	0.05
cross	rccsf1890_1919_4_1	rccsf1920_1949_0_1	1919	1890	1949	1920	1904.62	1934.11	0.84	0.9	0.77	0.88	1.31708709769	1.41042692813	1.22374726726	0.045	0.02	0.07
cross	rccsf1890_1919_4_2	rccsf1920_1949_1_2	1919	1890	1949	1920	1904.97	1934.11	0.91	0.92	0.87	0.87	1.55589089356	1.50826495977	1.60351682736	0.045	0.05	0.04
cross	rccsf1890_1919_4_1	rccsf1920_1949_2_1	1919	1890	1949	1920	1904.62	1935.21	0.84	0.83	0.78	0.81	1.19024804505	1.23699529581	1.1435007943	0.04	0.02	0.06
cross	rccsf1890_1919_4_2	rccsf1920_1949_3_2	1919	1890	1949	1920	1904.97	1932.48	0.91	0.84	0.89	0.86	1.52295704477	1.38353406663	1.6623800229	0.0	-0.02	0.02
cross	rccsf1890_1919_4_1	rccsf1920_1949_4_1	1919	1890	1949	1920	1904.62	1934.35	0.84	0.94	0.74	0.86	1.18850139463	1.3495684703	1.02743431895	0.09	0.08	0.1
self	rccsf1920_1949_4_1	rccsf1920_1949_4_2	1949	1920	1949	1920	1934.35	1936.27	0.94	0.9	0.95	0.86	1.55922720219	1.64373430817	1.47472009621	0.015	0.04	-0.01
cross	rccsf1920_1949_4_2	rccsf1950_1979_0_2	1949	1920	1979	1950	1936.27	1963.91	0.9	0.91	0.86	0.86	1.40988271471	1.34320224951	1.47656317991	0.045	0.05	0.04
cross	rccsf1920_1949_4_1	rccsf1950_1979_1_1	1949	1920	1979	1950	1934.35	1964.37	0.94	0.89	0.9	0.85	1.21252664265	1.13655064156	1.28850264373	0.04	0.04	0.04
cross	rccsf1920_1949_4_1	rccsf1950_1979_2_1	1949	1920	1979	1950	1934.35	1965.14	0.94	0.9	0.86	0.84	1.34298893362	1.38186470605	1.30411316119	0.07	0.06	0.08
cross	rccsf1920_1949_4_2	rccsf1950_1979_3_2	1949	1920	1979	1950	1936.27	1965.94	0.9	0.94	0.82	0.89	1.64901897863	1.68635501419	1.61168294306	0.065	0.05	0.08
cross	rccsf1920_1949_4_1	rccsf1950_1979_4_1	1949	1920	1979	1950	1934.35	1963.96	0.94	0.94	0.89	0.89	1.3242447261	1.2542853216	1.39420413059	0.05	0.05	0.05
self	rccsf1950_1979_4_1	rccsf1950_1979_4_2	1979	1950	1979	1950	1963.96	1964.71	0.94	0.97	0.9	0.87	1.35759840031	1.40161655131	1.31358024931	0.07	0.1	0.04
cross	rccsf1950_1979_4_2	rccsf1980_2009_0_2	1979	1950	2009	1980	1964.71	1995.32	0.97	0.89	0.88	0.88	1.43276810889	1.37635312297	1.4891830948	0.05	0.01	0.09
cross	rccsf1950_1979_4_2	rccsf1980_2009_1_2	1979	1950	2009	1980	1964.71	1993.43	0.97	0.84	0.87	0.84	1.23454468854	1.13708248533	1.33200689176	0.05	0.0	0.1
cross	rccsf1950_1979_4_2	rccsf1980_2009_2_2	1979	1950	2009	1980	1964.71	1994.95	0.97	0.83	0.88	0.86	1.30282764544	1.2415763881	1.36407890279	0.03	-0.03	0.09
cross	rccsf1950_1979_4_2	rccsf1980_2009_3_2	1979	1950	2009	1980	1964.71	1994.33	0.97	0.91	0.9	0.81	1.20210974733	1.04248096619	1.36173852847	0.085	0.1	0.07
cross	rccsf1950_1979_4_1	rccsf1980_2009_4_1	1979	1950	2009	1980	1963.96	1994.08	0.94	0.87	0.79	0.72	0.848419390081	0.828890835571	0.867947944591	0.15	0.15	0.15
self	rccsf1980_2009_4_1	rccsf1980_2009_4_2	2009	1980	2009	1980	1994.08	1995.81	0.87	0.96	0.79	0.83	1.23578592208	1.31286481855	1.15870702561	0.105	0.13	0.08
