testype	name1	name2	acc1	acc2	spearman	spear1on2	spear2on1	loss	loss1on2	loss2on1	meandate	ceiling	floor
fantasyself	fantasynojuv1950to1969v0	fantasynojuv1950to1969v1	0.88	0.86	1.22371897951	1.24040759308	1.20703036595	-0.0933333333333	-0.0866666666667	-0.1	1959.5	1969	1950
fantasyself	fantasynojuv1950to1969v0	fantasynojuv1950to1969v2	0.88	0.88	1.22082640127	1.09299290968	1.34865989286	-0.0433333333333	-0.0733333333333	-0.0133333333333	1960.0	1969	1950
fantasyself	fantasynojuv1950to1969v0	fantasynojuv1950to1969v3	0.88	0.86	1.23344997171	1.13021270846	1.33668723497	-0.07	-0.08	-0.06	1959.5	1969	1950
fantasyself	fantasynojuv1950to1969v0	fantasynojuv1950to1969v4	0.88	0.853333333333	1.25220375392	1.22168100289	1.28272650495	-0.07	-0.0733333333333	-0.0666666666667	1960.0	1969	1950
cross	fantasynojuv1950to1969v0	sfnojuv1950to1969v0	0.88	0.933333333333	1.02276035521	1.15165933952	0.893861370898	0.0733333333333	0.02	0.126666666667	1960.0	1969	1950
cross	fantasynojuv1950to1969v0	sfnojuv1950to1969v1	0.88	0.913333333333	1.14510990559	1.25360367373	1.03661613745	0.0433333333333	-0.0133333333333	0.1	1960.0	1969	1950
cross	fantasynojuv1950to1969v0	sfnojuv1950to1969v2	0.88	0.913333333333	1.02744667251	1.17145759161	0.883435753408	0.0566666666667	-0.0133333333333	0.126666666667	1959.5	1969	1950
cross	fantasynojuv1950to1969v0	sfnojuv1950to1969v3	0.88	0.913333333333	1.08397231731	1.18814069047	0.979803944148	0.02	0.0	0.04	1959.5	1969	1950
cross	fantasynojuv1950to1969v0	sfnojuv1950to1969v4	0.88	0.9	1.1140536558	1.18616661228	1.04194069931	0.00666666666667	-0.04	0.0533333333333	1959.5	1969	1950
fantasyself	fantasynojuv1950to1969v1	fantasynojuv1950to1969v0	0.86	0.88	1.22371897951	1.20703036595	1.24040759308	-0.0933333333333	-0.1	-0.0866666666667	1959.5	1969	1950
fantasyself	fantasynojuv1950to1969v1	fantasynojuv1950to1969v2	0.86	0.88	1.2860765224	1.21493787537	1.35721516942	-0.0666666666667	-0.08	-0.0533333333333	1959.5	1969	1950
fantasyself	fantasynojuv1950to1969v1	fantasynojuv1950to1969v3	0.86	0.86	1.22302891031	1.15963238214	1.28642543848	-0.0933333333333	-0.1	-0.0866666666667	1959.0	1969	1950
fantasyself	fantasynojuv1950to1969v1	fantasynojuv1950to1969v4	0.86	0.853333333333	1.17775970868	1.27226854822	1.08325086914	-0.113333333333	-0.12	-0.106666666667	1959.5	1969	1950
cross	fantasynojuv1950to1969v1	sfnojuv1950to1969v0	0.86	0.933333333333	1.014359935	1.16310979117	0.865610078834	0.08	0.0266666666667	0.133333333333	1959.5	1969	1950
cross	fantasynojuv1950to1969v1	sfnojuv1950to1969v1	0.86	0.913333333333	1.06307435151	1.18262268154	0.943526021488	0.0466666666667	-0.0333333333333	0.126666666667	1959.5	1969	1950
cross	fantasynojuv1950to1969v1	sfnojuv1950to1969v2	0.86	0.913333333333	0.947616170299	1.17765992156	0.717572419042	0.06	-0.0266666666667	0.146666666667	1959.0	1969	1950
cross	fantasynojuv1950to1969v1	sfnojuv1950to1969v3	0.86	0.913333333333	1.14312984913	1.32647541677	0.959784281488	0.0266666666667	0.0	0.0533333333333	1959.0	1969	1950
cross	fantasynojuv1950to1969v1	sfnojuv1950to1969v4	0.86	0.9	1.10156014984	1.20534606247	0.997774237222	0.01	-0.04	0.06	1959.0	1969	1950
fantasyself	fantasynojuv1950to1969v2	fantasynojuv1950to1969v0	0.88	0.88	1.22082640127	1.34865989286	1.09299290968	-0.0433333333333	-0.0133333333333	-0.0733333333333	1960.0	1969	1950
fantasyself	fantasynojuv1950to1969v2	fantasynojuv1950to1969v1	0.88	0.86	1.2860765224	1.35721516942	1.21493787537	-0.0666666666667	-0.0533333333333	-0.08	1959.5	1969	1950
fantasyself	fantasynojuv1950to1969v2	fantasynojuv1950to1969v3	0.88	0.86	1.27901633921	1.27649827481	1.2815344036	-0.0666666666667	-0.0533333333333	-0.08	1959.5	1969	1950
fantasyself	fantasynojuv1950to1969v2	fantasynojuv1950to1969v4	0.88	0.853333333333	1.316940771	1.46688817927	1.16699336274	-0.0733333333333	-0.0666666666667	-0.08	1960.0	1969	1950
cross	fantasynojuv1950to1969v2	sfnojuv1950to1969v0	0.88	0.933333333333	1.05502572696	1.28956435945	0.820487094473	0.1	0.04	0.16	1960.0	1969	1950
cross	fantasynojuv1950to1969v2	sfnojuv1950to1969v1	0.88	0.913333333333	1.0307343147	1.12288780099	0.938580828423	0.07	0.02	0.12	1960.0	1969	1950
cross	fantasynojuv1950to1969v2	sfnojuv1950to1969v2	0.88	0.913333333333	0.948834243822	1.19307557547	0.704592912174	0.0833333333333	0.0	0.166666666667	1959.5	1969	1950
cross	fantasynojuv1950to1969v2	sfnojuv1950to1969v3	0.88	0.913333333333	1.1143118356	1.31891943567	0.909704235527	0.03	0.0133333333333	0.0466666666667	1959.5	1969	1950
cross	fantasynojuv1950to1969v2	sfnojuv1950to1969v4	0.88	0.9	1.06489838037	1.20851837761	0.921278383117	0.02	-0.0133333333333	0.0533333333333	1959.5	1969	1950
fantasyself	fantasynojuv1950to1969v3	fantasynojuv1950to1969v0	0.86	0.88	1.23344997171	1.33668723497	1.13021270846	-0.07	-0.06	-0.08	1959.5	1969	1950
fantasyself	fantasynojuv1950to1969v3	fantasynojuv1950to1969v1	0.86	0.86	1.22302891031	1.28642543848	1.15963238214	-0.0933333333333	-0.0866666666667	-0.1	1959.0	1969	1950
fantasyself	fantasynojuv1950to1969v3	fantasynojuv1950to1969v2	0.86	0.88	1.27901633921	1.2815344036	1.27649827481	-0.0666666666667	-0.08	-0.0533333333333	1959.5	1969	1950
fantasyself	fantasynojuv1950to1969v3	fantasynojuv1950to1969v4	0.86	0.853333333333	1.20131076889	1.32699619727	1.0756253405	-0.0933333333333	-0.0866666666667	-0.1	1959.5	1969	1950
cross	fantasynojuv1950to1969v3	sfnojuv1950to1969v0	0.86	0.933333333333	1.1114584739	1.30123934969	0.921677598125	0.0733333333333	0.0266666666667	0.12	1959.5	1969	1950
cross	fantasynojuv1950to1969v3	sfnojuv1950to1969v1	0.86	0.913333333333	1.12538093322	1.28783044913	0.962931417297	0.0566666666667	-0.00666666666667	0.12	1959.5	1969	1950
cross	fantasynojuv1950to1969v3	sfnojuv1950to1969v2	0.86	0.913333333333	1.10396902863	1.41722727714	0.790710780126	0.0666666666667	0.0	0.133333333333	1959.0	1969	1950
cross	fantasynojuv1950to1969v3	sfnojuv1950to1969v3	0.86	0.913333333333	1.18198542223	1.41930029077	0.944670553702	0.0233333333333	0.0	0.0466666666667	1959.0	1969	1950
cross	fantasynojuv1950to1969v3	sfnojuv1950to1969v4	0.86	0.9	1.1706159714	1.2997877868	1.04144415599	0.01	-0.0333333333333	0.0533333333333	1959.0	1969	1950
fantasyself	fantasynojuv1950to1969v4	fantasynojuv1950to1969v0	0.853333333333	0.88	1.25220375392	1.28272650495	1.22168100289	-0.07	-0.0666666666667	-0.0733333333333	1960.0	1969	1950
fantasyself	fantasynojuv1950to1969v4	fantasynojuv1950to1969v1	0.853333333333	0.86	1.17775970868	1.08325086914	1.27226854822	-0.113333333333	-0.106666666667	-0.12	1959.5	1969	1950
fantasyself	fantasynojuv1950to1969v4	fantasynojuv1950to1969v2	0.853333333333	0.88	1.316940771	1.16699336274	1.46688817927	-0.0733333333333	-0.08	-0.0666666666667	1960.0	1969	1950
fantasyself	fantasynojuv1950to1969v4	fantasynojuv1950to1969v3	0.853333333333	0.86	1.20131076889	1.0756253405	1.32699619727	-0.0933333333333	-0.1	-0.0866666666667	1959.5	1969	1950
cross	fantasynojuv1950to1969v4	sfnojuv1950to1969v0	0.853333333333	0.933333333333	1.16642075143	1.38465521638	0.948186286472	0.0633333333333	0.0266666666667	0.1	1960.0	1969	1950
cross	fantasynojuv1950to1969v4	sfnojuv1950to1969v1	0.853333333333	0.913333333333	1.10399358618	1.23495589961	0.973031272745	0.0333333333333	-0.0333333333333	0.1	1960.0	1969	1950
cross	fantasynojuv1950to1969v4	sfnojuv1950to1969v2	0.853333333333	0.913333333333	1.1061377802	1.33853002676	0.87374553364	0.04	-0.0333333333333	0.113333333333	1959.5	1969	1950
cross	fantasynojuv1950to1969v4	sfnojuv1950to1969v3	0.853333333333	0.913333333333	1.28811230549	1.42630631291	1.14991829807	0.0166666666667	0.0	0.0333333333333	1959.5	1969	1950
cross	fantasynojuv1950to1969v4	sfnojuv1950to1969v4	0.853333333333	0.9	1.19572670236	1.33712896576	1.05432443896	0.0166666666667	-0.02	0.0533333333333	1959.5	1969	1950
fantasyself	fantasynojuv1800to1899v0	fantasynojuv1800to1899v1	0.76	0.76	1.17731737255	1.25955336719	1.09508137792	-0.14	-0.1	-0.18	1873.0	1899	1800
fantasyself	fantasynojuv1800to1899v0	fantasynojuv1800to1899v2	0.76	0.773333333333	1.08833602341	1.21612230882	0.960549738006	-0.146666666667	-0.0866666666667	-0.206666666667	1873.5	1899	1800
fantasyself	fantasynojuv1800to1899v0	fantasynojuv1800to1899v3	0.76	0.84	1.21798558732	1.34403455255	1.09193662208	-0.133333333333	-0.08	-0.186666666667	1873.5	1899	1800
fantasyself	fantasynojuv1800to1899v0	fantasynojuv1800to1899v4	0.76	0.8	1.17901788311	1.33949062213	1.01854514408	-0.146666666667	-0.113333333333	-0.18	1874.5	1899	1800
cross	fantasynojuv1800to1899v0	sfnojuv1800to1899v0	0.76	0.866666666667	0.874030573	0.86023974063	0.88782140537	0.01	0.0333333333333	-0.0133333333333	1874.0	1899	1800
cross	fantasynojuv1800to1899v0	sfnojuv1800to1899v1	0.76	0.886666666667	1.01963919409	0.990774412527	1.04850397566	-0.00333333333333	0.0266666666667	-0.0333333333333	1874.0	1899	1800
cross	fantasynojuv1800to1899v0	sfnojuv1800to1899v2	0.76	0.886666666667	1.03930463482	1.03130859516	1.04730067448	0.00666666666667	0.02	-0.00666666666667	1874.5	1899	1800
cross	fantasynojuv1800to1899v0	sfnojuv1800to1899v3	0.76	0.9	1.00282079514	1.07344852248	0.932193067795	0.0	0.0533333333333	-0.0533333333333	1874.0	1899	1800
cross	fantasynojuv1800to1899v0	sfnojuv1800to1899v4	0.76	0.873333333333	0.981221145334	0.944958937755	1.01748335291	-0.0166666666667	0.00666666666667	-0.04	1873.0	1899	1800
fantasyself	fantasynojuv1800to1899v1	fantasynojuv1800to1899v0	0.76	0.76	1.17731737255	1.09508137792	1.25955336719	-0.14	-0.18	-0.1	1873.0	1899	1800
fantasyself	fantasynojuv1800to1899v1	fantasynojuv1800to1899v2	0.76	0.773333333333	0.977506760591	1.04086684292	0.914146678264	-0.206666666667	-0.2	-0.213333333333	1873.5	1899	1800
fantasyself	fantasynojuv1800to1899v1	fantasynojuv1800to1899v3	0.76	0.84	1.17270070713	1.32067747803	1.02472393622	-0.163333333333	-0.14	-0.186666666667	1873.5	1899	1800
fantasyself	fantasynojuv1800to1899v1	fantasynojuv1800to1899v4	0.76	0.8	1.14189973398	1.28320939612	1.00059007183	-0.16	-0.153333333333	-0.166666666667	1874.5	1899	1800
cross	fantasynojuv1800to1899v1	sfnojuv1800to1899v0	0.76	0.866666666667	0.840263394121	0.851081973015	0.829444815227	-0.00333333333333	0.0133333333333	-0.02	1874.0	1899	1800
cross	fantasynojuv1800to1899v1	sfnojuv1800to1899v1	0.76	0.886666666667	0.983958243715	0.996265591579	0.971650895852	0.0	0.02	-0.02	1874.0	1899	1800
cross	fantasynojuv1800to1899v1	sfnojuv1800to1899v2	0.76	0.886666666667	0.92517676609	0.958415015431	0.89193851675	0.0233333333333	0.0333333333333	0.0133333333333	1874.5	1899	1800
cross	fantasynojuv1800to1899v1	sfnojuv1800to1899v3	0.76	0.9	0.988447126478	1.12711303925	0.849781213708	-0.00666666666667	0.0266666666667	-0.04	1874.0	1899	1800
cross	fantasynojuv1800to1899v1	sfnojuv1800to1899v4	0.76	0.873333333333	0.95382606271	0.927010085804	0.980642039617	-0.0233333333333	-0.0266666666667	-0.02	1873.0	1899	1800
fantasyself	fantasynojuv1800to1899v2	fantasynojuv1800to1899v0	0.773333333333	0.76	1.08833602341	0.960549738006	1.21612230882	-0.146666666667	-0.206666666667	-0.0866666666667	1873.5	1899	1800
fantasyself	fantasynojuv1800to1899v2	fantasynojuv1800to1899v1	0.773333333333	0.76	0.977506760591	0.914146678264	1.04086684292	-0.206666666667	-0.213333333333	-0.2	1873.5	1899	1800
fantasyself	fantasynojuv1800to1899v2	fantasynojuv1800to1899v3	0.773333333333	0.84	1.12477839791	1.12956868626	1.11998810956	-0.163333333333	-0.146666666667	-0.18	1874.0	1899	1800
fantasyself	fantasynojuv1800to1899v2	fantasynojuv1800to1899v4	0.773333333333	0.8	1.09954512223	1.15405329782	1.04503694664	-0.156666666667	-0.173333333333	-0.14	1875.0	1899	1800
cross	fantasynojuv1800to1899v2	sfnojuv1800to1899v0	0.773333333333	0.866666666667	0.823026621042	0.805057180839	0.840996061244	0.01	0.0133333333333	0.00666666666667	1874.5	1899	1800
cross	fantasynojuv1800to1899v2	sfnojuv1800to1899v1	0.773333333333	0.886666666667	0.938599590286	0.895100282146	0.982098898427	-0.00666666666667	0.00666666666667	-0.02	1874.5	1899	1800
cross	fantasynojuv1800to1899v2	sfnojuv1800to1899v2	0.773333333333	0.886666666667	0.97023397791	0.95310765252	0.987360303301	0.00666666666667	0.00666666666667	0.00666666666667	1875.0	1899	1800
cross	fantasynojuv1800to1899v2	sfnojuv1800to1899v3	0.773333333333	0.9	1.00673715852	1.03856276273	0.974911554307	-0.0166666666667	0.02	-0.0533333333333	1874.5	1899	1800
cross	fantasynojuv1800to1899v2	sfnojuv1800to1899v4	0.773333333333	0.873333333333	0.938654836128	0.824557857477	1.05275181478	-0.0233333333333	-0.0266666666667	-0.02	1873.5	1899	1800
fantasyself	fantasynojuv1800to1899v3	fantasynojuv1800to1899v0	0.84	0.76	1.21798558732	1.09193662208	1.34403455255	-0.133333333333	-0.186666666667	-0.08	1873.5	1899	1800
fantasyself	fantasynojuv1800to1899v3	fantasynojuv1800to1899v1	0.84	0.76	1.17270070713	1.02472393622	1.32067747803	-0.163333333333	-0.186666666667	-0.14	1873.5	1899	1800
fantasyself	fantasynojuv1800to1899v3	fantasynojuv1800to1899v2	0.84	0.773333333333	1.12477839791	1.11998810956	1.12956868626	-0.163333333333	-0.18	-0.146666666667	1874.0	1899	1800
fantasyself	fantasynojuv1800to1899v3	fantasynojuv1800to1899v4	0.84	0.8	1.23039777323	1.26918169936	1.1916138471	-0.146666666667	-0.166666666667	-0.126666666667	1875.0	1899	1800
cross	fantasynojuv1800to1899v3	sfnojuv1800to1899v0	0.84	0.866666666667	0.923280895828	0.893391013587	0.95317077807	0.0333333333333	0.0	0.0666666666667	1874.5	1899	1800
cross	fantasynojuv1800to1899v3	sfnojuv1800to1899v1	0.84	0.886666666667	1.06167204722	1.02438107451	1.09896301993	0.0133333333333	-0.02	0.0466666666667	1874.5	1899	1800
cross	fantasynojuv1800to1899v3	sfnojuv1800to1899v2	0.84	0.886666666667	1.02242020134	1.0036308427	1.04120955997	0.0366666666667	0.0	0.0733333333333	1875.0	1899	1800
cross	fantasynojuv1800to1899v3	sfnojuv1800to1899v3	0.84	0.9	1.10557546051	1.15803158786	1.05311933317	0.0133333333333	0.0133333333333	0.0133333333333	1874.5	1899	1800
cross	fantasynojuv1800to1899v3	sfnojuv1800to1899v4	0.84	0.873333333333	1.07461022082	0.974015520312	1.17520492134	0.0133333333333	-0.0266666666667	0.0533333333333	1873.5	1899	1800
fantasyself	fantasynojuv1800to1899v4	fantasynojuv1800to1899v0	0.8	0.76	1.17901788311	1.01854514408	1.33949062213	-0.146666666667	-0.18	-0.113333333333	1874.5	1899	1800
fantasyself	fantasynojuv1800to1899v4	fantasynojuv1800to1899v1	0.8	0.76	1.14189973398	1.00059007183	1.28320939612	-0.16	-0.166666666667	-0.153333333333	1874.5	1899	1800
fantasyself	fantasynojuv1800to1899v4	fantasynojuv1800to1899v2	0.8	0.773333333333	1.09954512223	1.04503694664	1.15405329782	-0.156666666667	-0.14	-0.173333333333	1875.0	1899	1800
fantasyself	fantasynojuv1800to1899v4	fantasynojuv1800to1899v3	0.8	0.84	1.23039777323	1.1916138471	1.26918169936	-0.146666666667	-0.126666666667	-0.166666666667	1875.0	1899	1800
cross	fantasynojuv1800to1899v4	sfnojuv1800to1899v0	0.8	0.866666666667	0.944292469317	0.899902720913	0.988682217722	0.0133333333333	0.0266666666667	0.0	1875.5	1899	1800
cross	fantasynojuv1800to1899v4	sfnojuv1800to1899v1	0.8	0.886666666667	1.10515609775	1.0883993052	1.12191289029	-0.00333333333333	0.0	-0.00666666666667	1875.5	1899	1800
cross	fantasynojuv1800to1899v4	sfnojuv1800to1899v2	0.8	0.886666666667	1.08903545451	1.04703661556	1.13103429347	0.02	0.02	0.02	1876.0	1899	1800
cross	fantasynojuv1800to1899v4	sfnojuv1800to1899v3	0.8	0.9	1.17739144686	1.21361266472	1.141170229	0.00666666666667	0.0466666666667	-0.0333333333333	1875.5	1899	1800
cross	fantasynojuv1800to1899v4	sfnojuv1800to1899v4	0.8	0.873333333333	1.07767050033	0.97426791703	1.18107308363	0.00333333333333	0.0133333333333	-0.00666666666667	1874.5	1899	1800
fantasyself	fantasynojuv1980to1989v0	fantasynojuv1980to1989v1	0.906666666667	0.886666666667	1.38202584523	1.22154804827	1.54250364218	-0.0966666666667	-0.113333333333	-0.08	1984.5	1989	1980
fantasyself	fantasynojuv1980to1989v0	fantasynojuv1980to1989v2	0.906666666667	0.88	1.35300421294	1.38270536497	1.32330306091	-0.1	-0.113333333333	-0.0866666666667	1984.5	1989	1980
fantasyself	fantasynojuv1980to1989v0	fantasynojuv1980to1989v3	0.906666666667	0.873333333333	1.38362822703	1.30634164806	1.46091480599	-0.103333333333	-0.12	-0.0866666666667	1984.5	1989	1980
fantasyself	fantasynojuv1980to1989v0	fantasynojuv1980to1989v4	0.906666666667	0.926666666667	1.48222473961	1.4458628127	1.51858666651	-0.0766666666667	-0.0733333333333	-0.08	1984.5	1989	1980
cross	fantasynojuv1980to1989v0	sfnojuv1980to1989v0	0.906666666667	0.966666666667	1.37237355078	1.38468723709	1.36005986446	0.00666666666667	0.0	0.0133333333333	1984.5	1989	1980
cross	fantasynojuv1980to1989v0	sfnojuv1980to1989v1	0.906666666667	0.96	1.32980592372	1.35620915937	1.30340268807	0.0166666666667	0.0133333333333	0.02	1984.5	1989	1980
cross	fantasynojuv1980to1989v0	sfnojuv1980to1989v2	0.906666666667	0.933333333333	1.32166939492	1.31970489003	1.32363389982	-0.00333333333333	-0.02	0.0133333333333	1984.5	1989	1980
cross	fantasynojuv1980to1989v0	sfnojuv1980to1989v3	0.906666666667	0.953333333333	1.31770637591	1.27349466251	1.36191808931	0.00333333333333	0.0	0.00666666666667	1984.5	1989	1980
cross	fantasynojuv1980to1989v0	sfnojuv1980to1989v4	0.906666666667	0.966666666667	1.38156248826	1.39999039061	1.3631345859	0.0166666666667	0.0133333333333	0.02	1984.5	1989	1980
fantasyself	fantasynojuv1980to1989v1	fantasynojuv1980to1989v0	0.886666666667	0.906666666667	1.38202584523	1.54250364218	1.22154804827	-0.0966666666667	-0.08	-0.113333333333	1984.5	1989	1980
fantasyself	fantasynojuv1980to1989v1	fantasynojuv1980to1989v2	0.886666666667	0.88	1.30813313648	1.46413320018	1.15213307277	-0.1	-0.1	-0.1	1985.0	1989	1980
fantasyself	fantasynojuv1980to1989v1	fantasynojuv1980to1989v3	0.886666666667	0.873333333333	1.40460920172	1.47640381878	1.33281458466	-0.106666666667	-0.106666666667	-0.106666666667	1985.0	1989	1980
fantasyself	fantasynojuv1980to1989v1	fantasynojuv1980to1989v4	0.886666666667	0.926666666667	1.52432439319	1.62938254115	1.41926624524	-0.0833333333333	-0.0666666666667	-0.1	1985.0	1989	1980
cross	fantasynojuv1980to1989v1	sfnojuv1980to1989v0	0.886666666667	0.966666666667	1.35238760333	1.44372495958	1.26105024708	0.00666666666667	0.00666666666667	0.00666666666667	1985.0	1989	1980
cross	fantasynojuv1980to1989v1	sfnojuv1980to1989v1	0.886666666667	0.96	1.32818243307	1.41913008375	1.2372347824	0.0133333333333	0.0133333333333	0.0133333333333	1985.0	1989	1980
cross	fantasynojuv1980to1989v1	sfnojuv1980to1989v2	0.886666666667	0.933333333333	1.31091491433	1.37219326007	1.24963656859	5.55111512313e-17	-0.0133333333333	0.0133333333333	1985.0	1989	1980
cross	fantasynojuv1980to1989v1	sfnojuv1980to1989v3	0.886666666667	0.953333333333	1.34371324266	1.40484745074	1.28257903458	5.55111512313e-17	0.00666666666667	-0.00666666666667	1985.0	1989	1980
cross	fantasynojuv1980to1989v1	sfnojuv1980to1989v4	0.886666666667	0.966666666667	1.36310446993	1.47540535834	1.25080358152	0.0166666666667	0.0266666666667	0.00666666666667	1985.0	1989	1980
fantasyself	fantasynojuv1980to1989v2	fantasynojuv1980to1989v0	0.88	0.906666666667	1.35300421294	1.32330306091	1.38270536497	-0.1	-0.0866666666667	-0.113333333333	1984.5	1989	1980
fantasyself	fantasynojuv1980to1989v2	fantasynojuv1980to1989v1	0.88	0.886666666667	1.30813313648	1.15213307277	1.46413320018	-0.1	-0.1	-0.1	1985.0	1989	1980
fantasyself	fantasynojuv1980to1989v2	fantasynojuv1980to1989v3	0.88	0.873333333333	1.32593169925	1.24510464262	1.40675875587	-0.113333333333	-0.113333333333	-0.113333333333	1985.0	1989	1980
fantasyself	fantasynojuv1980to1989v2	fantasynojuv1980to1989v4	0.88	0.926666666667	1.43736938901	1.40983038627	1.46490839175	-0.09	-0.0666666666667	-0.113333333333	1985.0	1989	1980
cross	fantasynojuv1980to1989v2	sfnojuv1980to1989v0	0.88	0.966666666667	1.21279968368	1.20262352633	1.22297584103	0.0133333333333	0.0333333333333	-0.00666666666667	1985.0	1989	1980
cross	fantasynojuv1980to1989v2	sfnojuv1980to1989v1	0.88	0.96	1.20001769922	1.18882685527	1.21120854318	0.0233333333333	0.0466666666667	0.0	1985.0	1989	1980
cross	fantasynojuv1980to1989v2	sfnojuv1980to1989v2	0.88	0.933333333333	1.19098355073	1.14199600108	1.23997110039	0.0133333333333	0.02	0.00666666666667	1985.0	1989	1980
cross	fantasynojuv1980to1989v2	sfnojuv1980to1989v3	0.88	0.953333333333	1.20455720713	1.16812016655	1.24099424772	0.01	0.02	0.0	1985.0	1989	1980
cross	fantasynojuv1980to1989v2	sfnojuv1980to1989v4	0.88	0.966666666667	1.2151080818	1.21186217237	1.21835399124	0.03	0.0533333333333	0.00666666666667	1985.0	1989	1980
fantasyself	fantasynojuv1980to1989v3	fantasynojuv1980to1989v0	0.873333333333	0.906666666667	1.38362822703	1.46091480599	1.30634164806	-0.103333333333	-0.0866666666667	-0.12	1984.5	1989	1980
fantasyself	fantasynojuv1980to1989v3	fantasynojuv1980to1989v1	0.873333333333	0.886666666667	1.40460920172	1.33281458466	1.47640381878	-0.106666666667	-0.106666666667	-0.106666666667	1985.0	1989	1980
fantasyself	fantasynojuv1980to1989v3	fantasynojuv1980to1989v2	0.873333333333	0.88	1.32593169925	1.40675875587	1.24510464262	-0.113333333333	-0.113333333333	-0.113333333333	1985.0	1989	1980
fantasyself	fantasynojuv1980to1989v3	fantasynojuv1980to1989v4	0.873333333333	0.926666666667	1.55417762846	1.61075320211	1.49760205481	-0.09	-0.0666666666667	-0.113333333333	1985.0	1989	1980
cross	fantasynojuv1980to1989v3	sfnojuv1980to1989v0	0.873333333333	0.966666666667	1.35140495811	1.35884990111	1.34396001511	-0.00666666666667	0.0	-0.0133333333333	1985.0	1989	1980
cross	fantasynojuv1980to1989v3	sfnojuv1980to1989v1	0.873333333333	0.96	1.35455389445	1.38111211022	1.32799567867	0.00333333333333	0.02	-0.0133333333333	1985.0	1989	1980
cross	fantasynojuv1980to1989v3	sfnojuv1980to1989v2	0.873333333333	0.933333333333	1.30178618109	1.30458483683	1.29898752535	-0.0133333333333	-0.0133333333333	-0.0133333333333	1985.0	1989	1980
cross	fantasynojuv1980to1989v3	sfnojuv1980to1989v3	0.873333333333	0.953333333333	1.31390749666	1.30032651486	1.32748847847	-0.0133333333333	0.0	-0.0266666666667	1985.0	1989	1980
cross	fantasynojuv1980to1989v3	sfnojuv1980to1989v4	0.873333333333	0.966666666667	1.33358602878	1.37865137225	1.28852068532	0.00333333333333	0.02	-0.0133333333333	1985.0	1989	1980
fantasyself	fantasynojuv1980to1989v4	fantasynojuv1980to1989v0	0.926666666667	0.906666666667	1.48222473961	1.51858666651	1.4458628127	-0.0766666666667	-0.08	-0.0733333333333	1984.5	1989	1980
fantasyself	fantasynojuv1980to1989v4	fantasynojuv1980to1989v1	0.926666666667	0.886666666667	1.52432439319	1.41926624524	1.62938254115	-0.0833333333333	-0.1	-0.0666666666667	1985.0	1989	1980
fantasyself	fantasynojuv1980to1989v4	fantasynojuv1980to1989v2	0.926666666667	0.88	1.43736938901	1.46490839175	1.40983038627	-0.09	-0.113333333333	-0.0666666666667	1985.0	1989	1980
fantasyself	fantasynojuv1980to1989v4	fantasynojuv1980to1989v3	0.926666666667	0.873333333333	1.55417762846	1.49760205481	1.61075320211	-0.09	-0.113333333333	-0.0666666666667	1985.0	1989	1980
cross	fantasynojuv1980to1989v4	sfnojuv1980to1989v0	0.926666666667	0.966666666667	1.44563924808	1.45191074452	1.43936775164	0.02	0.0133333333333	0.0266666666667	1985.0	1989	1980
cross	fantasynojuv1980to1989v4	sfnojuv1980to1989v1	0.926666666667	0.96	1.40949772727	1.40317415129	1.41582130324	0.0266666666667	0.0266666666667	0.0266666666667	1985.0	1989	1980
cross	fantasynojuv1980to1989v4	sfnojuv1980to1989v2	0.926666666667	0.933333333333	1.3743078643	1.3913547893	1.35726093929	0.01	-0.00666666666667	0.0266666666667	1985.0	1989	1980
cross	fantasynojuv1980to1989v4	sfnojuv1980to1989v3	0.926666666667	0.953333333333	1.4089945095	1.33943146211	1.47855755689	0.0133333333333	0.0133333333333	0.0133333333333	1985.0	1989	1980
cross	fantasynojuv1980to1989v4	sfnojuv1980to1989v4	0.926666666667	0.966666666667	1.43010987367	1.44468598161	1.41553376573	0.0266666666667	0.0333333333333	0.02	1985.0	1989	1980
fantasyself	fantasynojuv1990to1999v0	fantasynojuv1990to1999v1	0.86	0.873333333333	1.36657247712	1.45671300478	1.27643194946	-0.123333333333	-0.113333333333	-0.133333333333	1995.0	1999	1990
fantasyself	fantasynojuv1990to1999v0	fantasynojuv1990to1999v2	0.86	0.88	1.21390249297	1.23415295068	1.19365203526	-0.123333333333	-0.113333333333	-0.133333333333	1995.0	1999	1990
fantasyself	fantasynojuv1990to1999v0	fantasynojuv1990to1999v3	0.86	0.873333333333	1.34694040126	1.44166611105	1.25221469148	-0.123333333333	-0.106666666667	-0.14	1995.0	1999	1990
fantasyself	fantasynojuv1990to1999v0	fantasynojuv1990to1999v4	0.86	0.893333333333	1.35170092388	1.52668474809	1.17671709968	-0.1	-0.0933333333333	-0.106666666667	1995.0	1999	1990
cross	fantasynojuv1990to1999v0	sfnojuv1990to1999v0	0.86	0.846666666667	0.989076569046	1.0139795766	0.964173561496	-0.01	-0.0133333333333	-0.00666666666667	1994.5	1999	1990
cross	fantasynojuv1990to1999v0	sfnojuv1990to1999v1	0.86	0.88	0.99136660496	1.05962255664	0.923110653284	0.00666666666667	0.02	-0.00666666666667	1994.5	1999	1990
cross	fantasynojuv1990to1999v0	sfnojuv1990to1999v2	0.86	0.873333333333	1.0187236747	1.06661520927	0.970832140131	0.0166666666667	0.0133333333333	0.02	1995.0	1999	1990
cross	fantasynojuv1990to1999v0	sfnojuv1990to1999v3	0.86	0.853333333333	1.01300887879	1.11883406642	0.907183691158	-0.0133333333333	-0.02	-0.00666666666667	1994.5	1999	1990
cross	fantasynojuv1990to1999v0	sfnojuv1990to1999v4	0.86	0.886666666667	1.07920974618	1.15362126026	1.0047982321	0.00666666666667	0.0266666666667	-0.0133333333333	1995.0	1999	1990
fantasyself	fantasynojuv1990to1999v1	fantasynojuv1990to1999v0	0.873333333333	0.86	1.36657247712	1.27643194946	1.45671300478	-0.123333333333	-0.133333333333	-0.113333333333	1995.0	1999	1990
fantasyself	fantasynojuv1990to1999v1	fantasynojuv1990to1999v2	0.873333333333	0.88	1.36181442179	1.34205514994	1.38157369363	-0.11	-0.106666666667	-0.113333333333	1995.0	1999	1990
fantasyself	fantasynojuv1990to1999v1	fantasynojuv1990to1999v3	0.873333333333	0.873333333333	1.43478385009	1.48662296056	1.38294473963	-0.12	-0.113333333333	-0.126666666667	1995.0	1999	1990
fantasyself	fantasynojuv1990to1999v1	fantasynojuv1990to1999v4	0.873333333333	0.893333333333	1.39288430502	1.54655748491	1.23921112513	-0.1	-0.1	-0.1	1995.0	1999	1990
cross	fantasynojuv1990to1999v1	sfnojuv1990to1999v0	0.873333333333	0.846666666667	1.11918558261	1.09318871403	1.1451824512	-0.02	-0.04	0.0	1994.5	1999	1990
cross	fantasynojuv1990to1999v1	sfnojuv1990to1999v1	0.873333333333	0.88	1.12431421531	1.18612104525	1.06250738538	-0.00666666666667	-0.02	0.00666666666667	1994.5	1999	1990
cross	fantasynojuv1990to1999v1	sfnojuv1990to1999v2	0.873333333333	0.873333333333	1.15452293385	1.14566185088	1.16338401682	0.00333333333333	-0.02	0.0266666666667	1995.0	1999	1990
cross	fantasynojuv1990to1999v1	sfnojuv1990to1999v3	0.873333333333	0.853333333333	1.13168160436	1.17943731716	1.08392589155	-0.02	-0.04	0.0	1994.5	1999	1990
cross	fantasynojuv1990to1999v1	sfnojuv1990to1999v4	0.873333333333	0.886666666667	1.22542150986	1.25005490534	1.20078811438	-0.0133333333333	-0.0133333333333	-0.0133333333333	1995.0	1999	1990
fantasyself	fantasynojuv1990to1999v2	fantasynojuv1990to1999v0	0.88	0.86	1.21390249297	1.19365203526	1.23415295068	-0.123333333333	-0.133333333333	-0.113333333333	1995.0	1999	1990
fantasyself	fantasynojuv1990to1999v2	fantasynojuv1990to1999v1	0.88	0.873333333333	1.36181442179	1.38157369363	1.34205514994	-0.11	-0.113333333333	-0.106666666667	1995.0	1999	1990
fantasyself	fantasynojuv1990to1999v2	fantasynojuv1990to1999v3	0.88	0.873333333333	1.31234456564	1.40456545868	1.2201236726	-0.12	-0.12	-0.12	1995.0	1999	1990
fantasyself	fantasynojuv1990to1999v2	fantasynojuv1990to1999v4	0.88	0.893333333333	1.3770801481	1.54397236008	1.21018793611	-0.09	-0.1	-0.08	1995.0	1999	1990
cross	fantasynojuv1990to1999v2	sfnojuv1990to1999v0	0.88	0.846666666667	1.1118041571	1.06515243553	1.15845587866	-0.0333333333333	-0.06	-0.00666666666667	1994.5	1999	1990
cross	fantasynojuv1990to1999v2	sfnojuv1990to1999v1	0.88	0.88	1.06049556025	1.11685778852	1.00413333199	-0.0166666666667	-0.0266666666667	-0.00666666666667	1994.5	1999	1990
cross	fantasynojuv1990to1999v2	sfnojuv1990to1999v2	0.88	0.873333333333	1.16416824155	1.1400814861	1.188254997	-0.01	-0.04	0.02	1995.0	1999	1990
cross	fantasynojuv1990to1999v2	sfnojuv1990to1999v3	0.88	0.853333333333	1.07520699139	1.10802154701	1.04239243577	-0.03	-0.0533333333333	-0.00666666666667	1994.5	1999	1990
cross	fantasynojuv1990to1999v2	sfnojuv1990to1999v4	0.88	0.886666666667	1.21511692401	1.2071247329	1.22310911511	-0.0233333333333	-0.0266666666667	-0.02	1995.0	1999	1990
fantasyself	fantasynojuv1990to1999v3	fantasynojuv1990to1999v0	0.873333333333	0.86	1.34694040126	1.25221469148	1.44166611105	-0.123333333333	-0.14	-0.106666666667	1995.0	1999	1990
fantasyself	fantasynojuv1990to1999v3	fantasynojuv1990to1999v1	0.873333333333	0.873333333333	1.43478385009	1.38294473963	1.48662296056	-0.12	-0.126666666667	-0.113333333333	1995.0	1999	1990
fantasyself	fantasynojuv1990to1999v3	fantasynojuv1990to1999v2	0.873333333333	0.88	1.31234456564	1.2201236726	1.40456545868	-0.12	-0.12	-0.12	1995.0	1999	1990
fantasyself	fantasynojuv1990to1999v3	fantasynojuv1990to1999v4	0.873333333333	0.893333333333	1.27861979839	1.35709313437	1.20014646242	-0.1	-0.106666666667	-0.0933333333333	1995.0	1999	1990
cross	fantasynojuv1990to1999v3	sfnojuv1990to1999v0	0.873333333333	0.846666666667	1.14946779336	1.14502273464	1.15391285207	-0.0433333333333	-0.0733333333333	-0.0133333333333	1994.5	1999	1990
cross	fantasynojuv1990to1999v3	sfnojuv1990to1999v1	0.873333333333	0.88	1.09625201469	1.1502832909	1.04222073847	-0.0266666666667	-0.04	-0.0133333333333	1994.5	1999	1990
cross	fantasynojuv1990to1999v3	sfnojuv1990to1999v2	0.873333333333	0.873333333333	1.17517729496	1.15020812751	1.20014646242	-0.02	-0.0533333333333	0.0133333333333	1995.0	1999	1990
cross	fantasynojuv1990to1999v3	sfnojuv1990to1999v3	0.873333333333	0.853333333333	1.1255294169	1.17715465567	1.07390417813	-0.04	-0.0666666666667	-0.0133333333333	1994.5	1999	1990
cross	fantasynojuv1990to1999v3	sfnojuv1990to1999v4	0.873333333333	0.886666666667	1.22291233746	1.2005313712	1.24529330372	-0.03	-0.04	-0.02	1995.0	1999	1990
fantasyself	fantasynojuv1990to1999v4	fantasynojuv1990to1999v0	0.893333333333	0.86	1.35170092388	1.17671709968	1.52668474809	-0.1	-0.106666666667	-0.0933333333333	1995.0	1999	1990
fantasyself	fantasynojuv1990to1999v4	fantasynojuv1990to1999v1	0.893333333333	0.873333333333	1.39288430502	1.23921112513	1.54655748491	-0.1	-0.1	-0.1	1995.0	1999	1990
fantasyself	fantasynojuv1990to1999v4	fantasynojuv1990to1999v2	0.893333333333	0.88	1.3770801481	1.21018793611	1.54397236008	-0.09	-0.08	-0.1	1995.0	1999	1990
fantasyself	fantasynojuv1990to1999v4	fantasynojuv1990to1999v3	0.893333333333	0.873333333333	1.27861979839	1.20014646242	1.35709313437	-0.1	-0.0933333333333	-0.106666666667	1995.0	1999	1990
cross	fantasynojuv1990to1999v4	sfnojuv1990to1999v0	0.893333333333	0.846666666667	1.10705527193	1.03152183776	1.18258870611	-0.03	-0.0666666666667	0.00666666666667	1994.5	1999	1990
cross	fantasynojuv1990to1999v4	sfnojuv1990to1999v1	0.893333333333	0.88	1.1259641407	1.1137027152	1.1382255662	-0.01	-0.02	0.0	1994.5	1999	1990
cross	fantasynojuv1990to1999v4	sfnojuv1990to1999v2	0.893333333333	0.873333333333	1.09547372308	1.04669077202	1.14425667414	0.00333333333333	-0.0266666666667	0.0333333333333	1995.0	1999	1990
cross	fantasynojuv1990to1999v4	sfnojuv1990to1999v3	0.893333333333	0.853333333333	1.14945623298	1.13269119195	1.16622127401	-0.0233333333333	-0.0533333333333	0.00666666666667	1994.5	1999	1990
cross	fantasynojuv1990to1999v4	sfnojuv1990to1999v4	0.893333333333	0.886666666667	1.15991653466	1.12047897418	1.19935409514	-0.0133333333333	-0.0266666666667	0.0	1995.0	1999	1990
fantasyself	fantasynojuv2000to2010v0	fantasynojuv2000to2010v1	0.873333333333	0.88	1.30353115791	1.27276923074	1.33429308508	-0.116666666667	-0.106666666667	-0.126666666667	2004.0	2010	2000
fantasyself	fantasynojuv2000to2010v0	fantasynojuv2000to2010v2	0.873333333333	0.88	1.47937043923	1.43662212366	1.52211875479	-0.11	-0.106666666667	-0.113333333333	2004.0	2010	2000
fantasyself	fantasynojuv2000to2010v0	fantasynojuv2000to2010v3	0.873333333333	0.873333333333	1.36699303221	1.36191808931	1.37206797511	-0.116666666667	-0.113333333333	-0.12	2004.0	2010	2000
fantasyself	fantasynojuv2000to2010v0	fantasynojuv2000to2010v4	0.873333333333	0.846666666667	1.39481892768	1.42656492665	1.36307292871	-0.126666666667	-0.14	-0.113333333333	2004.0	2010	2000
cross	fantasynojuv2000to2010v0	sfnojuv2000to2010v0	0.873333333333	0.88	1.19027802257	1.07022088264	1.31033516251	-0.0166666666667	0.00666666666667	-0.04	2004.0	2010	2000
cross	fantasynojuv2000to2010v0	sfnojuv2000to2010v1	0.873333333333	0.9	1.13613858088	1.11748869756	1.15478846421	-0.00333333333333	0.02	-0.0266666666667	2004.0	2010	2000
cross	fantasynojuv2000to2010v0	sfnojuv2000to2010v2	0.873333333333	0.873333333333	1.21935030554	1.09588724997	1.34281336112	-0.00666666666667	0.0133333333333	-0.0266666666667	2004.0	2010	2000
cross	fantasynojuv2000to2010v0	sfnojuv2000to2010v3	0.873333333333	0.893333333333	1.17538004094	1.08665262885	1.26410745302	0.00666666666667	0.04	-0.0266666666667	2004.0	2010	2000
cross	fantasynojuv2000to2010v0	sfnojuv2000to2010v4	0.873333333333	0.853333333333	1.18563525525	1.10653929912	1.26473121138	-0.0466666666667	-0.0333333333333	-0.06	2004.0	2010	2000
fantasyself	fantasynojuv2000to2010v1	fantasynojuv2000to2010v0	0.88	0.873333333333	1.30353115791	1.33429308508	1.27276923074	-0.116666666667	-0.126666666667	-0.106666666667	2004.0	2010	2000
fantasyself	fantasynojuv2000to2010v1	fantasynojuv2000to2010v2	0.88	0.88	1.42945682878	1.4550774068	1.40383625076	-0.113333333333	-0.12	-0.106666666667	2004.0	2010	2000
fantasyself	fantasynojuv2000to2010v1	fantasynojuv2000to2010v3	0.88	0.873333333333	1.31213819756	1.31141885808	1.31285753705	-0.123333333333	-0.126666666667	-0.12	2004.0	2010	2000
fantasyself	fantasynojuv2000to2010v1	fantasynojuv2000to2010v4	0.88	0.846666666667	1.35908530874	1.37379306774	1.34437754974	-0.13	-0.153333333333	-0.106666666667	2004.0	2010	2000
cross	fantasynojuv2000to2010v1	sfnojuv2000to2010v0	0.88	0.88	1.1371019971	1.06125878907	1.21294520513	-0.0333333333333	-0.0266666666667	-0.04	2004.0	2010	2000
cross	fantasynojuv2000to2010v1	sfnojuv2000to2010v1	0.88	0.9	1.10610695197	1.12630698412	1.08590691981	-0.02	-0.00666666666667	-0.0333333333333	2004.0	2010	2000
cross	fantasynojuv2000to2010v1	sfnojuv2000to2010v2	0.88	0.873333333333	1.1592465905	1.06699082331	1.25150235769	-0.0233333333333	-0.02	-0.0266666666667	2004.0	2010	2000
cross	fantasynojuv2000to2010v1	sfnojuv2000to2010v3	0.88	0.893333333333	1.14580419879	1.03422902785	1.25737936973	-0.00666666666667	0.00666666666667	-0.02	2004.0	2010	2000
cross	fantasynojuv2000to2010v1	sfnojuv2000to2010v4	0.88	0.853333333333	1.11703307948	1.04323351203	1.19083264693	-0.06	-0.06	-0.06	2004.0	2010	2000
fantasyself	fantasynojuv2000to2010v2	fantasynojuv2000to2010v0	0.88	0.873333333333	1.47937043923	1.52211875479	1.43662212366	-0.11	-0.113333333333	-0.106666666667	2004.0	2010	2000
fantasyself	fantasynojuv2000to2010v2	fantasynojuv2000to2010v1	0.88	0.88	1.42945682878	1.40383625076	1.4550774068	-0.113333333333	-0.106666666667	-0.12	2004.0	2010	2000
fantasyself	fantasynojuv2000to2010v2	fantasynojuv2000to2010v3	0.88	0.873333333333	1.47347918305	1.48416995872	1.46278840739	-0.12	-0.12	-0.12	2004.0	2010	2000
fantasyself	fantasynojuv2000to2010v2	fantasynojuv2000to2010v4	0.88	0.846666666667	1.43005062127	1.45120747374	1.40889376879	-0.136666666667	-0.153333333333	-0.12	2004.0	2010	2000
cross	fantasynojuv2000to2010v2	sfnojuv2000to2010v0	0.88	0.88	1.25850587582	1.19313319658	1.32387855505	-0.03	-0.00666666666667	-0.0533333333333	2004.0	2010	2000
cross	fantasynojuv2000to2010v2	sfnojuv2000to2010v1	0.88	0.9	1.18025326083	1.15621808533	1.20428843633	-0.01	0.02	-0.04	2004.0	2010	2000
cross	fantasynojuv2000to2010v2	sfnojuv2000to2010v2	0.88	0.873333333333	1.24932694428	1.16994737783	1.32870651074	-0.0233333333333	0.0	-0.0466666666667	2004.0	2010	2000
cross	fantasynojuv2000to2010v2	sfnojuv2000to2010v3	0.88	0.893333333333	1.27398830407	1.14990756629	1.39806904185	0.0	0.0333333333333	-0.0333333333333	2004.0	2010	2000
cross	fantasynojuv2000to2010v2	sfnojuv2000to2010v4	0.88	0.853333333333	1.25629357154	1.15214384371	1.36044329936	-0.0533333333333	-0.0333333333333	-0.0733333333333	2004.0	2010	2000
fantasyself	fantasynojuv2000to2010v3	fantasynojuv2000to2010v0	0.873333333333	0.873333333333	1.36699303221	1.37206797511	1.36191808931	-0.116666666667	-0.12	-0.113333333333	2004.0	2010	2000
fantasyself	fantasynojuv2000to2010v3	fantasynojuv2000to2010v1	0.873333333333	0.88	1.31213819756	1.31285753705	1.31141885808	-0.123333333333	-0.12	-0.126666666667	2004.0	2010	2000
fantasyself	fantasynojuv2000to2010v3	fantasynojuv2000to2010v2	0.873333333333	0.88	1.47347918305	1.46278840739	1.48416995872	-0.12	-0.12	-0.12	2004.0	2010	2000
fantasyself	fantasynojuv2000to2010v3	fantasynojuv2000to2010v4	0.873333333333	0.846666666667	1.42447396328	1.42513542284	1.42381250372	-0.133333333333	-0.146666666667	-0.12	2004.0	2010	2000
cross	fantasynojuv2000to2010v3	sfnojuv2000to2010v0	0.873333333333	0.88	1.20914924671	1.12564639055	1.29265210287	-0.0466666666667	-0.04	-0.0533333333333	2004.0	2010	2000
cross	fantasynojuv2000to2010v3	sfnojuv2000to2010v1	0.873333333333	0.9	1.16550613151	1.18937635053	1.14163591249	-0.03	-0.02	-0.04	2004.0	2010	2000
cross	fantasynojuv2000to2010v3	sfnojuv2000to2010v2	0.873333333333	0.873333333333	1.24062452148	1.1594252399	1.32182380306	-0.04	-0.04	-0.04	2004.0	2010	2000
cross	fantasynojuv2000to2010v3	sfnojuv2000to2010v3	0.873333333333	0.893333333333	1.21347379172	1.13454092284	1.2924066606	-0.0266666666667	-0.0133333333333	-0.04	2004.0	2010	2000
cross	fantasynojuv2000to2010v3	sfnojuv2000to2010v4	0.873333333333	0.853333333333	1.17285914033	1.09791634899	1.24780193167	-0.07	-0.0666666666667	-0.0733333333333	2004.0	2010	2000
fantasyself	fantasynojuv2000to2010v4	fantasynojuv2000to2010v0	0.846666666667	0.873333333333	1.39481892768	1.36307292871	1.42656492665	-0.126666666667	-0.113333333333	-0.14	2004.0	2010	2000
fantasyself	fantasynojuv2000to2010v4	fantasynojuv2000to2010v1	0.846666666667	0.88	1.35908530874	1.34437754974	1.37379306774	-0.13	-0.106666666667	-0.153333333333	2004.0	2010	2000
fantasyself	fantasynojuv2000to2010v4	fantasynojuv2000to2010v2	0.846666666667	0.88	1.43005062127	1.40889376879	1.45120747374	-0.136666666667	-0.12	-0.153333333333	2004.0	2010	2000
fantasyself	fantasynojuv2000to2010v4	fantasynojuv2000to2010v3	0.846666666667	0.873333333333	1.42447396328	1.42381250372	1.42513542284	-0.133333333333	-0.12	-0.146666666667	2004.0	2010	2000
cross	fantasynojuv2000to2010v4	sfnojuv2000to2010v0	0.846666666667	0.88	1.25533765975	1.1895252585	1.32115006101	-0.05	-0.0133333333333	-0.0866666666667	2004.0	2010	2000
cross	fantasynojuv2000to2010v4	sfnojuv2000to2010v1	0.846666666667	0.9	1.20653657381	1.20358438859	1.20948875903	-0.03	0.0133333333333	-0.0733333333333	2004.0	2010	2000
cross	fantasynojuv2000to2010v4	sfnojuv2000to2010v2	0.846666666667	0.873333333333	1.26454623328	1.1995870357	1.32950543086	-0.0433333333333	-0.0133333333333	-0.0733333333333	2004.0	2010	2000
cross	fantasynojuv2000to2010v4	sfnojuv2000to2010v3	0.846666666667	0.893333333333	1.25606767626	1.12405972637	1.38807562616	-0.0166666666667	0.0266666666667	-0.06	2004.0	2010	2000
cross	fantasynojuv2000to2010v4	sfnojuv2000to2010v4	0.846666666667	0.853333333333	1.24440350458	1.13223223298	1.35657477618	-0.0666666666667	-0.04	-0.0933333333333	2004.0	2010	2000
fantasyself	fantasynojuv1970to1979v0	fantasynojuv1970to1979v1	0.833333333333	0.88	1.26544364234	1.27396997816	1.25691730652	-0.14	-0.12	-0.16	1975.0	1979	1970
fantasyself	fantasynojuv1970to1979v0	fantasynojuv1970to1979v2	0.833333333333	0.866666666667	1.40266419191	1.44757900412	1.3577493797	-0.143333333333	-0.133333333333	-0.153333333333	1975.0	1979	1970
fantasyself	fantasynojuv1970to1979v0	fantasynojuv1970to1979v3	0.833333333333	0.84	1.29246711252	1.22064233017	1.36429189488	-0.16	-0.16	-0.16	1975.0	1979	1970
fantasyself	fantasynojuv1970to1979v0	fantasynojuv1970to1979v4	0.833333333333	0.866666666667	1.410406521	1.43869770294	1.38211533906	-0.136666666667	-0.133333333333	-0.14	1975.0	1979	1970
cross	fantasynojuv1970to1979v0	sfnojuv1970to1979v0	0.833333333333	0.893333333333	1.12315901744	1.1480858944	1.09823214048	-0.0166666666667	0.0	-0.0333333333333	1974.5	1979	1970
cross	fantasynojuv1970to1979v0	sfnojuv1970to1979v1	0.833333333333	0.913333333333	1.14539751244	1.161631105	1.12916391989	-0.00666666666667	0.0133333333333	-0.0266666666667	1974.5	1979	1970
cross	fantasynojuv1970to1979v0	sfnojuv1970to1979v2	0.833333333333	0.893333333333	1.09816033628	1.11044278844	1.08587788411	-0.02	0.0133333333333	-0.0533333333333	1974.5	1979	1970
cross	fantasynojuv1970to1979v0	sfnojuv1970to1979v3	0.833333333333	0.906666666667	1.15639149082	1.21626603649	1.09651694515	-0.00666666666667	0.02	-0.0333333333333	1975.0	1979	1970
cross	fantasynojuv1970to1979v0	sfnojuv1970to1979v4	0.833333333333	0.933333333333	1.22922738655	1.24391118681	1.21454358629	0.00333333333333	0.02	-0.0133333333333	1974.5	1979	1970
fantasyself	fantasynojuv1970to1979v1	fantasynojuv1970to1979v0	0.88	0.833333333333	1.26544364234	1.25691730652	1.27396997816	-0.14	-0.16	-0.12	1975.0	1979	1970
fantasyself	fantasynojuv1970to1979v1	fantasynojuv1970to1979v2	0.88	0.866666666667	1.31040912483	1.33693750735	1.28388074231	-0.123333333333	-0.133333333333	-0.113333333333	1975.0	1979	1970
fantasyself	fantasynojuv1970to1979v1	fantasynojuv1970to1979v3	0.88	0.84	1.31100636306	1.25782894623	1.36418377989	-0.133333333333	-0.153333333333	-0.113333333333	1975.0	1979	1970
fantasyself	fantasynojuv1970to1979v1	fantasynojuv1970to1979v4	0.88	0.866666666667	1.28522025987	1.27008636432	1.30035415543	-0.11	-0.126666666667	-0.0933333333333	1975.0	1979	1970
cross	fantasynojuv1970to1979v1	sfnojuv1970to1979v0	0.88	0.893333333333	1.15770826086	1.20745513452	1.10796138719	-0.00666666666667	-0.02	0.00666666666667	1974.5	1979	1970
cross	fantasynojuv1970to1979v1	sfnojuv1970to1979v1	0.88	0.913333333333	1.24875082336	1.27942406941	1.21807757732	0.00666666666667	0.00666666666667	0.00666666666667	1974.5	1979	1970
cross	fantasynojuv1970to1979v1	sfnojuv1970to1979v2	0.88	0.893333333333	1.19816742588	1.18636031062	1.20997454113	-0.00666666666667	-0.00666666666667	-0.00666666666667	1974.5	1979	1970
cross	fantasynojuv1970to1979v1	sfnojuv1970to1979v3	0.88	0.906666666667	1.29198271518	1.32972351085	1.25424191951	0.00333333333333	0.0	0.00666666666667	1975.0	1979	1970
cross	fantasynojuv1970to1979v1	sfnojuv1970to1979v4	0.88	0.933333333333	1.28235198935	1.31997647751	1.24472750118	0.02	0.02	0.02	1974.5	1979	1970
fantasyself	fantasynojuv1970to1979v2	fantasynojuv1970to1979v0	0.866666666667	0.833333333333	1.40266419191	1.3577493797	1.44757900412	-0.143333333333	-0.153333333333	-0.133333333333	1975.0	1979	1970
fantasyself	fantasynojuv1970to1979v2	fantasynojuv1970to1979v1	0.866666666667	0.88	1.31040912483	1.28388074231	1.33693750735	-0.123333333333	-0.113333333333	-0.133333333333	1975.0	1979	1970
fantasyself	fantasynojuv1970to1979v2	fantasynojuv1970to1979v3	0.866666666667	0.84	1.29662272049	1.22467428955	1.36857115143	-0.136666666667	-0.146666666667	-0.126666666667	1975.0	1979	1970
fantasyself	fantasynojuv1970to1979v2	fantasynojuv1970to1979v4	0.866666666667	0.866666666667	1.36711735813	1.3587428128	1.37549190346	-0.12	-0.126666666667	-0.113333333333	1975.0	1979	1970
cross	fantasynojuv1970to1979v2	sfnojuv1970to1979v0	0.866666666667	0.893333333333	1.18216585413	1.22654820456	1.13778350371	-0.00333333333333	-0.00666666666667	0.0	1974.5	1979	1970
cross	fantasynojuv1970to1979v2	sfnojuv1970to1979v1	0.866666666667	0.913333333333	1.20804151693	1.22383659083	1.19224644303	0.00333333333333	0.00666666666667	0.0	1974.5	1979	1970
cross	fantasynojuv1970to1979v2	sfnojuv1970to1979v2	0.866666666667	0.893333333333	1.16212872875	1.14101155401	1.1832459035	-0.01	0.0	-0.02	1974.5	1979	1970
cross	fantasynojuv1970to1979v2	sfnojuv1970to1979v3	0.866666666667	0.906666666667	1.19776432514	1.25041009071	1.14511855958	-0.00333333333333	0.00666666666667	-0.0133333333333	1975.0	1979	1970
cross	fantasynojuv1970to1979v2	sfnojuv1970to1979v4	0.866666666667	0.933333333333	1.27945896756	1.32160869345	1.23730924167	0.01	0.00666666666667	0.0133333333333	1974.5	1979	1970
fantasyself	fantasynojuv1970to1979v3	fantasynojuv1970to1979v0	0.84	0.833333333333	1.29246711252	1.36429189488	1.22064233017	-0.16	-0.16	-0.16	1975.0	1979	1970
fantasyself	fantasynojuv1970to1979v3	fantasynojuv1970to1979v1	0.84	0.88	1.31100636306	1.36418377989	1.25782894623	-0.133333333333	-0.113333333333	-0.153333333333	1975.0	1979	1970
fantasyself	fantasynojuv1970to1979v3	fantasynojuv1970to1979v2	0.84	0.866666666667	1.29662272049	1.36857115143	1.22467428955	-0.136666666667	-0.126666666667	-0.146666666667	1975.0	1979	1970
fantasyself	fantasynojuv1970to1979v3	fantasynojuv1970to1979v4	0.84	0.866666666667	1.28974421646	1.35311082866	1.22637760426	-0.133333333333	-0.126666666667	-0.14	1975.0	1979	1970
cross	fantasynojuv1970to1979v3	sfnojuv1970to1979v0	0.84	0.893333333333	1.08038125048	1.14226090701	1.01850159395	0.00333333333333	0.0266666666667	-0.02	1974.5	1979	1970
cross	fantasynojuv1970to1979v3	sfnojuv1970to1979v1	0.84	0.913333333333	1.19675249665	1.26775543157	1.12574956173	0.0133333333333	0.04	-0.0133333333333	1974.5	1979	1970
cross	fantasynojuv1970to1979v3	sfnojuv1970to1979v2	0.84	0.893333333333	1.09671250758	1.10801151997	1.08541349519	0.00333333333333	0.0466666666667	-0.04	1974.5	1979	1970
cross	fantasynojuv1970to1979v3	sfnojuv1970to1979v3	0.84	0.906666666667	1.15937177801	1.21670941503	1.10203414098	0.00666666666667	0.04	-0.0266666666667	1975.0	1979	1970
cross	fantasynojuv1970to1979v3	sfnojuv1970to1979v4	0.84	0.933333333333	1.18469630807	1.25085437367	1.11853824246	0.0266666666667	0.0533333333333	0.0	1974.5	1979	1970
fantasyself	fantasynojuv1970to1979v4	fantasynojuv1970to1979v0	0.866666666667	0.833333333333	1.410406521	1.38211533906	1.43869770294	-0.136666666667	-0.14	-0.133333333333	1975.0	1979	1970
fantasyself	fantasynojuv1970to1979v4	fantasynojuv1970to1979v1	0.866666666667	0.88	1.28522025987	1.30035415543	1.27008636432	-0.11	-0.0933333333333	-0.126666666667	1975.0	1979	1970
fantasyself	fantasynojuv1970to1979v4	fantasynojuv1970to1979v2	0.866666666667	0.866666666667	1.36711735813	1.37549190346	1.3587428128	-0.12	-0.113333333333	-0.126666666667	1975.0	1979	1970
fantasyself	fantasynojuv1970to1979v4	fantasynojuv1970to1979v3	0.866666666667	0.84	1.28974421646	1.22637760426	1.35311082866	-0.133333333333	-0.14	-0.126666666667	1975.0	1979	1970
cross	fantasynojuv1970to1979v4	sfnojuv1970to1979v0	0.866666666667	0.893333333333	1.11191509457	1.17605575687	1.04777443227	0.0166666666667	0.0266666666667	0.00666666666667	1974.5	1979	1970
cross	fantasynojuv1970to1979v4	sfnojuv1970to1979v1	0.866666666667	0.913333333333	1.13191203807	1.18062139519	1.08320268095	0.02	0.04	0.0	1974.5	1979	1970
cross	fantasynojuv1970to1979v4	sfnojuv1970to1979v2	0.866666666667	0.893333333333	1.1127302505	1.08698218479	1.13847831621	0.00666666666667	0.04	-0.0266666666667	1974.5	1979	1970
cross	fantasynojuv1970to1979v4	sfnojuv1970to1979v3	0.866666666667	0.906666666667	1.13218672583	1.20573432736	1.0586391243	0.00666666666667	0.0266666666667	-0.0133333333333	1975.0	1979	1970
cross	fantasynojuv1970to1979v4	sfnojuv1970to1979v4	0.866666666667	0.933333333333	1.17090214328	1.23635439145	1.10544989511	0.0266666666667	0.0466666666667	0.00666666666667	1974.5	1979	1970
fantasyself	fantasynojuv1920to1949v0	fantasynojuv1920to1949v1	0.846666666667	0.82	1.33973424542	1.29937372069	1.38009477014	-0.16	-0.166666666667	-0.153333333333	1935.0	1949	1920
fantasyself	fantasynojuv1920to1949v0	fantasynojuv1920to1949v2	0.846666666667	0.853333333333	1.41222700856	1.3200908684	1.50436314873	-0.12	-0.113333333333	-0.126666666667	1935.5	1949	1920
fantasyself	fantasynojuv1920to1949v0	fantasynojuv1920to1949v3	0.846666666667	0.84	1.47719717189	1.37459466297	1.5797996808	-0.143333333333	-0.153333333333	-0.133333333333	1935.0	1949	1920
fantasyself	fantasynojuv1920to1949v0	fantasynojuv1920to1949v4	0.846666666667	0.853333333333	1.26495074485	1.22052167181	1.30937981789	-0.13	-0.133333333333	-0.126666666667	1935.0	1949	1920
cross	fantasynojuv1920to1949v0	sfnojuv1920to1949v0	0.846666666667	0.913333333333	1.061331022	1.16673956816	0.955922475831	0.07	0.0466666666667	0.0933333333333	1935.5	1949	1920
cross	fantasynojuv1920to1949v0	sfnojuv1920to1949v1	0.846666666667	0.893333333333	1.02859769237	1.15952335113	0.897672033602	0.0733333333333	0.0466666666667	0.1	1936.0	1949	1920
cross	fantasynojuv1920to1949v0	sfnojuv1920to1949v2	0.846666666667	0.9	0.989430011442	1.11432029251	0.864539730374	0.0766666666667	0.08	0.0733333333333	1936.0	1949	1920
cross	fantasynojuv1920to1949v0	sfnojuv1920to1949v3	0.846666666667	0.906666666667	1.05884638094	1.16313172467	0.954561037203	0.07	0.0533333333333	0.0866666666667	1935.0	1949	1920
cross	fantasynojuv1920to1949v0	sfnojuv1920to1949v4	0.846666666667	0.913333333333	1.07431404228	1.27076906548	0.87785901908	0.07	0.0466666666667	0.0933333333333	1935.0	1949	1920
fantasyself	fantasynojuv1920to1949v1	fantasynojuv1920to1949v0	0.82	0.846666666667	1.33973424542	1.38009477014	1.29937372069	-0.16	-0.153333333333	-0.166666666667	1935.0	1949	1920
fantasyself	fantasynojuv1920to1949v1	fantasynojuv1920to1949v2	0.82	0.853333333333	1.44784746598	1.51249474795	1.38320018401	-0.143333333333	-0.133333333333	-0.153333333333	1935.5	1949	1920
fantasyself	fantasynojuv1920to1949v1	fantasynojuv1920to1949v3	0.82	0.84	1.46735782721	1.38867189267	1.54604376175	-0.153333333333	-0.153333333333	-0.153333333333	1935.0	1949	1920
fantasyself	fantasynojuv1920to1949v1	fantasynojuv1920to1949v4	0.82	0.853333333333	1.30423712835	1.3372320852	1.2712421715	-0.15	-0.146666666667	-0.153333333333	1935.0	1949	1920
cross	fantasynojuv1920to1949v1	sfnojuv1920to1949v0	0.82	0.913333333333	1.13212621529	1.23718514809	1.0270672825	0.0433333333333	0.0333333333333	0.0533333333333	1935.5	1949	1920
cross	fantasynojuv1920to1949v1	sfnojuv1920to1949v1	0.82	0.893333333333	1.09208658164	1.19054569576	0.993627467521	0.0366666666667	0.0266666666667	0.0466666666667	1936.0	1949	1920
cross	fantasynojuv1920to1949v1	sfnojuv1920to1949v2	0.82	0.9	1.04844091696	1.1792908783	0.917590955624	0.0466666666667	0.0666666666667	0.0266666666667	1936.0	1949	1920
cross	fantasynojuv1920to1949v1	sfnojuv1920to1949v3	0.82	0.906666666667	1.17295683079	1.27236074702	1.07355291456	0.04	0.0466666666667	0.0333333333333	1935.0	1949	1920
cross	fantasynojuv1920to1949v1	sfnojuv1920to1949v4	0.82	0.913333333333	1.16360164375	1.29529032194	1.03191296556	0.0466666666667	0.0333333333333	0.06	1935.0	1949	1920
fantasyself	fantasynojuv1920to1949v2	fantasynojuv1920to1949v0	0.853333333333	0.846666666667	1.41222700856	1.50436314873	1.3200908684	-0.12	-0.126666666667	-0.113333333333	1935.5	1949	1920
fantasyself	fantasynojuv1920to1949v2	fantasynojuv1920to1949v1	0.853333333333	0.82	1.44784746598	1.38320018401	1.51249474795	-0.143333333333	-0.153333333333	-0.133333333333	1935.5	1949	1920
fantasyself	fantasynojuv1920to1949v2	fantasynojuv1920to1949v3	0.853333333333	0.84	1.41734359761	1.35013467012	1.4845525251	-0.126666666667	-0.14	-0.113333333333	1935.5	1949	1920
fantasyself	fantasynojuv1920to1949v2	fantasynojuv1920to1949v4	0.853333333333	0.853333333333	1.34379246688	1.3296217299	1.35796320386	-0.126666666667	-0.133333333333	-0.12	1935.5	1949	1920
cross	fantasynojuv1920to1949v2	sfnojuv1920to1949v0	0.853333333333	0.913333333333	1.09854990254	1.13509588037	1.06200392471	0.0733333333333	0.0466666666667	0.1	1936.0	1949	1920
cross	fantasynojuv1920to1949v2	sfnojuv1920to1949v1	0.853333333333	0.893333333333	1.04237406623	1.11334864474	0.971399487726	0.0666666666667	0.0333333333333	0.1	1936.5	1949	1920
cross	fantasynojuv1920to1949v2	sfnojuv1920to1949v2	0.853333333333	0.9	1.04157285138	1.16528505498	0.917860647788	0.06	0.06	0.06	1936.5	1949	1920
cross	fantasynojuv1920to1949v2	sfnojuv1920to1949v3	0.853333333333	0.906666666667	1.06278568456	1.10747029952	1.0181010696	0.06	0.06	0.06	1935.5	1949	1920
cross	fantasynojuv1920to1949v2	sfnojuv1920to1949v4	0.853333333333	0.913333333333	1.06308991113	1.15443158169	0.971748240565	0.0566666666667	0.02	0.0933333333333	1935.5	1949	1920
fantasyself	fantasynojuv1920to1949v3	fantasynojuv1920to1949v0	0.84	0.846666666667	1.47719717189	1.5797996808	1.37459466297	-0.143333333333	-0.133333333333	-0.153333333333	1935.0	1949	1920
fantasyself	fantasynojuv1920to1949v3	fantasynojuv1920to1949v1	0.84	0.82	1.46735782721	1.54604376175	1.38867189267	-0.153333333333	-0.153333333333	-0.153333333333	1935.0	1949	1920
fantasyself	fantasynojuv1920to1949v3	fantasynojuv1920to1949v2	0.84	0.853333333333	1.41734359761	1.4845525251	1.35013467012	-0.126666666667	-0.113333333333	-0.14	1935.5	1949	1920
fantasyself	fantasynojuv1920to1949v3	fantasynojuv1920to1949v4	0.84	0.853333333333	1.31427656107	1.37307102854	1.25548209359	-0.123333333333	-0.12	-0.126666666667	1935.0	1949	1920
cross	fantasynojuv1920to1949v3	sfnojuv1920to1949v0	0.84	0.913333333333	1.08453248036	1.16668440946	1.00238055126	0.0533333333333	0.0333333333333	0.0733333333333	1935.5	1949	1920
cross	fantasynojuv1920to1949v3	sfnojuv1920to1949v1	0.84	0.893333333333	1.0885929815	1.23247644564	0.944709517353	0.0633333333333	0.04	0.0866666666667	1936.0	1949	1920
cross	fantasynojuv1920to1949v3	sfnojuv1920to1949v2	0.84	0.9	1.06490954781	1.20245963057	0.927359465053	0.0633333333333	0.06	0.0666666666667	1936.0	1949	1920
cross	fantasynojuv1920to1949v3	sfnojuv1920to1949v3	0.84	0.906666666667	1.19391838883	1.30455699384	1.08327978383	0.0433333333333	0.0466666666667	0.04	1935.0	1949	1920
cross	fantasynojuv1920to1949v3	sfnojuv1920to1949v4	0.84	0.913333333333	1.11465065353	1.30507230578	0.924229001276	0.0533333333333	0.0266666666667	0.08	1935.0	1949	1920
fantasyself	fantasynojuv1920to1949v4	fantasynojuv1920to1949v0	0.853333333333	0.846666666667	1.26495074485	1.30937981789	1.22052167181	-0.13	-0.126666666667	-0.133333333333	1935.0	1949	1920
fantasyself	fantasynojuv1920to1949v4	fantasynojuv1920to1949v1	0.853333333333	0.82	1.30423712835	1.2712421715	1.3372320852	-0.15	-0.153333333333	-0.146666666667	1935.0	1949	1920
fantasyself	fantasynojuv1920to1949v4	fantasynojuv1920to1949v2	0.853333333333	0.853333333333	1.34379246688	1.35796320386	1.3296217299	-0.126666666667	-0.12	-0.133333333333	1935.5	1949	1920
fantasyself	fantasynojuv1920to1949v4	fantasynojuv1920to1949v3	0.853333333333	0.84	1.31427656107	1.25548209359	1.37307102854	-0.123333333333	-0.126666666667	-0.12	1935.0	1949	1920
cross	fantasynojuv1920to1949v4	sfnojuv1920to1949v0	0.853333333333	0.913333333333	1.18002525789	1.25878061282	1.10126990296	0.06	0.0333333333333	0.0866666666667	1935.5	1949	1920
cross	fantasynojuv1920to1949v4	sfnojuv1920to1949v1	0.853333333333	0.893333333333	1.14307103155	1.15144412759	1.13469793551	0.06	0.0266666666667	0.0933333333333	1936.0	1949	1920
cross	fantasynojuv1920to1949v4	sfnojuv1920to1949v2	0.853333333333	0.9	1.13327702475	1.23427641048	1.03227763901	0.06	0.0533333333333	0.0666666666667	1936.0	1949	1920
cross	fantasynojuv1920to1949v4	sfnojuv1920to1949v3	0.853333333333	0.906666666667	1.14808542468	1.18202273033	1.11414811903	0.0766666666667	0.0733333333333	0.08	1935.0	1949	1920
cross	fantasynojuv1920to1949v4	sfnojuv1920to1949v4	0.853333333333	0.913333333333	1.225443056	1.33211326212	1.11877284987	0.07	0.04	0.1	1935.0	1949	1920
fantasyself	fantasynojuv1900to1919v0	fantasynojuv1900to1919v1	0.819672131148	0.827868852459	1.10683227301	1.17468684986	1.03897769616	-0.168032786885	-0.16393442623	-0.172131147541	1910.0	1919	1900
fantasyself	fantasynojuv1900to1919v0	fantasynojuv1900to1919v2	0.819672131148	0.868852459016	1.08385384853	1.0938591178	1.07384857925	-0.155737704918	-0.131147540984	-0.180327868852	1910.0	1919	1900
fantasyself	fantasynojuv1900to1919v0	fantasynojuv1900to1919v3	0.819672131148	0.83606557377	1.0830399655	1.08241318728	1.08366674372	-0.155737704918	-0.155737704918	-0.155737704918	1910.0	1919	1900
fantasyself	fantasynojuv1900to1919v0	fantasynojuv1900to1919v4	0.819672131148	0.844262295082	1.07492273803	1.08352335371	1.06632212236	-0.16393442623	-0.147540983607	-0.180327868852	1910.0	1919	1900
cross	fantasynojuv1900to1919v0	sfnojuv1900to1919v0	0.819672131148	0.9	0.948134060641	1.06139843551	0.834869685771	0.02	0.04	0.0	1909.0	1919	1900
cross	fantasynojuv1900to1919v0	sfnojuv1900to1919v1	0.819672131148	0.886666666667	1.0544654662	1.17025799691	0.93867293549	0.000765027322404	-0.00666666666667	0.00819672131148	1909.0	1919	1900
cross	fantasynojuv1900to1919v0	sfnojuv1900to1919v2	0.819672131148	0.906666666667	1.09579739881	1.1735291414	1.01806565622	0.00180327868852	0.02	-0.016393442623	1909.0	1919	1900
cross	fantasynojuv1900to1919v0	sfnojuv1900to1919v3	0.819672131148	0.886666666667	1.09582553761	1.16273704259	1.02891403263	0.00180327868852	0.02	-0.016393442623	1909.5	1919	1900
cross	fantasynojuv1900to1919v0	sfnojuv1900to1919v4	0.819672131148	0.906666666667	1.18955332247	1.2324148997	1.14669174525	0.01	0.02	0.0	1909.5	1919	1900
fantasyself	fantasynojuv1900to1919v1	fantasynojuv1900to1919v0	0.827868852459	0.819672131148	1.10683227301	1.03897769616	1.17468684986	-0.168032786885	-0.172131147541	-0.16393442623	1910.0	1919	1900
fantasyself	fantasynojuv1900to1919v1	fantasynojuv1900to1919v2	0.827868852459	0.868852459016	1.21261438658	1.18917367274	1.23605510042	-0.143442622951	-0.122950819672	-0.16393442623	1910.0	1919	1900
fantasyself	fantasynojuv1900to1919v1	fantasynojuv1900to1919v3	0.827868852459	0.83606557377	1.19920137463	1.13059446513	1.26780828414	-0.151639344262	-0.155737704918	-0.147540983607	1910.0	1919	1900
fantasyself	fantasynojuv1900to1919v1	fantasynojuv1900to1919v4	0.827868852459	0.844262295082	1.19353074106	1.13208459754	1.25497688458	-0.159836065574	-0.147540983607	-0.172131147541	1910.0	1919	1900
cross	fantasynojuv1900to1919v1	sfnojuv1900to1919v0	0.827868852459	0.9	0.972547941843	1.020053779	0.925042104685	0.0274316939891	0.0466666666667	0.00819672131148	1909.0	1919	1900
cross	fantasynojuv1900to1919v1	sfnojuv1900to1919v1	0.827868852459	0.886666666667	1.14808942195	1.13653271737	1.15964612653	0.0115300546448	0.00666666666667	0.016393442623	1909.0	1919	1900
cross	fantasynojuv1900to1919v1	sfnojuv1900to1919v2	0.827868852459	0.906666666667	1.13350515224	1.15808596761	1.10892433686	0.0092349726776	0.0266666666667	-0.00819672131148	1909.0	1919	1900
cross	fantasynojuv1900to1919v1	sfnojuv1900to1919v3	0.827868852459	0.886666666667	1.19635863942	1.14193244067	1.25078483817	0.0092349726776	0.0266666666667	-0.00819672131148	1909.5	1919	1900
cross	fantasynojuv1900to1919v1	sfnojuv1900to1919v4	0.827868852459	0.906666666667	1.24323245747	1.21539222829	1.27107268665	0.0207650273224	0.0333333333333	0.00819672131148	1909.5	1919	1900
fantasyself	fantasynojuv1900to1919v2	fantasynojuv1900to1919v0	0.868852459016	0.819672131148	1.08385384853	1.07384857925	1.0938591178	-0.155737704918	-0.180327868852	-0.131147540984	1910.0	1919	1900
fantasyself	fantasynojuv1900to1919v2	fantasynojuv1900to1919v1	0.868852459016	0.827868852459	1.21261438658	1.23605510042	1.18917367274	-0.143442622951	-0.16393442623	-0.122950819672	1910.0	1919	1900
fantasyself	fantasynojuv1900to1919v2	fantasynojuv1900to1919v3	0.868852459016	0.83606557377	1.2096642833	1.1881105938	1.2312179728	-0.135245901639	-0.155737704918	-0.114754098361	1910.0	1919	1900
fantasyself	fantasynojuv1900to1919v2	fantasynojuv1900to1919v4	0.868852459016	0.844262295082	1.19866084878	1.18229693878	1.21502475877	-0.139344262295	-0.147540983607	-0.131147540984	1910.0	1919	1900
cross	fantasynojuv1900to1919v2	sfnojuv1900to1919v0	0.868852459016	0.9	0.925402520468	1.00554064884	0.845264392094	0.0445901639344	0.04	0.0491803278689	1909.0	1919	1900
cross	fantasynojuv1900to1919v2	sfnojuv1900to1919v1	0.868852459016	0.886666666667	1.01460044054	1.0846885734	0.944512307689	0.0320218579235	0.00666666666667	0.0573770491803	1909.0	1919	1900
cross	fantasynojuv1900to1919v2	sfnojuv1900to1919v2	0.868852459016	0.906666666667	1.0475199882	1.08206650903	1.01297346737	0.026393442623	0.02	0.0327868852459	1909.0	1919	1900
cross	fantasynojuv1900to1919v2	sfnojuv1900to1919v3	0.868852459016	0.886666666667	1.09377188682	1.11994722173	1.06759655191	0.0297267759563	0.0266666666667	0.0327868852459	1909.5	1919	1900
cross	fantasynojuv1900to1919v2	sfnojuv1900to1919v4	0.868852459016	0.906666666667	1.16734251974	1.19048832194	1.14419671754	0.0379234972678	0.0266666666667	0.0491803278689	1909.5	1919	1900
fantasyself	fantasynojuv1900to1919v3	fantasynojuv1900to1919v0	0.83606557377	0.819672131148	1.0830399655	1.08366674372	1.08241318728	-0.155737704918	-0.155737704918	-0.155737704918	1910.0	1919	1900
fantasyself	fantasynojuv1900to1919v3	fantasynojuv1900to1919v1	0.83606557377	0.827868852459	1.19920137463	1.26780828414	1.13059446513	-0.151639344262	-0.147540983607	-0.155737704918	1910.0	1919	1900
fantasyself	fantasynojuv1900to1919v3	fantasynojuv1900to1919v2	0.83606557377	0.868852459016	1.2096642833	1.2312179728	1.1881105938	-0.135245901639	-0.114754098361	-0.155737704918	1910.0	1919	1900
fantasyself	fantasynojuv1900to1919v3	fantasynojuv1900to1919v4	0.83606557377	0.844262295082	1.34221008769	1.36197029672	1.32244987866	-0.147540983607	-0.131147540984	-0.16393442623	1910.0	1919	1900
cross	fantasynojuv1900to1919v3	sfnojuv1900to1919v0	0.83606557377	0.9	1.13672524029	1.28505073056	0.988399750024	0.0281967213115	0.04	0.016393442623	1909.0	1919	1900
cross	fantasynojuv1900to1919v3	sfnojuv1900to1919v1	0.83606557377	0.886666666667	1.2745510952	1.36201039043	1.18709179996	0.0122950819672	0.0	0.0245901639344	1909.0	1919	1900
cross	fantasynojuv1900to1919v3	sfnojuv1900to1919v2	0.83606557377	0.906666666667	1.23598735618	1.33093171693	1.14104299544	0.01	0.02	0.0	1909.0	1919	1900
cross	fantasynojuv1900to1919v3	sfnojuv1900to1919v3	0.83606557377	0.886666666667	1.33856169532	1.40639261345	1.27073077719	0.00666666666667	0.0133333333333	0.0	1909.5	1919	1900
cross	fantasynojuv1900to1919v3	sfnojuv1900to1919v4	0.83606557377	0.906666666667	1.36523540113	1.41531398322	1.31515681904	0.0248633879781	0.0333333333333	0.016393442623	1909.5	1919	1900
fantasyself	fantasynojuv1900to1919v4	fantasynojuv1900to1919v0	0.844262295082	0.819672131148	1.07492273803	1.06632212236	1.08352335371	-0.16393442623	-0.180327868852	-0.147540983607	1910.0	1919	1900
fantasyself	fantasynojuv1900to1919v4	fantasynojuv1900to1919v1	0.844262295082	0.827868852459	1.19353074106	1.25497688458	1.13208459754	-0.159836065574	-0.172131147541	-0.147540983607	1910.0	1919	1900
fantasyself	fantasynojuv1900to1919v4	fantasynojuv1900to1919v2	0.844262295082	0.868852459016	1.19866084878	1.21502475877	1.18229693878	-0.139344262295	-0.131147540984	-0.147540983607	1910.0	1919	1900
fantasyself	fantasynojuv1900to1919v4	fantasynojuv1900to1919v3	0.844262295082	0.83606557377	1.34221008769	1.32244987866	1.36197029672	-0.147540983607	-0.16393442623	-0.131147540984	1910.0	1919	1900
cross	fantasynojuv1900to1919v4	sfnojuv1900to1919v0	0.844262295082	0.9	1.11559798267	1.25543090069	0.975765064647	0.0289617486339	0.0333333333333	0.0245901639344	1909.0	1919	1900
cross	fantasynojuv1900to1919v4	sfnojuv1900to1919v1	0.844262295082	0.886666666667	1.30100827791	1.39541945253	1.20659710329	0.00972677595628	-0.0133333333333	0.0327868852459	1909.0	1919	1900
cross	fantasynojuv1900to1919v4	sfnojuv1900to1919v2	0.844262295082	0.906666666667	1.25056277284	1.36569925969	1.135426286	0.00743169398907	0.00666666666667	0.00819672131148	1909.0	1919	1900
cross	fantasynojuv1900to1919v4	sfnojuv1900to1919v3	0.844262295082	0.886666666667	1.30405160418	1.37820798711	1.22989522124	0.00743169398907	0.00666666666667	0.00819672131148	1909.5	1919	1900
cross	fantasynojuv1900to1919v4	sfnojuv1900to1919v4	0.844262295082	0.906666666667	1.37324776856	1.49601741647	1.25047812065	0.0189617486339	0.0133333333333	0.0245901639344	1909.5	1919	1900
sfself	sfnojuv1950to1969v0	sfnojuv1950to1969v1	0.933333333333	0.913333333333	1.55569583558	1.55362712877	1.55776454239	-0.0466666666667	-0.06	-0.0333333333333	1960.0	1969	1950
sfself	sfnojuv1950to1969v0	sfnojuv1950to1969v2	0.933333333333	0.913333333333	1.56476231898	1.40942878813	1.72009584984	-0.0433333333333	-0.06	-0.0266666666667	1959.5	1969	1950
sfself	sfnojuv1950to1969v0	sfnojuv1950to1969v3	0.933333333333	0.913333333333	1.41753675972	1.38079399548	1.45427952396	-0.05	-0.0666666666667	-0.0333333333333	1959.5	1969	1950
sfself	sfnojuv1950to1969v0	sfnojuv1950to1969v4	0.933333333333	0.9	1.45771092512	1.39644837297	1.51897347728	-0.05	-0.0666666666667	-0.0333333333333	1959.5	1969	1950
sfself	sfnojuv1950to1969v1	sfnojuv1950to1969v0	0.913333333333	0.933333333333	1.55569583558	1.55776454239	1.55362712877	-0.0466666666667	-0.0333333333333	-0.06	1960.0	1969	1950
sfself	sfnojuv1950to1969v1	sfnojuv1950to1969v2	0.913333333333	0.913333333333	1.58571838943	1.44048039277	1.73095638608	-0.06	-0.0666666666667	-0.0533333333333	1959.5	1969	1950
sfself	sfnojuv1950to1969v1	sfnojuv1950to1969v3	0.913333333333	0.913333333333	1.49437902266	1.49478805268	1.49396999263	-0.0466666666667	-0.0466666666667	-0.0466666666667	1959.5	1969	1950
sfself	sfnojuv1950to1969v1	sfnojuv1950to1969v4	0.913333333333	0.9	1.4098460783	1.32857588391	1.49111627268	-0.07	-0.08	-0.06	1959.5	1969	1950
sfself	sfnojuv1950to1969v2	sfnojuv1950to1969v0	0.913333333333	0.933333333333	1.56476231898	1.72009584984	1.40942878813	-0.0433333333333	-0.0266666666667	-0.06	1959.5	1969	1950
sfself	sfnojuv1950to1969v2	sfnojuv1950to1969v1	0.913333333333	0.913333333333	1.58571838943	1.73095638608	1.44048039277	-0.06	-0.0533333333333	-0.0666666666667	1959.5	1969	1950
sfself	sfnojuv1950to1969v2	sfnojuv1950to1969v3	0.913333333333	0.913333333333	1.65577428498	1.70823758246	1.60331098749	-0.0466666666667	-0.04	-0.0533333333333	1959.0	1969	1950
sfself	sfnojuv1950to1969v2	sfnojuv1950to1969v4	0.913333333333	0.9	1.63295378941	1.68266027623	1.58324730259	-0.0533333333333	-0.06	-0.0466666666667	1959.0	1969	1950
sfself	sfnojuv1950to1969v3	sfnojuv1950to1969v0	0.913333333333	0.933333333333	1.41753675972	1.45427952396	1.38079399548	-0.05	-0.0333333333333	-0.0666666666667	1959.5	1969	1950
sfself	sfnojuv1950to1969v3	sfnojuv1950to1969v1	0.913333333333	0.913333333333	1.49437902266	1.49396999263	1.49478805268	-0.0466666666667	-0.0466666666667	-0.0466666666667	1959.5	1969	1950
sfself	sfnojuv1950to1969v3	sfnojuv1950to1969v2	0.913333333333	0.913333333333	1.65577428498	1.60331098749	1.70823758246	-0.0466666666667	-0.0533333333333	-0.04	1959.0	1969	1950
sfself	sfnojuv1950to1969v3	sfnojuv1950to1969v4	0.913333333333	0.9	1.45232915107	1.44570218972	1.45895611242	-0.08	-0.0933333333333	-0.0666666666667	1959.0	1969	1950
sfself	sfnojuv1950to1969v4	sfnojuv1950to1969v0	0.9	0.933333333333	1.45771092512	1.51897347728	1.39644837297	-0.05	-0.0333333333333	-0.0666666666667	1959.5	1969	1950
sfself	sfnojuv1950to1969v4	sfnojuv1950to1969v1	0.9	0.913333333333	1.4098460783	1.49111627268	1.32857588391	-0.07	-0.06	-0.08	1959.5	1969	1950
sfself	sfnojuv1950to1969v4	sfnojuv1950to1969v2	0.9	0.913333333333	1.63295378941	1.58324730259	1.68266027623	-0.0533333333333	-0.0466666666667	-0.06	1959.0	1969	1950
sfself	sfnojuv1950to1969v4	sfnojuv1950to1969v3	0.9	0.913333333333	1.45232915107	1.45895611242	1.44570218972	-0.08	-0.0666666666667	-0.0933333333333	1959.0	1969	1950
sfself	sfnojuv1800to1899v0	sfnojuv1800to1899v1	0.866666666667	0.886666666667	1.17202768136	1.23535159766	1.10870376506	-0.103333333333	-0.1	-0.106666666667	1875.0	1899	1800
sfself	sfnojuv1800to1899v0	sfnojuv1800to1899v2	0.866666666667	0.886666666667	1.17071200158	1.26920790188	1.07221610128	-0.0966666666667	-0.0933333333333	-0.1	1875.5	1899	1800
sfself	sfnojuv1800to1899v0	sfnojuv1800to1899v3	0.866666666667	0.9	1.21540519627	1.34023063768	1.09057975487	-0.0833333333333	-0.06	-0.106666666667	1875.0	1899	1800
sfself	sfnojuv1800to1899v0	sfnojuv1800to1899v4	0.866666666667	0.873333333333	1.06733698059	1.0745312414	1.06014271979	-0.106666666667	-0.1	-0.113333333333	1874.0	1899	1800
sfself	sfnojuv1800to1899v1	sfnojuv1800to1899v0	0.886666666667	0.866666666667	1.17202768136	1.10870376506	1.23535159766	-0.103333333333	-0.106666666667	-0.1	1875.0	1899	1800
sfself	sfnojuv1800to1899v1	sfnojuv1800to1899v2	0.886666666667	0.886666666667	1.18593704018	1.16043981886	1.21143426149	-0.1	-0.1	-0.1	1875.5	1899	1800
sfself	sfnojuv1800to1899v1	sfnojuv1800to1899v3	0.886666666667	0.9	1.23346354234	1.28907617501	1.17785090968	-0.09	-0.0733333333333	-0.106666666667	1875.0	1899	1800
sfself	sfnojuv1800to1899v1	sfnojuv1800to1899v4	0.886666666667	0.873333333333	1.06415355065	1.00001408472	1.12829301658	-0.11	-0.113333333333	-0.106666666667	1874.0	1899	1800
sfself	sfnojuv1800to1899v2	sfnojuv1800to1899v0	0.886666666667	0.866666666667	1.17071200158	1.07221610128	1.26920790188	-0.0966666666667	-0.1	-0.0933333333333	1875.5	1899	1800
sfself	sfnojuv1800to1899v2	sfnojuv1800to1899v1	0.886666666667	0.886666666667	1.18593704018	1.21143426149	1.16043981886	-0.1	-0.1	-0.1	1875.5	1899	1800
sfself	sfnojuv1800to1899v2	sfnojuv1800to1899v3	0.886666666667	0.9	1.18654715409	1.28067866511	1.09241564307	-0.09	-0.0733333333333	-0.106666666667	1875.5	1899	1800
sfself	sfnojuv1800to1899v2	sfnojuv1800to1899v4	0.886666666667	0.873333333333	1.10442255537	1.05639960371	1.15244550702	-0.09	-0.1	-0.08	1874.5	1899	1800
sfself	sfnojuv1800to1899v3	sfnojuv1800to1899v0	0.9	0.866666666667	1.21540519627	1.09057975487	1.34023063768	-0.0833333333333	-0.106666666667	-0.06	1875.0	1899	1800
sfself	sfnojuv1800to1899v3	sfnojuv1800to1899v1	0.9	0.886666666667	1.23346354234	1.17785090968	1.28907617501	-0.09	-0.106666666667	-0.0733333333333	1875.0	1899	1800
sfself	sfnojuv1800to1899v3	sfnojuv1800to1899v2	0.9	0.886666666667	1.18654715409	1.09241564307	1.28067866511	-0.09	-0.106666666667	-0.0733333333333	1875.5	1899	1800
sfself	sfnojuv1800to1899v3	sfnojuv1800to1899v4	0.9	0.873333333333	1.15827374676	1.03992981411	1.2766176794	-0.0966666666667	-0.113333333333	-0.08	1874.0	1899	1800
sfself	sfnojuv1800to1899v4	sfnojuv1800to1899v0	0.873333333333	0.866666666667	1.06733698059	1.06014271979	1.0745312414	-0.106666666667	-0.113333333333	-0.1	1874.0	1899	1800
sfself	sfnojuv1800to1899v4	sfnojuv1800to1899v1	0.873333333333	0.886666666667	1.06415355065	1.12829301658	1.00001408472	-0.11	-0.106666666667	-0.113333333333	1874.0	1899	1800
sfself	sfnojuv1800to1899v4	sfnojuv1800to1899v2	0.873333333333	0.886666666667	1.10442255537	1.15244550702	1.05639960371	-0.09	-0.08	-0.1	1874.5	1899	1800
sfself	sfnojuv1800to1899v4	sfnojuv1800to1899v3	0.873333333333	0.9	1.15827374676	1.2766176794	1.03992981411	-0.0966666666667	-0.08	-0.113333333333	1874.0	1899	1800
sfself	sfnojuv1980to1989v0	sfnojuv1980to1989v1	0.966666666667	0.96	1.83530921047	1.79406407014	1.87655435079	-0.0366666666667	-0.04	-0.0333333333333	1985.0	1989	1980
sfself	sfnojuv1980to1989v0	sfnojuv1980to1989v2	0.966666666667	0.933333333333	1.66272796162	1.6507494951	1.67470642814	-0.05	-0.0666666666667	-0.0333333333333	1985.0	1989	1980
sfself	sfnojuv1980to1989v0	sfnojuv1980to1989v3	0.966666666667	0.953333333333	1.72942626504	1.63273483629	1.8261176938	-0.04	-0.0466666666667	-0.0333333333333	1985.0	1989	1980
sfself	sfnojuv1980to1989v0	sfnojuv1980to1989v4	0.966666666667	0.966666666667	1.85655198867	1.83495863034	1.878145347	-0.0333333333333	-0.0333333333333	-0.0333333333333	1985.0	1989	1980
sfself	sfnojuv1980to1989v1	sfnojuv1980to1989v0	0.96	0.966666666667	1.83530921047	1.87655435079	1.79406407014	-0.0366666666667	-0.0333333333333	-0.04	1985.0	1989	1980
sfself	sfnojuv1980to1989v1	sfnojuv1980to1989v2	0.96	0.933333333333	1.65383836798	1.68722319768	1.62045353828	-0.0533333333333	-0.0666666666667	-0.04	1985.0	1989	1980
sfself	sfnojuv1980to1989v1	sfnojuv1980to1989v3	0.96	0.953333333333	1.77658538433	1.72687265059	1.82629811806	-0.0433333333333	-0.0466666666667	-0.04	1985.0	1989	1980
sfself	sfnojuv1980to1989v1	sfnojuv1980to1989v4	0.96	0.966666666667	1.79267351021	1.8254326448	1.75991437562	-0.0366666666667	-0.0333333333333	-0.04	1985.0	1989	1980
sfself	sfnojuv1980to1989v2	sfnojuv1980to1989v0	0.933333333333	0.966666666667	1.66272796162	1.67470642814	1.6507494951	-0.05	-0.0333333333333	-0.0666666666667	1985.0	1989	1980
sfself	sfnojuv1980to1989v2	sfnojuv1980to1989v1	0.933333333333	0.96	1.65383836798	1.62045353828	1.68722319768	-0.0533333333333	-0.04	-0.0666666666667	1985.0	1989	1980
sfself	sfnojuv1980to1989v2	sfnojuv1980to1989v3	0.933333333333	0.953333333333	1.57372680189	1.51205212241	1.63540148137	-0.0566666666667	-0.0466666666667	-0.0666666666667	1985.0	1989	1980
sfself	sfnojuv1980to1989v2	sfnojuv1980to1989v4	0.933333333333	0.966666666667	1.5777058971	1.57486052249	1.58055127171	-0.05	-0.0333333333333	-0.0666666666667	1985.0	1989	1980
sfself	sfnojuv1980to1989v3	sfnojuv1980to1989v0	0.953333333333	0.966666666667	1.72942626504	1.8261176938	1.63273483629	-0.04	-0.0333333333333	-0.0466666666667	1985.0	1989	1980
sfself	sfnojuv1980to1989v3	sfnojuv1980to1989v1	0.953333333333	0.96	1.77658538433	1.82629811806	1.72687265059	-0.0433333333333	-0.04	-0.0466666666667	1985.0	1989	1980
sfself	sfnojuv1980to1989v3	sfnojuv1980to1989v2	0.953333333333	0.933333333333	1.57372680189	1.63540148137	1.51205212241	-0.0566666666667	-0.0666666666667	-0.0466666666667	1985.0	1989	1980
sfself	sfnojuv1980to1989v3	sfnojuv1980to1989v4	0.953333333333	0.966666666667	1.76175717263	1.79729936647	1.72621497879	-0.04	-0.0333333333333	-0.0466666666667	1985.0	1989	1980
sfself	sfnojuv1980to1989v4	sfnojuv1980to1989v0	0.966666666667	0.966666666667	1.85655198867	1.878145347	1.83495863034	-0.0333333333333	-0.0333333333333	-0.0333333333333	1985.0	1989	1980
sfself	sfnojuv1980to1989v4	sfnojuv1980to1989v1	0.966666666667	0.96	1.79267351021	1.75991437562	1.8254326448	-0.0366666666667	-0.04	-0.0333333333333	1985.0	1989	1980
sfself	sfnojuv1980to1989v4	sfnojuv1980to1989v2	0.966666666667	0.933333333333	1.5777058971	1.58055127171	1.57486052249	-0.05	-0.0666666666667	-0.0333333333333	1985.0	1989	1980
sfself	sfnojuv1980to1989v4	sfnojuv1980to1989v3	0.966666666667	0.953333333333	1.76175717263	1.72621497879	1.79729936647	-0.04	-0.0466666666667	-0.0333333333333	1985.0	1989	1980
sfself	sfnojuv1990to1999v0	sfnojuv1990to1999v1	0.846666666667	0.88	1.24027959122	1.3319380651	1.14862111734	-0.126666666667	-0.106666666667	-0.146666666667	1994.0	1999	1990
sfself	sfnojuv1990to1999v0	sfnojuv1990to1999v2	0.846666666667	0.873333333333	1.31695289123	1.27474980397	1.35915597848	-0.12	-0.113333333333	-0.126666666667	1994.5	1999	1990
sfself	sfnojuv1990to1999v0	sfnojuv1990to1999v3	0.846666666667	0.853333333333	1.19167301509	1.30398650726	1.07935952293	-0.14	-0.133333333333	-0.146666666667	1994.0	1999	1990
sfself	sfnojuv1990to1999v0	sfnojuv1990to1999v4	0.846666666667	0.886666666667	1.40723319212	1.4481163971	1.36634998715	-0.12	-0.1	-0.14	1994.5	1999	1990
sfself	sfnojuv1990to1999v1	sfnojuv1990to1999v0	0.88	0.846666666667	1.24027959122	1.14862111734	1.3319380651	-0.126666666667	-0.146666666667	-0.106666666667	1994.0	1999	1990
sfself	sfnojuv1990to1999v1	sfnojuv1990to1999v2	0.88	0.873333333333	1.26563022792	1.15365365247	1.37760680336	-0.11	-0.12	-0.1	1994.5	1999	1990
sfself	sfnojuv1990to1999v1	sfnojuv1990to1999v3	0.88	0.853333333333	1.25328169069	1.26656734723	1.23999603415	-0.126666666667	-0.14	-0.113333333333	1994.0	1999	1990
sfself	sfnojuv1990to1999v1	sfnojuv1990to1999v4	0.88	0.886666666667	1.3390685125	1.26282304177	1.41531398322	-0.106666666667	-0.106666666667	-0.106666666667	1994.5	1999	1990
sfself	sfnojuv1990to1999v2	sfnojuv1990to1999v0	0.873333333333	0.846666666667	1.31695289123	1.35915597848	1.27474980397	-0.12	-0.126666666667	-0.113333333333	1994.5	1999	1990
sfself	sfnojuv1990to1999v2	sfnojuv1990to1999v1	0.873333333333	0.88	1.26563022792	1.37760680336	1.15365365247	-0.11	-0.1	-0.12	1994.5	1999	1990
sfself	sfnojuv1990to1999v2	sfnojuv1990to1999v3	0.873333333333	0.853333333333	1.24365524296	1.3736988367	1.11361164922	-0.123333333333	-0.126666666667	-0.12	1994.5	1999	1990
sfself	sfnojuv1990to1999v2	sfnojuv1990to1999v4	0.873333333333	0.886666666667	1.46616854289	1.53536536842	1.39697171737	-0.106666666667	-0.0933333333333	-0.12	1995.0	1999	1990
sfself	sfnojuv1990to1999v3	sfnojuv1990to1999v0	0.853333333333	0.846666666667	1.19167301509	1.07935952293	1.30398650726	-0.14	-0.146666666667	-0.133333333333	1994.0	1999	1990
sfself	sfnojuv1990to1999v3	sfnojuv1990to1999v1	0.853333333333	0.88	1.25328169069	1.23999603415	1.26656734723	-0.126666666667	-0.113333333333	-0.14	1994.0	1999	1990
sfself	sfnojuv1990to1999v3	sfnojuv1990to1999v2	0.853333333333	0.873333333333	1.24365524296	1.11361164922	1.3736988367	-0.123333333333	-0.12	-0.126666666667	1994.5	1999	1990
sfself	sfnojuv1990to1999v3	sfnojuv1990to1999v4	0.853333333333	0.886666666667	1.32947881174	1.26771622554	1.39124139794	-0.126666666667	-0.113333333333	-0.14	1994.5	1999	1990
sfself	sfnojuv1990to1999v4	sfnojuv1990to1999v0	0.886666666667	0.846666666667	1.40723319212	1.36634998715	1.4481163971	-0.12	-0.14	-0.1	1994.5	1999	1990
sfself	sfnojuv1990to1999v4	sfnojuv1990to1999v1	0.886666666667	0.88	1.3390685125	1.41531398322	1.26282304177	-0.106666666667	-0.106666666667	-0.106666666667	1994.5	1999	1990
sfself	sfnojuv1990to1999v4	sfnojuv1990to1999v2	0.886666666667	0.873333333333	1.46616854289	1.39697171737	1.53536536842	-0.106666666667	-0.12	-0.0933333333333	1995.0	1999	1990
sfself	sfnojuv1990to1999v4	sfnojuv1990to1999v3	0.886666666667	0.853333333333	1.32947881174	1.39124139794	1.26771622554	-0.126666666667	-0.14	-0.113333333333	1994.5	1999	1990
sfself	sfnojuv2000to2010v0	sfnojuv2000to2010v1	0.88	0.9	1.55258885991	1.65688207676	1.44829564306	-0.0966666666667	-0.0866666666667	-0.106666666667	2004.0	2010	2000
sfself	sfnojuv2000to2010v0	sfnojuv2000to2010v2	0.88	0.873333333333	1.52038492137	1.5394722534	1.50129758934	-0.113333333333	-0.12	-0.106666666667	2004.0	2010	2000
sfself	sfnojuv2000to2010v0	sfnojuv2000to2010v3	0.88	0.893333333333	1.39821923801	1.28955079325	1.50688768278	-0.09	-0.0866666666667	-0.0933333333333	2004.0	2010	2000
sfself	sfnojuv2000to2010v0	sfnojuv2000to2010v4	0.88	0.853333333333	1.35736497295	1.32261322567	1.39211672023	-0.116666666667	-0.126666666667	-0.106666666667	2004.0	2010	2000
sfself	sfnojuv2000to2010v1	sfnojuv2000to2010v0	0.9	0.88	1.55258885991	1.44829564306	1.65688207676	-0.0966666666667	-0.106666666667	-0.0866666666667	2004.0	2010	2000
sfself	sfnojuv2000to2010v1	sfnojuv2000to2010v2	0.9	0.873333333333	1.5746219323	1.52724266749	1.62200119711	-0.09	-0.106666666667	-0.0733333333333	2004.0	2010	2000
sfself	sfnojuv2000to2010v1	sfnojuv2000to2010v3	0.9	0.893333333333	1.39901194703	1.2146391476	1.58338474647	-0.0866666666667	-0.0933333333333	-0.08	2004.0	2010	2000
sfself	sfnojuv2000to2010v1	sfnojuv2000to2010v4	0.9	0.853333333333	1.38453723111	1.2742474241	1.49482703812	-0.106666666667	-0.126666666667	-0.0866666666667	2004.0	2010	2000
sfself	sfnojuv2000to2010v2	sfnojuv2000to2010v0	0.873333333333	0.88	1.52038492137	1.50129758934	1.5394722534	-0.113333333333	-0.106666666667	-0.12	2004.0	2010	2000
sfself	sfnojuv2000to2010v2	sfnojuv2000to2010v1	0.873333333333	0.9	1.5746219323	1.62200119711	1.52724266749	-0.09	-0.0733333333333	-0.106666666667	2004.0	2010	2000
sfself	sfnojuv2000to2010v2	sfnojuv2000to2010v3	0.873333333333	0.893333333333	1.51331059008	1.33392676519	1.69269441497	-0.09	-0.08	-0.1	2004.0	2010	2000
sfself	sfnojuv2000to2010v2	sfnojuv2000to2010v4	0.873333333333	0.853333333333	1.41669550332	1.33897317864	1.494417828	-0.123333333333	-0.126666666667	-0.12	2004.0	2010	2000
sfself	sfnojuv2000to2010v3	sfnojuv2000to2010v0	0.893333333333	0.88	1.39821923801	1.50688768278	1.28955079325	-0.09	-0.0933333333333	-0.0866666666667	2004.0	2010	2000
sfself	sfnojuv2000to2010v3	sfnojuv2000to2010v1	0.893333333333	0.9	1.39901194703	1.58338474647	1.2146391476	-0.0866666666667	-0.08	-0.0933333333333	2004.0	2010	2000
sfself	sfnojuv2000to2010v3	sfnojuv2000to2010v2	0.893333333333	0.873333333333	1.51331059008	1.69269441497	1.33392676519	-0.09	-0.1	-0.08	2004.0	2010	2000
sfself	sfnojuv2000to2010v3	sfnojuv2000to2010v4	0.893333333333	0.853333333333	1.45873555076	1.51822046481	1.39925063671	-0.106666666667	-0.12	-0.0933333333333	2004.0	2010	2000
sfself	sfnojuv2000to2010v4	sfnojuv2000to2010v0	0.853333333333	0.88	1.35736497295	1.39211672023	1.32261322567	-0.116666666667	-0.106666666667	-0.126666666667	2004.0	2010	2000
sfself	sfnojuv2000to2010v4	sfnojuv2000to2010v1	0.853333333333	0.9	1.38453723111	1.49482703812	1.2742474241	-0.106666666667	-0.0866666666667	-0.126666666667	2004.0	2010	2000
sfself	sfnojuv2000to2010v4	sfnojuv2000to2010v2	0.853333333333	0.873333333333	1.41669550332	1.494417828	1.33897317864	-0.123333333333	-0.12	-0.126666666667	2004.0	2010	2000
sfself	sfnojuv2000to2010v4	sfnojuv2000to2010v3	0.853333333333	0.893333333333	1.45873555076	1.39925063671	1.51822046481	-0.106666666667	-0.0933333333333	-0.12	2004.0	2010	2000
sfself	sfnojuv1970to1979v0	sfnojuv1970to1979v1	0.893333333333	0.913333333333	1.55028208935	1.43160576997	1.66895840874	-0.0833333333333	-0.08	-0.0866666666667	1974.0	1979	1970
sfself	sfnojuv1970to1979v0	sfnojuv1970to1979v2	0.893333333333	0.893333333333	1.52601326051	1.44609490523	1.60593161578	-0.0966666666667	-0.0866666666667	-0.106666666667	1974.0	1979	1970
sfself	sfnojuv1970to1979v0	sfnojuv1970to1979v3	0.893333333333	0.906666666667	1.44416353188	1.47098104966	1.4173460141	-0.08	-0.0733333333333	-0.0866666666667	1974.5	1979	1970
sfself	sfnojuv1970to1979v0	sfnojuv1970to1979v4	0.893333333333	0.933333333333	1.67726594645	1.59810742114	1.75642447175	-0.07	-0.0666666666667	-0.0733333333333	1974.0	1979	1970
sfself	sfnojuv1970to1979v1	sfnojuv1970to1979v0	0.913333333333	0.893333333333	1.55028208935	1.66895840874	1.43160576997	-0.0833333333333	-0.0866666666667	-0.08	1974.0	1979	1970
sfself	sfnojuv1970to1979v1	sfnojuv1970to1979v2	0.913333333333	0.893333333333	1.71350472505	1.73842368186	1.68858576824	-0.0766666666667	-0.0666666666667	-0.0866666666667	1974.0	1979	1970
sfself	sfnojuv1970to1979v1	sfnojuv1970to1979v3	0.913333333333	0.906666666667	1.69440501414	1.73842368186	1.65038634643	-0.07	-0.0666666666667	-0.0733333333333	1974.5	1979	1970
sfself	sfnojuv1970to1979v1	sfnojuv1970to1979v4	0.913333333333	0.933333333333	1.83239681406	1.94484543104	1.71994819707	-0.0533333333333	-0.0533333333333	-0.0533333333333	1974.0	1979	1970
sfself	sfnojuv1970to1979v2	sfnojuv1970to1979v0	0.893333333333	0.893333333333	1.52601326051	1.60593161578	1.44609490523	-0.0966666666667	-0.106666666667	-0.0866666666667	1974.0	1979	1970
sfself	sfnojuv1970to1979v2	sfnojuv1970to1979v1	0.893333333333	0.913333333333	1.71350472505	1.68858576824	1.73842368186	-0.0766666666667	-0.0866666666667	-0.0666666666667	1974.0	1979	1970
sfself	sfnojuv1970to1979v2	sfnojuv1970to1979v3	0.893333333333	0.906666666667	1.57971174181	1.61258753061	1.54683595301	-0.09	-0.0933333333333	-0.0866666666667	1974.5	1979	1970
sfself	sfnojuv1970to1979v2	sfnojuv1970to1979v4	0.893333333333	0.933333333333	1.69432377775	1.75816655453	1.63048100096	-0.06	-0.0666666666667	-0.0533333333333	1974.0	1979	1970
sfself	sfnojuv1970to1979v3	sfnojuv1970to1979v0	0.906666666667	0.893333333333	1.44416353188	1.4173460141	1.47098104966	-0.08	-0.0866666666667	-0.0733333333333	1974.5	1979	1970
sfself	sfnojuv1970to1979v3	sfnojuv1970to1979v1	0.906666666667	0.913333333333	1.69440501414	1.65038634643	1.73842368186	-0.07	-0.0733333333333	-0.0666666666667	1974.5	1979	1970
sfself	sfnojuv1970to1979v3	sfnojuv1970to1979v2	0.906666666667	0.893333333333	1.57971174181	1.54683595301	1.61258753061	-0.09	-0.0866666666667	-0.0933333333333	1974.5	1979	1970
sfself	sfnojuv1970to1979v3	sfnojuv1970to1979v4	0.906666666667	0.933333333333	1.68614649015	1.69067807534	1.68161490497	-0.05	-0.0466666666667	-0.0533333333333	1974.5	1979	1970
sfself	sfnojuv1970to1979v4	sfnojuv1970to1979v0	0.933333333333	0.893333333333	1.67726594645	1.75642447175	1.59810742114	-0.07	-0.0733333333333	-0.0666666666667	1974.0	1979	1970
sfself	sfnojuv1970to1979v4	sfnojuv1970to1979v1	0.933333333333	0.913333333333	1.83239681406	1.71994819707	1.94484543104	-0.0533333333333	-0.0533333333333	-0.0533333333333	1974.0	1979	1970
sfself	sfnojuv1970to1979v4	sfnojuv1970to1979v2	0.933333333333	0.893333333333	1.69432377775	1.63048100096	1.75816655453	-0.06	-0.0533333333333	-0.0666666666667	1974.0	1979	1970
sfself	sfnojuv1970to1979v4	sfnojuv1970to1979v3	0.933333333333	0.906666666667	1.68614649015	1.68161490497	1.69067807534	-0.05	-0.0533333333333	-0.0466666666667	1974.5	1979	1970
sfself	sfnojuv1920to1949v0	sfnojuv1920to1949v1	0.913333333333	0.893333333333	1.42647665251	1.41300301733	1.43995028769	-0.08	-0.08	-0.08	1936.5	1949	1920
sfself	sfnojuv1920to1949v0	sfnojuv1920to1949v2	0.913333333333	0.9	1.23144466567	1.20147719618	1.26141213516	-0.0733333333333	-0.0666666666667	-0.08	1936.5	1949	1920
sfself	sfnojuv1920to1949v0	sfnojuv1920to1949v3	0.913333333333	0.906666666667	1.32093244915	1.29297952046	1.34888537783	-0.06	-0.06	-0.06	1935.5	1949	1920
sfself	sfnojuv1920to1949v0	sfnojuv1920to1949v4	0.913333333333	0.913333333333	1.49227640612	1.42597890648	1.55857390575	-0.0566666666667	-0.06	-0.0533333333333	1935.5	1949	1920
sfself	sfnojuv1920to1949v1	sfnojuv1920to1949v0	0.893333333333	0.913333333333	1.42647665251	1.43995028769	1.41300301733	-0.08	-0.08	-0.08	1936.5	1949	1920
sfself	sfnojuv1920to1949v1	sfnojuv1920to1949v2	0.893333333333	0.9	1.33998746503	1.37310240249	1.30687252757	-0.0866666666667	-0.08	-0.0933333333333	1937.0	1949	1920
sfself	sfnojuv1920to1949v1	sfnojuv1920to1949v3	0.893333333333	0.906666666667	1.36350240825	1.27869124568	1.44831357082	-0.0733333333333	-0.0733333333333	-0.0733333333333	1936.0	1949	1920
sfself	sfnojuv1920to1949v1	sfnojuv1920to1949v4	0.893333333333	0.913333333333	1.50089896368	1.4550048248	1.54679310255	-0.06	-0.0666666666667	-0.0533333333333	1936.0	1949	1920
sfself	sfnojuv1920to1949v2	sfnojuv1920to1949v0	0.9	0.913333333333	1.23144466567	1.26141213516	1.20147719618	-0.0733333333333	-0.08	-0.0666666666667	1936.5	1949	1920
sfself	sfnojuv1920to1949v2	sfnojuv1920to1949v1	0.9	0.893333333333	1.33998746503	1.30687252757	1.37310240249	-0.0866666666667	-0.0933333333333	-0.08	1937.0	1949	1920
sfself	sfnojuv1920to1949v2	sfnojuv1920to1949v3	0.9	0.906666666667	1.33940532684	1.31638472319	1.36242593049	-0.0833333333333	-0.0866666666667	-0.08	1936.0	1949	1920
sfself	sfnojuv1920to1949v2	sfnojuv1920to1949v4	0.9	0.913333333333	1.42361039686	1.37763842875	1.46958236498	-0.06	-0.0733333333333	-0.0466666666667	1936.0	1949	1920
sfself	sfnojuv1920to1949v3	sfnojuv1920to1949v0	0.906666666667	0.913333333333	1.32093244915	1.34888537783	1.29297952046	-0.06	-0.06	-0.06	1935.5	1949	1920
sfself	sfnojuv1920to1949v3	sfnojuv1920to1949v1	0.906666666667	0.893333333333	1.36350240825	1.44831357082	1.27869124568	-0.0733333333333	-0.0733333333333	-0.0733333333333	1936.0	1949	1920
sfself	sfnojuv1920to1949v3	sfnojuv1920to1949v2	0.906666666667	0.9	1.33940532684	1.36242593049	1.31638472319	-0.0833333333333	-0.08	-0.0866666666667	1936.0	1949	1920
sfself	sfnojuv1920to1949v3	sfnojuv1920to1949v4	0.906666666667	0.913333333333	1.52368316125	1.46852171349	1.57884460902	-0.0533333333333	-0.06	-0.0466666666667	1935.0	1949	1920
sfself	sfnojuv1920to1949v4	sfnojuv1920to1949v0	0.913333333333	0.913333333333	1.49227640612	1.55857390575	1.42597890648	-0.0566666666667	-0.0533333333333	-0.06	1935.5	1949	1920
sfself	sfnojuv1920to1949v4	sfnojuv1920to1949v1	0.913333333333	0.893333333333	1.50089896368	1.54679310255	1.4550048248	-0.06	-0.0533333333333	-0.0666666666667	1936.0	1949	1920
sfself	sfnojuv1920to1949v4	sfnojuv1920to1949v2	0.913333333333	0.9	1.42361039686	1.46958236498	1.37763842875	-0.06	-0.0466666666667	-0.0733333333333	1936.0	1949	1920
sfself	sfnojuv1920to1949v4	sfnojuv1920to1949v3	0.913333333333	0.906666666667	1.52368316125	1.57884460902	1.46852171349	-0.0533333333333	-0.0466666666667	-0.06	1935.0	1949	1920
sfself	sfnojuv1900to1919v0	sfnojuv1900to1919v1	0.9	0.886666666667	1.59296133381	1.5281737939	1.65774887372	-0.0966666666667	-0.1	-0.0933333333333	1908.0	1919	1900
sfself	sfnojuv1900to1919v0	sfnojuv1900to1919v2	0.9	0.906666666667	1.56167082075	1.56296972656	1.56037191494	-0.0866666666667	-0.0866666666667	-0.0866666666667	1908.0	1919	1900
sfself	sfnojuv1900to1919v0	sfnojuv1900to1919v3	0.9	0.886666666667	1.47345495644	1.42927892774	1.51763098514	-0.09	-0.1	-0.08	1908.5	1919	1900
sfself	sfnojuv1900to1919v0	sfnojuv1900to1919v4	0.9	0.906666666667	1.50565055539	1.54840229494	1.46289881584	-0.0833333333333	-0.08	-0.0866666666667	1908.5	1919	1900
sfself	sfnojuv1900to1919v1	sfnojuv1900to1919v0	0.886666666667	0.9	1.59296133381	1.65774887372	1.5281737939	-0.0966666666667	-0.0933333333333	-0.1	1908.0	1919	1900
sfself	sfnojuv1900to1919v1	sfnojuv1900to1919v2	0.886666666667	0.906666666667	1.75305906291	1.86163734506	1.64448078076	-0.0966666666667	-0.0933333333333	-0.1	1908.0	1919	1900
sfself	sfnojuv1900to1919v1	sfnojuv1900to1919v3	0.886666666667	0.886666666667	1.8321982362	1.87982110912	1.78457536328	-0.1	-0.106666666667	-0.0933333333333	1908.5	1919	1900
sfself	sfnojuv1900to1919v1	sfnojuv1900to1919v4	0.886666666667	0.906666666667	1.71944326657	1.92009631591	1.51879021724	-0.0933333333333	-0.0866666666667	-0.1	1908.5	1919	1900
sfself	sfnojuv1900to1919v2	sfnojuv1900to1919v0	0.906666666667	0.9	1.56167082075	1.56037191494	1.56296972656	-0.0866666666667	-0.0866666666667	-0.0866666666667	1908.0	1919	1900
sfself	sfnojuv1900to1919v2	sfnojuv1900to1919v1	0.906666666667	0.886666666667	1.75305906291	1.64448078076	1.86163734506	-0.0966666666667	-0.1	-0.0933333333333	1908.0	1919	1900
sfself	sfnojuv1900to1919v2	sfnojuv1900to1919v3	0.906666666667	0.886666666667	1.74901271296	1.68586408568	1.81216134024	-0.0866666666667	-0.1	-0.0733333333333	1908.5	1919	1900
sfself	sfnojuv1900to1919v2	sfnojuv1900to1919v4	0.906666666667	0.906666666667	1.67784776728	1.79301261418	1.56268292038	-0.08	-0.08	-0.08	1908.5	1919	1900
sfself	sfnojuv1900to1919v3	sfnojuv1900to1919v0	0.886666666667	0.9	1.47345495644	1.51763098514	1.42927892774	-0.09	-0.08	-0.1	1908.5	1919	1900
sfself	sfnojuv1900to1919v3	sfnojuv1900to1919v1	0.886666666667	0.886666666667	1.8321982362	1.78457536328	1.87982110912	-0.1	-0.0933333333333	-0.106666666667	1908.5	1919	1900
sfself	sfnojuv1900to1919v3	sfnojuv1900to1919v2	0.886666666667	0.906666666667	1.74901271296	1.81216134024	1.68586408568	-0.0866666666667	-0.0733333333333	-0.1	1908.5	1919	1900
sfself	sfnojuv1900to1919v3	sfnojuv1900to1919v4	0.886666666667	0.906666666667	1.6722026955	1.80079525467	1.54361013633	-0.09	-0.08	-0.1	1909.0	1919	1900
sfself	sfnojuv1900to1919v4	sfnojuv1900to1919v0	0.906666666667	0.9	1.50565055539	1.46289881584	1.54840229494	-0.0833333333333	-0.0866666666667	-0.08	1908.5	1919	1900
sfself	sfnojuv1900to1919v4	sfnojuv1900to1919v1	0.906666666667	0.886666666667	1.71944326657	1.51879021724	1.92009631591	-0.0933333333333	-0.1	-0.0866666666667	1908.5	1919	1900
sfself	sfnojuv1900to1919v4	sfnojuv1900to1919v2	0.906666666667	0.906666666667	1.67784776728	1.56268292038	1.79301261418	-0.08	-0.08	-0.08	1908.5	1919	1900
sfself	sfnojuv1900to1919v4	sfnojuv1900to1919v3	0.906666666667	0.886666666667	1.6722026955	1.54361013633	1.80079525467	-0.09	-0.1	-0.08	1909.0	1919	1900
