smiling,-15.8808741338,-2485339154.95
months,-13.5709287397,-1541050746.13
proud,-12.6149133426,-4017610635.02
cheeks,-12.3903370413,-2966806896.55
smile,-12.1743871441,-630411676.551
letter,-11.9639102103,-399221472.123
fat,-11.94112895,-1294589309.74
o'clock,-11.8769453933,-1397190388.13
regular,-11.4939742075,-9561877851.39
fifteen,-10.7528898928,-4238082394.7
honest,-10.5918046352,-4216507939.89
service,-10.4973122283,-1907648248.72
attitude,-10.2696510099,-2633528320.0
friendly,-10.2136812613,-3890776479.34
talked,-10.1905319203,-1121121996.94
fight,-9.84503160089,-1178661835.94
spoke,-9.70457101013,-482137389.128
courage,-9.6886311387,-5082529206.55
hide,-9.6479896612,-4222483951.56
waiting,-9.64217102417,-735293150.14
's,-9.49541159916,-1896724.85121
tears,-9.42554025847,-639459380.003
month,-9.41617566886,-2632768361.41
everybody,-9.37794162993,-865438793.855
#placename,-9.31277641793,-4947835.49008
since,-9.20854243036,-470123160.646
swinging,-9.20533807643,-11871404054.7
smiled,-9.19887353384,-418957317.407
silent,-9.12116285844,-746129904.124
war,-9.01472869287,-185676745.113
bought,-9.00740113545,-1781245340.97
charge,-8.89813301995,-2392234785.51
serious,-8.80463432762,-2775954400.99
knowing,-8.77206356188,-3971115443.21
boy,-8.74848342661,-55849638.2416
closed,-8.69109528761,-1000915746.87
having,-8.60849968085,-432218710.938
sighed,-8.56316401055,-1599507129.62
talk,-8.54609093627,-326987864.498
confidence,-8.47924471945,-3096870274.02
pay,-8.46471217788,-963404767.252
cool,-8.45144022248,-2409881848.49
given,-8.3140642446,-745615683.658
wants,-8.26203231991,-1581524672.39
him,-8.25900882938,-3001213.3839
who,-8.23250115688,-18564468.7637
quickly,-8.21625353993,-407114337.119
manner,-8.21239891844,-1728873032.26
letters,-8.18688747438,-895081312.796
spoken,-8.14050692838,-2796234737.66
kitchen,-8.13676952096,-358875570.706
duty,-8.13099602098,-2653822282.61
eight,-7.99325679263,-1942625257.5
sounded,-7.9619207455,-1729130700.89
born,-7.91497897214,-1622806311.25
listened,-7.88621245312,-857224035.982
crowded,-7.85818051781,-5627892130.58
tall,-7.83631643248,-872020268.657
anyone,-7.81861686566,-503360981.901
become,-7.74091369277,-563446836.262
table,-7.70973914233,-188451981.488
marry,-7.66581570216,-459278154.804
words,-7.634533607,-140745998.27
recognise,-7.59823926101,-6867433537.72
married,-7.55030239927,-306802675.814
refused,-7.52957441183,-3187215241.57
remember,-7.52161992078,-332452951.806
against,-7.52010397227,-153321514.172
respect,-7.46605156299,-4584759641.78
talking,-7.42108033836,-662623413.295
post,-7.38895779392,-476557678.945
laughter,-7.33034259371,-1828129376.4
young,-7.31717858289,-23915122.4529
eager,-7.31464922669,-2412227045.74
days,-7.24237325531,-208129654.48
habit,-7.23897101111,-3196690497.21
week,-7.21257434743,-458371977.748
pause,-7.18035794595,-2438070930.85
already,-7.15468595761,-290932066.307
affair,-7.12866675179,-679029616.67
thick,-7.10956635622,-1119758297.52
obvious,-7.10349464157,-3025698780.01
evidently,-7.10118028637,-1051235826.17
desperate,-7.0930199758,-4516426843.08
cheek,-7.08634961021,-2858816940.73
coffee,-7.05703007564,-702494742.776
ugly,-7.01853119631,-2519275431.41
sent,-6.9730356759,-696222572.362
women,-6.9688289487,-121968234.336
tied,-6.96505352317,-2570232718.42
understanding,-6.92387106679,-6075390236.05
wanted,-6.88620846491,-107795289.034
shirt,-6.88438938853,-3601346068.37
dinner,-6.87943718509,-200563703.028
received,-6.8155286539,-2204813109.28
knew,-6.79630887519,-61432689.7854
full,-6.79051182603,-275085156.951
money,-6.77251063748,-96539122.1776
break,-6.75007526014,-2371709512.89
job,-6.73966265047,-264512196.943
difficult,-6.73722620205,-1160131053.13
missed,-6.68689352371,-4216011218.42
opened,-6.67079796656,-437075983.699
wake,-6.65676321942,-5256249702.6
obviously,-6.65097129764,-1898158276.35
opportunity,-6.61366649576,-2525678617.9
possession,-6.59343029517,-3717645995.47
understood,-6.57722671316,-1212700479.57
heat,-6.57201755764,-1419405698.66
cap,-6.57053792171,-1681491371.76
heavily,-6.57041340576,-3052109092.45
thin,-6.53245191498,-717392305.682
sat,-6.52872522957,-100059078.364
softly,-6.40994328437,-904740003.457
gay,-6.33529994447,-2911394244.61
foreign,-6.30403491362,-1626380060.67
lack,-6.29767124362,-4794268216.79
tie,-6.2789209173,-6691586615.64
five,-6.27241115347,-203295428.981
ought,-6.26249404079,-275746713.723
heavy,-6.25288811902,-639497238.523
because,-6.24360619423,-47129974.7209
ourselves,-6.23208925877,-2561971179.63
pocket,-6.19717667101,-844769275.981
crowd,-6.18546195508,-838066104.089
taken,-6.18418875535,-462093284.276
ready,-6.16908352021,-794905585.594
sympathy,-6.13831301739,-4063008088.01
fit,-6.13663498129,-2724520235.81
put,-6.07707905236,-62923323.6402
comfort,-6.0736494163,-2871883920.89
sick,-6.05885478435,-1077023782.44
bent,-6.05174170842,-427817191.439
opinion,-6.04884104176,-2222765079.31
going,-6.02534700456,-32012840.0183
ordered,-6.02445222693,-3343118213.48
his,-6.0161617838,-606574.210893
husband,-6.00288543237,-172850295.621
mother,-5.94811296965,-9344652.07088
read,-5.94369073948,-279230260.283
shame,-5.93892969926,-5218438932.61
eating,-5.92754895337,-2722593958.36
likely,-5.91948404629,-984580904.782
handsome,-5.83238527576,-2821788509.5
relief,-5.80304693126,-1394196458.19
else,-5.79630875737,-253441148.712
alive,-5.79012550056,-849212075.551
to,-5.78361312927,-800951.558357
affairs,-5.77188948386,-2078069554.71
accustomed,-5.76936984914,-5666420934.01
hit,-5.74036768639,-778681065.827
laughed,-5.71107341298,-155053398.187
dirty,-5.70749282754,-658453119.807
younger,-5.68336526586,-1464614315.6
interrupted,-5.64967469897,-1865291223.57
simple,-5.64264840179,-1774883837.04
immediately,-5.6406392955,-251235192.497
spread,-5.61082228112,-1510971291.18
tell,-5.57060875588,-45803868.5405
understand,-5.54841044339,-244383221.554
shoulders,-5.53893046301,-501206884.546
mark,-5.52065300027,-4935187.304
confusion,-5.51044346493,-4413698254.51
chairs,-5.50367622511,-4285786766.66
offered,-5.48847602626,-1871325833.98
suspicion,-5.48734915544,-2976228327.98
stupid,-5.46831509691,-2665246122.27
'd,-5.46589239273,-8960610.1732
hands,-5.44375957546,-74479711.0348
spent,-5.4047405882,-1408511529.59
public,-5.39508172943,-830197202.427
pride,-5.38622835426,-2149028233.11
attention,-5.38235764378,-1073130967.24
daughter,-5.38210132881,-296371775.471
sure,-5.36361058926,-91741627.5021
impression,-5.3540972645,-1824405143.83
drunk,-5.34265243154,-2043028197.8
wore,-5.34158611054,-1284136233.07
',-5.32253927281,-154206.687721
burned,-5.30640502221,-1429442157.83
hundred,-5.30101365498,-308963612.194
brought,-5.29485230365,-198760651.868
mysterious,-5.29160310087,-1634110127.58
handed,-5.26173532154,-2524607775.58
ten,-5.25355280793,-403918643.325
accept,-5.24561965293,-3201362396.5
take,-5.24383772293,-111275911.75
freedom,-5.22968292762,-2425614367.87
during,-5.22050633802,-250193731.112
seat,-5.2195602707,-1647450172.57
new,-5.20773521296,-77101702.2085
whom,-5.19056646836,-260190558.396
took,-5.1625109885,-99142830.3683
've,-5.15641455859,-17860490.115
face,-5.11116506911,-18797540.0006
remained,-5.10220556709,-414269117.897
fighting,-5.09695032921,-874997601.601
quietly,-5.00010902462,-404155257.631
tone,-4.992474624,-537407716.117
helpless,-4.96859524171,-3784996629.95
you,-4.95853259851,-381110.648845
send,-4.95126443805,-1307015213.84
forget,-4.95040912961,-1226637031.4
lead,-4.92312376606,-2021725385.99
gentleman,-4.92234792595,-576866367.71
from,-4.90910146663,-5952098.14546
seeing,-4.90831220066,-933776590.694
large,-4.90333300092,-264482084.821
judge,-4.90296203316,-203908598.612
occupied,-4.8932626231,-3745650436.98
got,-4.89281919549,-14142171.584
stood,-4.88231270573,-53516946.4502
bit,-4.86671965859,-235397322.108
mouth,-4.86580432416,-168632971.747
wound,-4.85991815174,-1743667856.1
warmth,-4.84510127087,-1865603841.85
want,-4.8383619466,-30837213.7886
hand,-4.82803094862,-50803921.4636
meal,-4.81877262576,-1596234630.85
dance,-4.79860740732,-468914618.277
condition,-4.79760995108,-2438893100.32
stiff,-4.77999082543,-3399769021.61
rich,-4.77013427474,-1063393424.95
eyes,-4.75766929635,-16236960.7544
case,-4.70217927063,-261935397.836
giving,-4.7004104866,-2110495018.8
rang,-4.68268208588,-1784727356.32
her,-4.68015942641,-169053.562497
arrived,-4.67948520027,-862283610.325
raise,-4.67430847015,-4294237769.1
mood,-4.67382925136,-1686893846.88
square,-4.66376226094,-662779507.417
knows,-4.65413858007,-848469555.043
school,-4.65045109315,-85443745.1057
at,-4.64068826111,-4843693.29669
engaged,-4.640047071,-3219760401.47
shrugged,-4.61740820762,-2069313914.76
short,-4.61236842773,-500860300.942
would,-4.6071702399,-4766093.29633
years,-4.60330062642,-51786704.8816
show,-4.60019512097,-215196583.549
dying,-4.60001704204,-1776425076.99
when,-4.5998602909,-10132270.4661
girls,-4.58601461408,-150760166.945
silence,-4.58369362566,-162894864.04
year,-4.57102060448,-158793153.974
match,-4.55886647907,-2555761279.94
two,-4.55866169475,-30496914.2021
besides,-4.54027746362,-840674279.371
older,-4.53926511679,-1460278266.4
'll,-4.53643861489,-15016979.2777
town,-4.53228628,-96657946.9531
twelve,-4.5244838146,-2178093640.96
hurt,-4.51826638658,-593215099.618
breath,-4.51750349642,-542790019.996
waited,-4.51557017768,-600082987.938
moments,-4.51192914196,-389622391.392
these,-4.50573153791,-34411330.8599
left,-4.50270275426,-91655180.9424
order,-4.5008767294,-417347362.415
for,-4.49425256474,-3448328.10368
facing,-4.45065345651,-4641710710.69
kissed,-4.43793412142,-600649277.35
#dayoftheweek,-4.43527286725,-92878130.7164
keep,-4.42802557398,-262153175.831
bridge,-4.41001771879,-219187329.053
state,-4.39654435643,-601468173.36
evening,-4.36994342342,-123102198.895
shot,-4.3647794824,-371901664.614
chair,-4.36446419394,-221387867.655
information,-4.3527301399,-2703639198.59
angry,-4.34794801568,-560599325.269
learned,-4.34463878847,-826864908.04
either,-4.32497761908,-378960383.645
ashamed,-4.30762842432,-1360230493.87
promise,-4.28637106477,-1450819634.26
meet,-4.28281641632,-529060884.548
hard,-4.27065275493,-216606514.28
stayed,-4.25424088013,-1599936897.86
boys,-4.23593509159,-76351658.3984
foolish,-4.23353544068,-2419171555.61
home,-4.23122782351,-38167917.729
glad,-4.18867173668,-378607863.778
reading,-4.18665111217,-1275249955.21
resting,-4.18599240588,-8980486340.5
windows,-4.18359418249,-481706954.992
delighted,-4.16864717789,-2389765424.2
hours,-4.16275596818,-425415570.919
father,-4.15365535727,-2581772.10575
visit,-4.15048859899,-625177937.188
after,-4.14861060296,-41385606.3044
rare,-4.14466085054,-2079702253.03
became,-4.13527641308,-171476225.148
made,-4.12918713178,-39015694.1904
night,-4.1267745038,-30551617.3846
voice,-4.1148431226,-24996167.6658
six,-4.09425683036,-194112750.688
give,-4.0831527469,-141598061.999
place,-4.06919748478,-57526829.9276
absolutely,-4.04882140202,-1616032478.32
formed,-4.04327973414,-2961562412.47
finding,-4.03448159353,-2015875674.42
lips,-4.03348300325,-181308989.834
dangerous,-4.01591341589,-1796065061.89
quick,-4.00913631859,-336502319.253
.,-3.99897503521,-35000.0231121
fought,-3.98135184166,-1409573960.57
had,-3.97864670499,-715866.141506
country,-3.97057802423,-112666096.87
in,-3.96995693033,-1041087.85797
bore,-3.96503700128,-3087108790.4
whispered,-3.9628230356,-407308037.637
bedroom,-3.93728767716,-849352138.118
bag,-3.91561025867,-654170076.201
pair,-3.90605836703,-1103526596.54
hate,-3.90565309056,-513176068.698
pressed,-3.89763935389,-1381972542.87
stand,-3.89453236431,-528961957.051
kind,-3.88840334094,-77921026.5824
stopped,-3.88583634723,-127346559.899
couple,-3.86675490621,-753740802.811
hole,-3.85612730334,-679515220.539
waste,-3.84297148951,-2171590807.01
girl,-3.82719120772,-11773930.1916
question,-3.81466113885,-333568886.712
behind,-3.80908649576,-69664789.7642
men,-3.78781083058,-8072846.0062
nodded,-3.78052639031,-101088249.673
taking,-3.77711231725,-672301639.594
man,-3.77395612869,-4103698.8852
up,-3.76163390397,-4618935.91505
unhappy,-3.75434586588,-2298208754.16
suddenly,-3.74872608968,-75896070.8812
friends,-3.74243392688,-259456242.731
difference,-3.73904190092,-1749999316.81
badly,-3.73378335927,-2743233306.84
managed,-3.72718405635,-1281188375.64
drawing,-3.72090658174,-399182135.946
brother,-3.70572857135,-59693486.4903
back,-3.69916687127,-12709093.2083
row,-3.69666265939,-1016814700.21
convinced,-3.66950967501,-4075685418.34
hers,-3.66130918143,-743904300.292
calm,-3.65403603354,-1180960509.86
rough,-3.65382767078,-798889402.133
come,-3.64778658002,-14289337.2525
told,-3.64702786743,-38054083.0407
conscious,-3.62429170154,-807831745.953
soft,-3.62285578789,-345943508.162
toward,-3.6177916006,-29092022.9637
over,-3.61340743425,-18387513.9412
useless,-3.60756327267,-4195523487.0
eat,-3.60465912098,-320683787.312
general,-3.59995510062,-57540264.5709
spare,-3.58844665458,-2723060693.53
without,-3.58844640406,-63074952.7052
cross,-3.57512729933,-772026357.859
finally,-3.5733329567,-249119403.922
if,-3.53286831876,-4799402.05367
apparently,-3.51879209422,-418117890.449
cover,-3.51542926199,-2526624067.43
concerned,-3.51009478909,-2256775013.78
twenty,-3.49716769196,-279483614.164
plenty,-3.48307191652,-1036468531.39
busy,-3.48299811435,-1333563184.07
wait,-3.47884533046,-446822227.174
doorway,-3.46896113543,-784535896.314
yes,-3.45381785153,-19515901.3261
write,-3.44204166402,-351247067.017
leave,-3.43321473259,-245915505.244
skin,-3.42647011771,-549003391.213
presence,-3.40605855219,-626964348.772
ladies,-3.39980685306,-289008840.35
just,-3.38835657599,-7704259.92375
bad,-3.36312656939,-256196888.804
coat,-3.32427353609,-266304699.343
remark,-3.31933574864,-947245543.827
head,-3.31919314312,-26203232.8516
self,-3.31427041284,-357377193.971
minute,-3.3049145182,-203697172.452
everyone,-3.29591756322,-472179032.962
according,-3.29145686137,-2613137076.3
wife,-3.28601994677,-45877712.1728
free,-3.27273439686,-508284573.425
anyway,-3.27155732116,-587823441.936
shoes,-3.27066093487,-304114456.938
met,-3.25204031199,-254606668.597
like,-3.23288832164,-5428236.95909
killed,-3.22811506574,-474390273.851
outside,-3.20854359805,-286422283.625
accepted,-3.2015398895,-1146527195.85
lose,-3.18603220854,-2068261277.97
odd,-3.17333542114,-540756998.672
bowed,-3.16841117845,-1784201413.04
river,-3.16642128819,-92089476.7289
spend,-3.16226002741,-1800994907.66
herself,-3.16119891303,-18795784.3765
please,-3.14961907995,-209061183.139
with,-3.14389510391,-1375608.7006
fall,-3.14289214063,-666990311.357
faces,-3.14253225146,-301472243.682
conversation,-3.14046677082,-285315644.555
begun,-3.1357307638,-945752389.403
street,-3.12097518323,-50244530.7871
height,-3.09065057663,-1336705856.52
gets,-3.08674490566,-1547149706.29
someone,-3.08402736054,-183718996.548
health,-3.07891768494,-2175132388.78
swept,-3.07266625291,-547710044.123
#romannumeral,-3.06894817603,-56303321.1421
cut,-3.06749400514,-237136799.116
hated,-3.04714463448,-1069313846.34
drawn,-3.04438201885,-703534371.714
die,-3.04298559747,-370050704.559
bringing,-3.03895755675,-2237532250.91
surely,-3.03450381069,-441504085.398
miles,-3.02311745352,-11677306.8748
help,-3.02119108312,-114974412.156
somebody,-3.01784908069,-295340240.028
somewhat,-3.01573237686,-757621487.151
rushed,-3.01358731064,-695063255.852
woman,-3.0110552287,-16097054.2529
still,-2.99180465786,-27482286.7887
clever,-2.98070786793,-1145272143.07
sit,-2.97191537192,-495391457.338
devil,-2.96631839943,-237661462.545
throat,-2.96581825251,-449477109.221
us,-2.96263076513,-7019742.8447
bar,-2.95734321895,-410002644.324
english,-2.95731009867,-128836270.576
slightest,-2.93199267558,-2724607125.92
stay,-2.92386622012,-311305928.277
train,-2.91838123607,-26919758.1789
worked,-2.91187042816,-530357000.332
buy,-2.90204038759,-625756127.809
upper,-2.89658203072,-1668898979.55
eagerly,-2.89286654424,-829637914.721
yourself,-2.89229342469,-250004326.151
friend,-2.88770645514,-59945102.778
speaking,-2.88562272556,-733862015.819
opening,-2.8847301613,-961443129.373
fire,-2.87512664194,-54870847.2508
standing,-2.86560538279,-241227141.406
telling,-2.8611954164,-683723286.4
language,-2.85902918433,-748545170.023
road,-2.85624510043,-66503071.7023
#meanwordlength,-2.85423697668,-132.310020725
safe,-2.82665911975,-640993648.83
success,-2.82078364851,-608734538.128
yard,-2.81355238614,-114329495.319
slightly,-2.80511130299,-623716724.323
enough,-2.80211899842,-86520241.6941
holding,-2.7990832142,-639433343.577
:,-2.77870900347,-771403.65733
working,-2.76606635284,-344307934.453
laugh,-2.76268799944,-507660692.254
greatest,-2.76103430949,-1230688018.75
say,-2.75098785103,-21408834.8726
covered,-2.74926452673,-494646149.292
class,-2.74872409107,-949189437.705
go,-2.73964795908,-14775728.1961
brilliant,-2.72375654004,-2098601277.19
double,-2.72093471335,-1245519790.76
liked,-2.71969704918,-228461353.668
done,-2.7009077276,-45866253.944
despair,-2.68958595151,-2013818361.54
anybody,-2.6862888215,-349367357.786
plain,-2.68587852996,-432792205.546
ordinary,-2.6850505278,-715856012.93
frame,-2.66682971219,-1774935207.76
thirty,-2.66430534377,-483339657.808
probably,-2.66429757409,-223222215.264
neck,-2.65406804327,-272396256.548
gone,-2.65239768826,-80602580.2697
arranged,-2.64676994388,-2032961967.95
discovered,-2.64383227809,-566481991.17
pulled,-2.64231723692,-415422273.004
open,-2.63485294327,-138809817.87
senses,-2.62296285312,-1882177493.52
driven,-2.62231756896,-1538330349.61
forced,-2.62076598093,-931937485.37
love,-2.61864359615,-13489312.2241
putting,-2.59559760032,-1588726174.6
leaned,-2.56022789008,-489519038.959
anger,-2.55305454146,-608299584.507
marriage,-2.54711203288,-316284693.002
eaten,-2.5457156712,-2905835451.19
stick,-2.54271691547,-706641984.793
blame,-2.5197051399,-2177286985.93
allowed,-2.5141076064,-724356027.27
crossed,-2.50829673659,-631823359.353
dozen,-2.50678098984,-659904439.429
flash,-2.50398176284,-1232244484.75
thinks,-2.50291227089,-1364952596.25
she,-2.49989167552,-60275.0671136
character,-2.49121958829,-1120480157.03
playing,-2.48921831943,-682613500.406
hoped,-2.48790346094,-1134055509.43
day,-2.4722713505,-15198616.5705
common,-2.46492545664,-581156401.288
hot,-2.45054116739,-131267673.311
always,-2.44182477278,-24697289.2282
particularly,-2.43601640904,-1123663741.21
third,-2.43550829939,-622773528.483
quarter,-2.43454200736,-1228774477.25
name,-2.43298001908,-75763026.8895
stare,-2.42956501174,-3445068740.29
drank,-2.42511983142,-1232628671.1
nine,-2.42504104751,-686379889.164
getting,-2.42085555606,-167463823.183
fellow,-2.41386128946,-120350174.9
lie,-2.4075387898,-604960677.998
learn,-2.3996296283,-800678122.801
shouted,-2.39912060252,-188724724.435
slight,-2.39830218832,-855965783.077
a,-2.38870918355,-315088.894816
different,-2.38258580958,-150228520.133
red,-2.37255950648,-32593022.5249
fair,-2.36877447429,-346856576.36
favourite,-2.36838983978,-1652923472.14
started,-2.36197138211,-54494083.4958
loved,-2.34488371942,-154045781.833
held,-2.33979173893,-96150548.8276
thrust,-2.33557933462,-414996831.327
filled,-2.33065765563,-221585586.426
sheet,-2.32604420242,-894427112.042
company,-2.29709259176,-104807367.577
paid,-2.29175117126,-877192291.206
scene,-2.28760891468,-462499274.735
room,-2.28662505582,-7122815.6144
pleased,-2.28052766294,-683809929.91
books,-2.27497589419,-234286589.611
'm,-2.27477747831,-6194961.77232
too,-2.25637206541,-14982587.2493
wearing,-2.23772828841,-1035414267.9
remain,-2.23328912279,-963080733.194
looking,-2.22932783311,-47243435.5738
play,-2.22789538803,-65361941.7424
kindly,-2.21418991244,-1061846192.26
speak,-2.20575241007,-110766699.843
dark,-2.20332035191,-40301488.528
orders,-2.20318820877,-477977275.659
trying,-2.1950148384,-246962966.98
run,-2.19459414035,-77338810.9383
occasion,-2.1918037525,-747922827.032
torn,-2.19112685098,-1181476103.44
right,-2.185872122,-13641528.756
familiar,-2.18524378095,-525636571.456
excited,-2.18350035071,-1696752396.78
although,-2.16946846157,-147567784.345
loss,-2.16874655163,-2387109724.21
"no,",-2.16844762495,-297814243.492
raised,-2.15891609175,-276876002.63
matters,-2.15186570714,-1099396976.18
nevertheless,-2.14515509126,-1036769195.1
wondered,-2.14023352011,-331528027.814
beat,-2.13549624305,-675156746.513
lean,-2.11995003363,-935586601.939
steadily,-2.11994814318,-1359391273.38
speech,-2.11931718136,-449624658.364
door,-2.11807032874,-11727863.3359
forgot,-2.1054138093,-1241536931.69
pulling,-2.08577722298,-1683259198.44
carrying,-2.0755806686,-855732780.616
breathing,-2.07517744193,-986116896.517
laughing,-2.05879424052,-470988047.049
first,-2.04779473912,-21547964.3332
leg,-2.04064647837,-342167832.551
possessed,-2.03381929703,-1197766941.0
papers,-2.02279237404,-379447219.11
many,-2.0192104972,-29246005.441
fifty,-2.01501320227,-417163001.835
business,-2.0105822018,-60902577.1434
middle,-1.98854920217,-348650761.292
east,-1.98239961414,-141592557.742
note,-1.97829194347,-472065882.536
instead,-1.97262412123,-348420041.723
happen,-1.96903503403,-327747129.222
efforts,-1.96170228674,-2330846484.42
glance,-1.95457429543,-213346886.394
only,-1.95374169841,-10662484.7717
really,-1.94628682705,-18397970.39
now,-1.93332584402,-4218629.29256
tongue,-1.92517744797,-387853645.105
#personalname,-1.92322980342,-43353.4856486
get,-1.91280926652,-8351176.98032
good,-1.91187598159,-9762799.59684
baby,-1.9107466022,-18963269.9438
been,-1.90882453841,-3257742.30045
news,-1.90687775818,-323199286.131
shut,-1.8991545365,-192241787.448
gently,-1.89772390953,-303036893.132
meant,-1.89762914714,-168028208.065
game,-1.88145596951,-252497054.113
rolled,-1.88142912533,-440381722.22
special,-1.88073740586,-201341750.18
difficulty,-1.87157146535,-611816482.603
law,-1.85717073125,-144004711.588
asleep,-1.84308273652,-637425109.947
feeling,-1.81690569563,-91513195.4981
n't,-1.8117239964,-206220.634319
best,-1.78964621531,-85415903.3888
until,-1.78956904354,-29945583.3079
grave,-1.7796029899,-301443007.597
fool,-1.77745085924,-328730386.322
truly,-1.77665461743,-1897291823.89
leading,-1.77316400797,-1375062352.0
ball,-1.76662848134,-133053461.298
abruptly,-1.76517569191,-183806457.193
glanced,-1.72879539155,-134356977.926
he,-1.72767190785,-75983.981943
food,-1.71601388922,-132937474.947
decided,-1.71408187713,-185120407.125
gives,-1.69900992444,-2002197883.31
felt,-1.68194903865,-12113264.951
again,-1.67798328986,-9462867.43235
calling,-1.66684060948,-863046078.395
presented,-1.66276518972,-1836695683.02
easily,-1.6627448067,-365662548.68
minutes,-1.66026588664,-78741551.27
forehead,-1.65441478986,-505631095.179
!,-1.65350058174,-242832.002723
think,-1.63898184285,-5315930.76398
page,-1.61663653097,-786634007.74
sleep.,-1.61587818539,-1157357303.14
mighty,-1.60682612676,-25372001.3907
land,-1.6067284004,-74069837.5441
eleven,-1.59942787934,-1233064865.21
leaving,-1.59738370914,-533114003.093
away,-1.59595444992,-11409376.3752
apart,-1.59461941629,-799885522.065
driving,-1.58787857048,-1075572416.77
teeth,-1.58474130363,-187716860.475
complete,-1.57849353478,-507091523.979
parted,-1.55545255761,-1955499987.52
broad,-1.55449771628,-205241732.221
cleared,-1.55408624679,-1230336083.71
sooner,-1.54084467188,-1215496773.81
expression,-1.53989082782,-141952230.072
cast,-1.53435357152,-413818110.129
lit,-1.5332656009,-297357755.581
breaking,-1.511396195,-1120124908.45
escaped,-1.49954827559,-984476020.338
between,-1.49867662327,-49135024.8445
make,-1.49859608485,-27433607.4538
continued,-1.49373562197,-87518643.8858
number,-1.48711337445,-227511788.823
use,-1.47698465927,-152082168.96
each,-1.47596683441,-20689263.2531
soul,-1.45901391419,-68952421.2499
force,-1.45751081481,-337913645.825
pain,-1.45485060441,-223228246.872
seized,-1.44844935039,-529271780.726
old,-1.44631594126,-2444205.06247
hope,-1.44559191439,-97571137.5803
chin,-1.40614419665,-421045389.369
especially,-1.40010228086,-212399035.738
existence,-1.38665275845,-532046624.906
pity,-1.38002368527,-283917132.609
both,-1.37667587823,-48802722.8806
did,-1.37463737928,-1806697.52387
hold,-1.37204059257,-173746630.761
walked,-1.36355135549,-50984618.5887
supper,-1.3628439346,-116581115.618
around,-1.35936814047,-9312060.735
tea,-1.34292605729,-65269508.2217
whenever,-1.33824167247,-677989535.167
answer,-1.33359436328,-122009373.746
rate,-1.32209549946,-318083660.471
tore,-1.31744596721,-551892325.465
ahead,-1.31173709826,-139553250.105
north,-1.3084904783,-171422034.793
handle,-1.30776760682,-263733905.322
line,-1.30667547955,-61278376.0134
followed,-1.30131889316,-92974206.8918
speed,-1.29778282054,-282832061.159
doors,-1.29697574912,-249077683.889
pleasure,-1.29566119476,-203822111.515
lines,-1.28952872721,-213768694.135
know,-1.28583383271,-3285091.84844
ways,-1.27643823376,-363156803.112
glow,-1.27529570975,-450840447.997
warning,-1.27362714526,-774881186.831
himself,-1.2707521235,-6791935.54774
meeting,-1.26894818838,-103427346.854
often,-1.26699551389,-74659326.6805
nights,-1.25337630526,-600185358.326
keeping,-1.24979166806,-747994834.219
stuck,-1.2494647606,-568767101.152
fault,-1.24591211681,-763093010.65
office,-1.24278368285,-38144234.7963
settled,-1.23373854304,-452258516.315
directly,-1.22330613974,-324228155.38
gesture,-1.22150617025,-448575111.386
lamp,-1.2206007258,-155981642.486
interesting,-1.20755684426,-306735091.485
bell,-1.20445966187,-144029908.224
increased,-1.19650460658,-695064691.048
nose,-1.18085707081,-55354337.6351
message,-1.17308348951,-704547494.733
carry,-1.17134419022,-396431946.668
till,-1.16122421893,-23854501.303
rose,-1.15891061391,-6042158.48544
share,-1.15522902636,-756858983.575
dressed,-1.15306536751,-403192733.819
houses,-1.14776182885,-162197564.073
seriously,-1.14522278988,-810025383.686
offer,-1.1368812023,-647713404.262
later,-1.12841733066,-40249018.8026
hung,-1.11988225417,-125626531.543
ca,-1.11756052798,-15240461.7696
gentle,-1.11477153809,-464262692.611
mean,-1.10971890406,-30848054.303
fixed,-1.08306359567,-139392581.635
bearing,-1.07451720207,-1093447754.85
plan,-1.07180278173,-440535460.256
down,-1.06954750624,-3009617.06076
move,-1.06475029741,-137504991.944
burst,-1.04227111156,-232343854.522
summer,-1.03684916638,-72590022.7916
lights,-1.02963121515,-168889430.519
heart,-1.02548917619,-11073295.4462
our,-1.01579709854,-1954923.69356
rooms,-1.01122570414,-236689022.182
everywhere,-1.0063092199,-368658353.179
iron,-1.00575031948,-20233980.5572
reached,-0.986123503025,-88352096.9727
late,-0.972865483427,-128735721.214
closing,-0.968292124349,-1366959529.19
thousand,-0.956313325495,-77948589.2607
throw,-0.951691677435,-682567204.879
cared,-0.946622483724,-1152814395.08
group,-0.942889415641,-264230809.088
thus,-0.942876336229,-70941346.9357
certain,-0.940197209153,-61217575.4946
gave,-0.939474857862,-41878908.2666
happiness,-0.937641612261,-155888575.163
draw,-0.936932061054,-443452727.506
journey,-0.935626500685,-125385965.904
taught,-0.93494560155,-579534227.163
enormous,-0.934367990398,-335359115.282
storm,-0.925924138862,-188022135.152
finger,-0.91207181953,-222764863.795
sharp,-0.910684628862,-237973266.923
your,-0.90865956471,-2149757.60172
living,-0.907094883789,-73798574.2324
arm,-0.89554238255,-45066391.3407
afraid,-0.89422451921,-60176658.5611
afterwards,-0.889179386372,-116637694.316
produced,-0.884488234135,-535459682.532
deal,-0.884280237861,-129700179.543
big,-0.878076777604,-8428988.50301
sometimes,-0.869402602485,-27655209.6367
went,-0.860659074334,-2150150.87876
takes,-0.859810807259,-526633369.698
prepared,-0.855216586989,-494582463.997
position,-0.852301143818,-100744212.045
hid,-0.839470432818,-662237755.178
listening,-0.818794348997,-175613436.529
god,-0.813557824689,-3440842.22296
settle,-0.810511859052,-1171165421.44
battle,-0.801408362548,-95719468.2009
people,-0.795582556721,-4507081.47137
strength,-0.788839144267,-69242854.1118
family,-0.785888744311,-31496809.3863
out,-0.768316957877,-1316379.36445
ago,-0.761968547057,-71072224.1073
ill,-0.743533211304,-90333604.343
tight,-0.739511845377,-468541158.498
grey,-0.732424476572,-25159545.8979
scarcely,-0.726334415857,-111609633.761
care,-0.721736035976,-64677684.0923
belonged,-0.718184961177,-449867418.848
touched,-0.703996855394,-75988372.7802
chest,-0.701706024994,-233124316.962
sharply,-0.672542180744,-198708490.591
worst,-0.671612835863,-600841699.619
south,-0.665244421397,-48004974.5172
happy,-0.653633532541,-30540448.1231
heads,-0.650423247159,-103178864.616
signs,-0.623776283821,-581714048.557
usual,-0.618117101312,-110372796.184
edge,-0.61207895545,-67073054.3226
firm,-0.598241679131,-111771371.653
sitting,-0.594364269557,-37542517.9634
very,-0.586319298311,-1273650.78388
wooden,-0.574625984097,-100028789.314
about,-0.570915312308,-1088974.64633
returning,-0.569497777118,-449853954.809
milk,-0.562808213836,-98576078.4346
quite,-0.545270547859,-4490536.72643
easy,-0.53792166839,-97027217.575
we,-0.53746018882,-154800.418853
able,-0.526436696453,-48464981.9099
morning,-0.520887639244,-12674059.2061
lives,-0.520367744578,-200083029.663
separate,-0.516602711409,-831776065.058
stage,-0.515310292866,-108105998.892
#pctcapitalized,-0.510481736673,-0.219173692072
miss,-0.507833056457,-1296811.86852
beside,-0.483925014481,-27013291.2615
was,-0.483885789826,-61858.3635334
press,-0.479558104265,-173284344.389
change,-0.477925566929,-86840682.3702
not,-0.470485918164,-214194.412593
off,-0.466477659755,-3653505.44259
front,-0.466412030283,-21749421.3057
work,-0.459080579924,-3952456.9012
ideas,-0.453317720344,-135624570.144
situation,-0.447707994567,-129736519.097
bear,-0.440971859368,-5859737.52031
pass,-0.436483186601,-64745609.5649
and,-0.426789912744,-11117.5657896
daily,-0.426037937506,-322659559.678
corner,-0.415677723781,-29790623.3137
weeks,-0.403913929836,-73889142.8429
act,-0.398129954108,-127318618.649
word,-0.386604734072,-16367517.5869
empty,-0.372819952575,-44394967.2495
step,-0.36721604751,-55409130.0325
horse,-0.367154769651,-4351852.65999
slowly,-0.358345273553,-12727955.1377
time,-0.357904747621,-1592938.85067
maybe,-0.35574706364,-13212289.7303
gazing,-0.355322636141,-101560061.092
person,-0.351080704535,-41954685.2076
exactly,-0.344458631691,-54561397.2067
clearly,-0.333967085225,-85394748.9002
lost,-0.326679069314,-29499343.4163
nearer,-0.322199288715,-59531869.5975
came,-0.320522247681,-800747.668218
quality,-0.315518960521,-211086695.042
tried,-0.303863147448,-19111603.5335
furniture,-0.297730179692,-217862096.856
matter,-0.296128132194,-10574110.2058
join,-0.296048067991,-215346631.072
marked,-0.293156119673,-220541148.163
finished,-0.280105995675,-57296240.3521
ah,-0.270722977888,-9351409.77587
main,-0.257472441486,-44034635.9521
history,-0.256975671048,-71931027.2816
entered,-0.240745192819,-22112398.5009
crossing,-0.233767655532,-348640621.554
unexpected,-0.228232662258,-207703356.35
black,-0.226438086574,-1389906.10056
emotion,-0.222426319695,-77395356.1639
whose,-0.220269459142,-11887842.1664
notice,-0.217326532284,-78084383.2896
address,-0.199873847945,-98870914.5533
names,-0.198334602952,-101743417.453
allow,-0.198193347894,-155834598.491
distant,-0.191978153042,-44585091.334
save,-0.189595897193,-32650063.8825
following,-0.183450853612,-54059754.3283
does,-0.175490283013,-3273211.05921
end,-0.16094362341,-6244526.14967
wrote,-0.156011319488,-29936019.9199
questions,-0.144596708869,-23304927.2702
written,-0.144097943451,-31275347.074
lifted,-0.137505640558,-9560479.74873
fields,-0.135908333628,-27676929.5734
saying,-0.135417984944,-10293326.9731
cold,-0.132108237335,-4312376.73068
have,-0.124846438192,-143211.604087
keen,-0.114814124386,-42623362.8257
breast,-0.111011757568,-22470633.7003
forty,-0.110181101158,-25887548.1141
mentioned,-0.108985998363,-71595043.1291
shook,-0.104656121853,-6773733.03374
crying,-0.098822549643,-26109907.2724
every,-0.0987115712131,-1486896.30571
length,-0.0980042514355,-15010338.3195
returned,-0.0891124766809,-5719087.22586
whole,-0.0841452663486,-2166573.88819
key,-0.0617917751358,-10276762.0494
ground,-0.0607631304035,-2201849.41879
shone,-0.0606245952018,-5705363.89278
important,-0.0501020167644,-9530356.67058
naturally,-0.0489651977455,-11512103.9795
let,-0.0451355861794,-759410.208811
pleasant,-0.0419551646154,-10555218.0941
part,-0.036495077145,-2712571.03739
seems,-0.034670043873,-3717945.96315
locked,-0.0207650688672,-8144510.33379
deserted,-0.0185389452793,-11704785.9552
rise,-0.00688102666149,-2849359.05977
becoming,0.00564079386467,2742859.62356
rapidly,0.00760397239184,1989800.41229
bare,0.0175586756172,4550897.20775
won,0.0306223510448,14435481.4069
better,0.0386099431281,1339569.53856
hair,0.0422928694412,1359185.82558
regarded,0.0430828211351,13354869.3857
blood,0.0461655129061,940191.938423
played,0.0522104777651,11750189.1372
am,0.0559740011352,525179.108059
interest,0.0738856658042,8255862.77231
final,0.0821348922177,38655198.0448
wondering,0.0879192141734,46007502.889
equal,0.0892724952781,67181130.7496
winter,0.0913874604571,7744042.5079
aside,0.101506535999,27733964.0458
way,0.105301753226,1071413.40381
loud,0.112811277957,38487548.8916
call,0.122091394347,8808910.22375
joined,0.13575743038,86948777.6056
advantage,0.137662460178,115076565.491
an,0.13961378034,300493.077094
seated,0.14017581398,62730073.9571
moment,0.149951677613,1131215.65565
party,0.155110569462,6003873.24783
smell,0.16146499246,26759835.7069
needs,0.175916771761,101295678.111
sang,0.183997874666,62252750.5815
believed,0.194175779065,55046146.3142
solid,0.198574778412,121071057.723
larger,0.200223527738,91567510.1203
pure,0.202807566762,58718428.6681
book,0.211316823913,8216822.75501
try,0.221186881235,25939610.1463
hurry,0.227141709206,102803115.06
asked,0.233194936396,784891.520987
?,0.23339396135,37844.4396715
me,0.234708387956,69222.934902
ease,0.242483536664,193733654.088
live,0.249921434372,10471298.7135
o,0.252894400631,3984572.32542
possibly,0.255022066278,62243057.3996
feel,0.255431493646,5516402.44975
says,0.2672153725,3245117.69845
hat,0.267252013216,8911739.83508
falling,0.26897490618,70680450.9852
weight,0.272073213967,94734574.4021
flashed,0.274356365122,84471315.2111
laid,0.289489617569,52500860.378
sister,0.289932927581,7283101.7539
birds,0.299042396826,10280354.8543
manage,0.30316240659,213282224.006
wo,0.304687972873,10016960.5408
repeated,0.304909575562,72034204.5429
therefore,0.306573226892,46425747.5125
bones,0.318652471886,114340283.631
fingers,0.325608343047,19876205.524
hidden,0.334906057663,63155971.416
ancient,0.336483142272,35159352.3708
awake,0.336894376318,260602150.018
life,0.343782966249,2367845.9291
fly,0.361518808843,82694696.7408
garden,0.364866579329,9035475.16083
eye,0.366852047044,36473824.9926
fruit,0.375047288919,37708253.6379
wear,0.37576052277,71498637.6
reason,0.378281544919,43361865.7119
spite,0.388426475458,106426642.719
lovely,0.393158661741,30403004.7619
account,0.39458232983,76731617.058
excuse,0.402792452584,228120611.391
can,0.407037309807,2562841.78858
this,0.411314106051,419997.842308
seven,0.416756260899,75255238.1187
natural,0.42733880885,66936247.764
never,0.4376840522,2639846.14352
broke,0.455735984559,70665194.216
even,0.457273825982,1786598.62349
drove,0.460283393782,82161349.7903
do,0.467311034474,232252.164248
known,0.469237633628,33949322.0554
beneath,0.471743775341,13179378.0176
watching,0.476302468216,60866125.5111
my,0.477316670064,53952.4361971
reply,0.481104073885,69051860.3122
smooth,0.481453554717,253355987.467
silly,0.483907674604,77313399.3913
instant,0.485954547323,34045890.4414
rising,0.48802386778,127631287.277
own,0.50434982963,2835634.39237
silk,0.506288792472,80518937.1074
yours,0.506803699795,145477333.849
breathed,0.518362231823,250457919.091
brown,0.531174090162,22233711.2988
round,0.541243689412,5111546.52876
poor,0.550334169219,14975270.0284
lightly,0.55366941864,212435827.647
secret,0.554162132738,50650595.0565
accident,0.554286069338,82721706.0162
smoke,0.572831692919,68137036.0345
burning,0.583738043549,168412464.174
ones,0.586240967427,135116670.289
flame,0.598902021176,55771372.5973
enjoy,0.603505424113,492485870.739
perfectly,0.603590636787,101238388.29
pale,0.6096245417,68375945.892
early,0.616660132558,68915791.2329
moving,0.620061502786,59427462.1101
suggested,0.626357808925,149117515.916
beginning,0.631443151957,143346088.761
atmosphere,0.632440681281,335842344.894
danger,0.635862884116,61972691.8643
arms,0.63766133781,26054788.8092
touch,0.643907358233,77392787.2458
board,0.653102802227,78974894.8616
wise,0.660122785165,174428920.112
worse,0.674073664389,202802761.856
dropped,0.675702359551,98577051.7587
presently,0.685366876799,13615186.205
kill,0.685857642062,46782745.0878
stuff,0.68921031991,98059896.9111
awful,0.690853109396,94837872.9887
along,0.701415855604,18823013.7059
soon,0.701460035292,22468267.7077
one,0.702380805418,1178742.08255
added,0.709647394798,36552244.3522
doctor,0.714115699708,7326476.68636
otherwise,0.723343412267,402245131.121
none,0.725880275783,76493734.1721
buried,0.728775130349,256602058.697
pointed,0.732356699315,213171060.944
removed,0.733181059965,361351115.015
spirit,0.733945667605,98277762.0203
jumped,0.739375847505,60852672.8256
dared,0.747330736261,422669352.386
almost,0.747952047019,6991389.52478
gaze,0.752403275612,119358226.23
utterly,0.753548964938,251942877.796
how,0.754333302026,4026042.92826
tired,0.760930274316,102656289.268
yesterday,0.772383905445,105960674.089
three,0.773977686561,14019143.2625
few,0.79204736197,17827884.4604
leapt,0.792666785716,136876868.991
hardly,0.795609151705,62207666.9648
box,0.799774236549,13429717.0622
rested,0.808382301553,602374197.943
saved,0.808626500439,69480891.9168
quiet,0.817407352634,120131171.891
fun,0.820240787537,267358116.205
slid,0.849069435644,662829135.517
drew,0.850797898317,52926478.2744
ask,0.853988746488,63321619.2905
failed,0.854216319305,325201803.408
usually,0.867068027798,295866346.862
dancing,0.877181175875,178156877.598
consider,0.878327339877,604136490.185
satisfaction,0.884376211771,424871615.729
nearly,0.884529513174,97366468.057
demanded,0.886075428199,99004997.3727
silently,0.895122510636,468319724.507
shown,0.895558651375,528804787.955
bound,0.900663835425,242838518.764
imagine,0.908982814953,247412070.768
dear,0.926740978853,12547065.9227
carefully,0.930476871022,265720332.542
content,0.942465911816,571450465.676
its,0.95242060523,2316288.21843
level,0.954075145254,57796315.3533
helped,0.961248272916,428014483.95
somewhere,0.965916843134,136489630.439
hang,0.972601894489,1221648484.16
expect,0.976105365134,195705570.816
bright,0.976173558391,77819477.7901
knocked,0.990815332292,796582429.332
nice,0.991174659834,34868188.938
wonderful,1.00511250805,84688561.8434
appeared,1.01393606319,57611426.7997
next,1.01957041938,25836860.5376
ate,1.02365841678,524229730.935
darkness,1.02950298032,34011809.3163
swung,1.03439798665,222426218.386
swift,1.04040387424,272381453.346
second,1.06607782381,60668639.1648
side,1.06928489032,23323025.3626
fill,1.07710412029,1272903663.9
rather,1.08584449457,8239341.35295
showed,1.1027586129,114763060.004
broken,1.12050374544,129691038.835
coloured,1.14243440322,161377420.93
fact,1.14339286216,50029226.1672
has,1.14921744675,7605819.80216
surprised,1.18398244375,226110719.613
seemed,1.19428814709,8188067.607
neither,1.2019463746,126635530.431
ear,1.21288920577,371543918.551
feelings,1.21618086599,719875166.968
future,1.24578105732,203095744.126
woke,1.25331362445,509962838.455
clean,1.26149580515,223890794.873
aware,1.26946954983,115496336.89
bread,1.27210160204,370421762.935
deeply,1.27744022653,743351553.164
dust,1.27999033124,256140103.038
flesh,1.29749041481,147238073.377
heaven,1.30330220332,122044205.072
other,1.31778009182,7461409.2662
brief,1.31827192376,729650364.106
grown,1.3223544531,143790314.82
closer,1.33210507189,610582472.926
why,1.33418302002,7006507.07114
admitted,1.3388452972,215078923.856
choose,1.33972797876,1046202288.59
warm,1.34046636374,109217723.695
shaking,1.34180808772,467237315.761
vast,1.35639389537,357736774.484
led,1.36051207373,160113665.821
chief,1.36863021531,105402137.04
humour,1.36896314965,1320273244.25
wine,1.36941717536,74005966.4223
realise,1.37669228944,479514488.759
voices,1.3771300995,191080153.848
earlier,1.37717487817,630822020.177
fierce,1.37845112716,414369258.215
asking,1.40407290383,682348482.446
also,1.40863162215,28871132.9831
wide,1.40895008901,174868289.928
knees,1.41001446199,252950788.674
least,1.4180489993,82768627.6033
worth,1.41894213807,559100810.339
suit,1.41898498855,566238275.071
single,1.41916912636,237717934.873
picture,1.42075409054,113367405.245
fancy,1.43747383644,585073483.9
together,1.44030376079,52901691.8421
entrance,1.44038687644,384689458.35
violent,1.45532973347,1090144637.58
leather,1.45785829657,427600378.934
ice,1.46485165588,225327062.241
worn,1.466064391,746249928.422
bother,1.46904589662,1447346380.43
believe,1.4822935659,49115228.1463
caught,1.50916993145,75003735.507
sort,1.50983213978,36588772.7759
murmured,1.54641847072,226081002.219
longer,1.54718223715,145805201.86
swiftly,1.55545638939,153387461.327
dress,1.55626536235,71504822.4415
eyed,1.56226725977,296421647.728
determined,1.56659799703,594293997.722
hearing,1.57770030607,1303257222.89
need,1.59011949436,103709264.961
slept,1.59203335142,343637470.951
little,1.59628269385,1470074.13916
leaning,1.59947056426,1040617510.27
must,1.60140591898,9440933.83292
midnight,1.61489759484,693523049.21
called,1.62165406285,60029534.2494
trees,1.62535404049,30621359.9261
stepped,1.62722383377,313897490.757
turned,1.63631024326,20096323.6034
joy,1.65237698207,138673831.721
station,1.66059697768,180426031.608
which,1.66403995528,816219.91894
legs,1.67623180346,71588701.0807
surprise,1.68384072027,414230623.822
them,1.69167877907,2285996.02483
ring,1.6975529139,224441143.519
course,1.69916697841,19858529.0326
another,1.7016834952,43906605.1851
approach,1.70405079249,1279714997.2
straight,1.70458134202,123295904.434
being,1.71031311741,36186926.3034
sorry,1.72190886778,118443140.797
fell,1.72247723033,62177185.559
hesitated,1.73795437574,585684648.047
points,1.74824438298,2154499030.75
slow,1.75135019575,307002794.617
strike,1.75456921424,545542320.255
throwing,1.75547164208,3043596858.51
shining,1.76103834009,241890698.943
private,1.77192865513,494265963.223
#typetoken,1.77882356093,3123.65405225
walking,1.77999124676,237782950.48
farther,1.79486705136,549411094.249
of,1.79836505189,75786.0141293
sleep,1.80278629849,163080419.646
doubt,1.80415120602,153187219.856
fond,1.80504751625,919318094.955
here,1.81150436141,9371311.22338
village,1.81687085494,47589510.8938
alone,1.82062974725,95277002.4612
noise,1.82131885566,332067746.026
stranger,1.82250452966,81370123.3023
field,1.8246403404,240961290.524
making,1.83084733095,208098056.019
by,1.83279975611,2703087.74726
before,1.84016024667,13148748.0553
point,1.84442842177,100281092.249
chance,1.84888863135,158464869.247
leaves,1.86454579313,205767355.583
lady,1.86616617355,10253045.9406
promised,1.87366403677,743351395.746
lived,1.8815226728,206710903.616
hell,1.89833430488,124477036.981
bed,1.9023378684,39546451.793
gathered,1.90366137513,652132373.068
house,1.92559909539,5659765.75301
insisted,1.92712464331,1233145885.49
paper,1.9288160223,180978631.665
turn,1.93983458498,233786818.925
so,1.94160906056,2862039.1763
but,1.94707512944,1009561.1716
same,1.9484066147,44117061.881
twice,1.96144677821,816321483.135
smaller,1.96172529888,1735044715.65
true,1.96711519407,154755581.677
sides,1.96846259237,568649760.991
yet,1.97072492542,14227283.0795
worry,1.98452106752,709488719.068
're,1.99850364229,11550749.7411
hill,2.00951433489,160759555.193
wave,2.00993805934,610678236.682
slipped,2.0151076449,398020127.933
watched,2.03356265107,107444697.359
four,2.04342432752,91961398.121
children,2.0517851771,19607853.3799
unknown,2.05195079517,825826846.434
growing,2.05633580142,782261318.147
were,2.06581873698,1508193.64967
cloud,2.06855575309,396522583.535
personal,2.0809356422,464652599.412
trust,2.08233305248,1287519937.29
on,2.08852670129,1069595.35594
blow,2.1075829117,894559959.153
type,2.11703848281,1272906347.89
faintly,2.11739426351,1218207042.51
intention,2.12002436858,1786767683.2
frightened,2.12059599338,261928501.102
car,2.12948768058,24214577.5265
streets,2.13320492678,272832168.351
spring,2.13607133436,351179457.652
several,2.14443955884,172360776.127
dreams,2.14788092169,571198628.872
space,2.14993113512,142148810.688
places,2.15009208235,627271408.913
ever,2.15361802713,31344947.1598
listen,2.17653234103,366405191.167
cry,2.18058565264,159240709.929
possible,2.18528018666,202034132.602
music,2.1948726454,133202109.652
gradually,2.19745097529,1331419711.26
flat,2.20155138502,400899200.492
everything,2.20612363632,51516602.4415
merely,2.21134523581,185193181.013
served,2.21505598606,1458229018.33
white,2.22127316339,13808151.4285
consciousness,2.22947469651,776199956.851
i,2.23519256741,50418.8597118
last,2.23519357854,43004155.3829
hour,2.240992954,117752875.553
west,2.25571913256,210602232.747
shadows,2.26095284499,161655733.942
expected,2.26641818682,506982212.508
experience,2.27283122072,484741780.605
near,2.2783036205,95348426.8808
upon,2.27867664282,3053975.82958
son,2.27905006256,38258278.5613
pushed,2.28723242841,549414698.27
strong,2.28796363591,317848639.024
peace,2.29709992571,221445117.672
any,2.29931167859,16120490.1537
fish,2.30055509983,44059632.4499
remarked,2.30280342208,312968112.202
return,2.311064551,249714324.271
sight,2.3116429823,187550026.138
be,2.31170147127,1825210.45402
sought,2.31356072091,644990208.712
choice,2.31681040947,1453024208.59
than,2.32808641237,12177616.7801
writing,2.34917542276,371406354.055
afternoon,2.35972275797,162572730.919
moon,2.37129161315,2911639.03854
towards,2.39349600302,47640844.9345
movement,2.40344947567,265182881.825
yards,2.40744758363,662392891.522
subject,2.41303711163,646577175.298
simply,2.41572810114,343674897.345
vanished,2.42676306334,604995867.306
coming,2.4274630229,101134813.429
begin,2.43785019429,643780161.296
you're,2.44174875166,309696253.48
taste,2.46332110951,1905883106.83
avoid,2.46359601556,2435409210.44
more,2.47751629471,11335946.932
mention,2.48907080795,1581450674.96
forward,2.4913289503,114935883.26
then,2.49338323369,3908551.12857
sprang,2.49845480061,568077166.976
tomorrow,2.5153420433,387287330.666
floor,2.51644693716,80529920.2879
pull,2.51909699973,1075811090.15
look,2.52230450943,29567645.5168
faced,2.53007922386,790878351.0
wandered,2.53403686442,3111589000.91
passing,2.53960819683,843063004.311
figures,2.54016586244,504442951.172
fast,2.54094590497,359173334.958
looked,2.54651467214,10661530.4606
enjoyed,2.55125139005,1173415021.55
funny,2.55217392887,301338347.685
careful,2.5566395889,1236293393.32
world,2.55685964629,19955924.5084
hurried,2.57339111657,1129330618.66
idea,2.58101794064,184258596.01
washed,2.58407055455,1354892407.83
among,2.59753546274,66766343.0518
count,2.60411486235,200570974.732
explained,2.60867170996,501695787.282
pieces,2.61191974355,1242361465.52
start,2.61383921212,444175588.778
proper,2.62567846535,1307706230.32
seek,2.62658508439,2227484138.77
faint,2.65892304381,464587990.358
waved,2.65960226926,1383747459.19
dragged,2.66288186936,1519593016.41
hungry,2.66678869706,1106431729.56
troubled,2.67811874809,1699755067.43
bottle,2.67826492123,607003868.123
generally,2.69743857993,1087876821.78
makes,2.71513918238,906083697.895
ended,2.72469120548,2055675567.79
light,2.73331415373,32681385.4672
i'll,2.73720064998,184849461.807
most,2.74593595832,38884040.0432
nobody,2.77731278825,179391026.195
fine,2.78619688392,204594480.803
nervous,2.78880101895,1158931446.34
happened,2.79469121969,140951819.737
rain,2.79644264052,159041998.401
as,2.79670497886,1377606.70806
thank,2.8053101405,215038286.618
reality,2.80865592805,1569417052.34
dim,2.80945705333,478022992.503
child,2.83730392509,29949061.6694
reflected,2.83746586253,638677913.3
stream,2.83943574042,369008828.399
escape,2.84077432712,443883920.237
vaguely,2.84508351891,1492111799.79
while,2.84736328264,54714582.3365
reach,2.86769276558,444781893.004
grew,2.87610751105,173362790.144
finish,2.88405905581,2148345671.32
all,2.89202095827,2897511.16587
size,2.89413677674,1453499052.81
their,2.90598737348,2805956.86953
those,2.91004619082,36707874.146
cat,2.91029467903,161134397.083
desire,2.92938838341,401222289.322
stirred,2.9311631065,919264979.928
struck,2.94179670172,306347524.579
drive,2.94270875535,436689570.291
sky,2.94579452762,69336203.3456
stretched,2.95355859882,980063345.203
willing,2.96275147896,1872515362.28
watch,2.97035237601,455369510.219
weak,2.97057899709,1713381412.11
no,2.98625976281,7525164.53114
anything,2.9886049171,48429304.4237
inclined,2.98946950816,2432427636.32
...,3.00315072463,11586951.1887
purpose,3.00946466327,605925407.079
ears,3.01003570579,188846582.298
weary,3.01417022391,1550412716.83
myself,3.03972507474,47638957.0816
mile,3.04373037266,875031141.576
blind,3.0547882805,277629390.779
picked,3.06668825721,536763063.581
placed,3.08242657257,837418714.869
fate,3.10754565062,982944020.318
used,3.11086042794,220338436.167
assured,3.11325472458,1036796088.05
clothes,3.12459718181,379675240.511
agreed,3.1248486768,569857007.625
long,3.13174278242,22214425.9851
distance,3.13541040242,343829169.796
stones,3.15634656415,727741185.929
answered,3.15971112255,20949767.9059
dawn,3.17915983084,553627740.214
cup,3.18447070481,429315373.452
pink,3.19649879173,848235345.733
died,3.20656602912,264392815.962
trembling,3.21029003722,1393488793.99
running,3.22367839644,293086913.84
wrapped,3.22440539583,2695071779.16
thoughts,3.22490947021,280508339.589
threw,3.22524407758,576057953.998
curiosity,3.22717329025,1488129442.86
changed,3.230266569,575378287.763
cloth,3.24498549402,1573240268.47
tiny,3.25363995452,660736844.849
bitter,3.25372023565,1304384545.75
will,3.25720031361,6691129.68744
times,3.26494259027,469476342.339
said,3.26710472858,473090.758804
further,3.28102616584,274566894.695
satisfied,3.29647113104,1827881047.74
colour,3.30212048542,497798268.501
church,3.30241494951,160004316.934
recognised,3.31140263019,1207677541.0
needed,3.31850452884,872566340.502
sound,3.32427835143,107218632.898
heard,3.33013014672,55672164.6418
wet,3.33306376827,651539259.606
truth,3.34224581374,246605363.011
certainly,3.34986084364,253547482.755
impossible,3.35007308864,650308658.973
narrow,3.35054769924,484002503.0
naked,3.36841476819,362376391.4
knowledge,3.37792720742,316560927.819
rush,3.38419400935,1271838548.37
shop,3.38443045025,253021683.543
surrounded,3.40322275834,2619782104.51
seen,3.42985799916,86867992.1749
completely,3.45322297385,850015383.313
welcome,3.4567788997,851168482.193
gate,3.45883288391,235320432.689
details,3.46107456465,1821185983.07
could,3.4666959598,5895320.21922
means,3.46857899503,848583192.261
poured,3.48508376382,2139505718.73
thinking,3.48912563402,241491875.245
however,3.50030600098,116366896.884
dreamed,3.52008202102,2356511662.14
present,3.52223432288,409351928.082
deep,3.53710986448,255831861.914
walls,3.55448013477,190656250.997
perhaps,3.56583531456,37169342.6859
prove,3.57451197564,1847077556.44
set,3.57683121782,177273902.453
harm,3.586513433,2457006918.2
flying,3.60223533369,1261967507.16
altogether,3.60548210438,956085248.592
opposite,3.62663491705,1287730770.19
walk,3.63696513042,533890430.602
much,3.6423873477,31348423.8775
lay,3.64296278754,71207633.7186
aloud,3.64550416648,1642460208.5
half,3.64955972087,110081255.569
fashion,3.6500882063,1381200739.25
wall,3.67602619773,77086333.9493
yellow,3.68047243929,102301136.563
moved,3.68535473746,114685981.359
bottom,3.68829416851,1336717952.74
forgotten,3.68839995758,818734542.593
passage,3.7116049715,716273671.871
necessary,3.71963079482,756420264.628
into,3.7354278439,8332553.9365
saw,3.74618387713,17202910.3462
realised,3.75322334327,416480467.394
entirely,3.76627083993,833609831.57
began,3.76714472799,59613859.9586
delight,3.77674287853,1289499396.79
considered,3.78026615209,964252853.619
clear,3.79217660653,267447247.059
staring,3.7954138655,707015585.38
king,3.81886901557,5768136.07928
dry,3.84632149273,1146748923.73
view,3.87811645207,727433553.109
kept,3.88925218025,339352663.534
circle,3.89565101685,1118316743.09
interested,3.89624119536,771698626.442
action,3.90585530726,1311430950.0
catch,3.91325070287,1147827343.11
effort,3.91901069892,737096818.906
lies,3.92655393386,2347662782.15
might,3.93539976886,21350386.0808
comes,3.94069329284,492908843.142
creature,3.94921674214,201259533.545
vague,3.94956411586,1483719569.16
suppose,3.9640624202,103207458.96
lying,3.98464454811,721397321.182
enter,3.98950502169,1825844593.02
above,4.00432664986,110399363.558
shoulder,4.01119505167,437051420.522
reaching,4.01236280377,4670895464.38
inside,4.01323079885,448100665.023
trick,4.01686732062,3788897860.66
seem,4.01738490403,453240986.397
,4.02002466769,4007866.9934
regard,4.02139615411,3733020975.79
roof,4.04350322441,626828375.706
shake,4.04796721591,4684047196.44
whether,4.05492600513,201664472.274
honour,4.05562760882,642354767.686
clouds,4.05917289606,1150915024.6
pretty,4.05969792659,114099984.725
shock,4.06514705907,1958693412.2
utter,4.10593346174,2938307076.09
looks,4.11790434187,436337849.492
study,4.12010881054,1005026776.05
that,4.12039691987,443610.907023
control,4.12136437832,919228064.673
lift,4.12743233683,2232519337.27
pick,4.12790011011,1259388572.3
wished,4.12947794487,970218331.405
drink,4.13348936104,310233789.549
paused,4.137958843,447609882.943
such,4.14261434755,44175490.9327
less,4.14505357171,178927157.576
closely,4.15464856667,2427046835.05
mixed,4.1618017764,4443114678.68
#monthoftheyear,4.17223984722,29086101.7865
climbed,4.1793340564,1019468301.53
unless,4.19014439889,1107649249.64
deeper,4.20216122034,2758239553.59
appear,4.20299974291,2889281894.05
youth,4.20949297891,411007435.439
particular,4.21071717667,1254799590.97
drinking,4.21477330202,2441038479.09
singing,4.24463727332,625087843.583
breakfast,4.26497823732,568132336.104
turning,4.27400138276,742883032.552
knee,4.27781545074,2314464133.1
gathering,4.28493096864,4469079909.25
pace,4.29442755349,3992926136.58
mistake,4.29971242259,2179568392.75
sir,4.30952173748,8408180.85835
bodies,4.31296128586,1007868320.46
the,4.32552650966,23341.0712514
huge,4.32772667726,541210712.04
nearest,4.33665109519,3120512527.75
shape,4.34684403996,518473375.402
sounds,4.3504683743,1362019893.33
under,4.36200932093,84324799.0207
should,4.36514699608,28893693.2429
doing,4.36812486262,372614291.519
command,4.37328963465,1374138742.53
window,4.37877652367,87284141.08
death,4.40243275376,81123137.2953
blew,4.41274323545,1512919416.26
sad,4.41980993976,824389931.71
age,4.42714213391,387235388.591
steady,4.4287083493,1995915721.47
mind,4.4394776036,38881636.5884
passed,4.44870962253,186131710.997
see,4.46338365195,25792863.1338
weather,4.46531637124,589880778.463
are,4.47962079066,10146994.8389
fallen,4.51897884152,1089492164.34
built,4.51992011237,930559239.972
reminded,4.55306971546,2316202853.56
approaching,4.55490820614,2935467188.64
stars,4.58135717998,586195911.305
showing,4.59592936303,4523174348.27
something,4.61502277562,30874872.7515
actually,4.62274306636,1132558591.24
beating,4.63782379851,3388231994.95
cause,4.65714679868,2095715086.69
pictures,4.65736093236,1052948679.53
approached,4.67327416639,1423712212.83
),4.67370116863,14507498.866
glass,4.67433881361,219004736.559
luck,4.67758918942,1041206934.57
through,4.68720473487,27727335.895
sigh,4.6950165625,2876850024.47
dead,4.69755418204,75260023.6624
building,4.7005267859,1021773345.35
queer,4.72291065066,581052832.452
supposed,4.74421333937,1192502814.42
top,4.78815597269,420840497.088
feet,4.79364305015,65088549.6339
wrong,4.79494301031,617789564.985
flowers,4.80041788558,594770805.883
happens,4.80443716999,4690618690.87
trouble,4.82779129268,749909678.078
mystery,4.83039884624,838121087.636
ran,4.84004698135,137452097.333
shall,4.85011627664,57418543.9748
city,4.8552483241,58357931.719
gold,4.86414830333,88842940.2653
mine,4.87848336669,694379356.537
small,4.89519892857,115796407.103
nothing,4.91932007397,85845903.6899
announced,4.93118379236,1267823355.33
explanation,4.94600019263,2543961152.3
air,4.96610573184,136833645.8
grass,4.97408184921,515464901.303
sudden,4.97902421375,567077646.738
(,4.98481720196,15477865.0857
thanks,5.01314801608,1846365024.83
#sentencelength,5.01977954605,0.51895760966
upstairs,5.0241788412,920181021.695
various,5.04541607994,2090132749.91
low,5.04825725922,357697067.231
hall,5.05585019839,144601384.413
sweet,5.08399778732,595169690.172
what,5.08417579871,6263565.88188
lord,5.1047030973,94270011.1681
it,5.10944176811,603290.888488
instantly,5.11719908518,1236232357.22
thing,5.11776869805,52635508.9316
golden,5.13180444566,423001475.52
twisted,5.13325074774,2002129355.62
proved,5.137620017,2680442531.9
delicate,5.14428313954,4108855268.12
greater,5.1480415402,1177877954.84
lot,5.15476115391,377499516.496
path,5.16530195513,269058614.914
wild,5.17276327208,337886085.753
wish,5.17932067327,451211418.898
mere,5.1918840775,814966085.875
build,5.19435405527,4590305524.18
anywhere,5.19549950276,3007795074.69
heels,5.19768629991,3062684656.42
firmly,5.20153363591,2428913831.83
terrible,5.21047912761,762950522.16
animals,5.25856446226,15182188.6693
body,5.26535052718,85369915.2367
feared,5.2679952966,3565101674.9
#arabicnumeral,5.2750487755,2427507.26047
thrown,5.28633984938,2786384630.55
green,5.29433892796,97418862.5098
wings,5.32786906835,1031692155.78
parts,5.33064967885,3646298973.45
curiously,5.35122709249,2653037776.11
terror,5.37126380752,568938688.934
crept,5.3775922221,2747963891.58
foot,5.44856916102,489468368.7
evil,5.44871193907,768603654.398
admit,5.45950489318,1860219758.02
suggestion,5.46396177884,3626400470.72
grow,5.47849954198,1561150349.15
caused,5.48135789361,2884717067.34
curious,5.49209983012,706999718.348
meaning,5.50035504354,1583446281.46
fear,5.50343215132,200342943.992
things,5.52194842164,52100672.1312
slip,5.52339271438,2451468794.76
clock,5.5272153697,890889569.669
bird,5.52956979257,390541053.02
triumph,5.53470549663,4068916135.92
comfortable,5.53935772428,2625817250.1
lower,5.55643462796,2157492289.39
loose,5.56015033556,1628776586.43
they,5.56985504018,1505939.87402
fully,5.57029171508,4853682927.19
others,5.61029437165,226486569.536
unable,5.61320382138,2772613685.84
due,5.64934757076,2550905723.68
cannot,5.65413860447,455639632.225
mass,5.65699179046,1412248065.42
once,5.68291474331,118525585.989
tree,5.68803763409,119496426.773
excitement,5.69008879062,1898819175.84
object,5.71466410777,2654833331.2
damned,5.74230276346,1469895449.05
thought,5.75315854485,33837652.6249
problem,5.76649953536,3117405494.6
animal,5.77461809391,79852583.5922
whisper,5.81684405189,2487544787.59
flight,5.82712574519,1935472585.76
sake,5.84826154766,2891525859.57
exclaimed,5.90001111886,345084075.897
sleeping,5.92353338575,2269951597.55
flung,5.93244842794,1230699337.22
hear,5.93574128042,296584270.964
observed,5.94005354573,774307655.906
minds,5.95143031394,3819206856.35
noticed,5.95776361422,707761023.306
art,5.95882890558,1139219601.46
is,5.95914671264,3021268.66836
lonely,6.02458429335,2482342877.8
guess,6.02927591878,384257117.002
stared,6.034305421,352237200.702
anxious,6.06209884557,1942302914.09
explain,6.09527679017,1855755517.93
great,6.09698571566,36465520.9453
dog,6.11495330194,141184441.023
forth,6.13923695013,909873829.776
sank,6.2138380535,1884846533.56
themselves,6.24469469674,306492051.827
below,6.24869791233,428325721.667
somehow,6.28038424957,930759136.479
race,6.29359488908,628366939.39
appearance,6.30463111314,2403420409.2
where,6.30543634004,40373971.4062
bring,6.32738167144,665683474.699
across,6.33504561082,125572098.428
nor,6.3441442681,189507192.505
circumstances,6.42661964482,2622512702.58
beautiful,6.4391398589,253116669.942
piece,6.46107765894,1658345690.84
steps,6.49996437052,672727841.197
glasses,6.50347291003,2638699384.88
drop,6.51697256358,2757077735.32
nature,6.53923657407,545770968.903
follow,6.55942810619,1525113379.64
figure,6.56286674978,378524268.686
beyond,6.62083604309,220933993.449
ceased,6.6484181212,1809840984.19
muttered,6.67097785745,1177835180.62
stairs,6.70461831783,642002115.584
close,6.73563595402,266047718.068
sense,6.74296875182,404436966.522
attempt,6.74943541951,1302464028.02
wind,6.77229105469,72898113.3286
colours,6.7924035877,5037807980.27
carried,6.79494830776,1289273333.93
fresh,6.80032270029,1756792447.87
blue,6.82992745428,55061969.2241
"""""""""",6.84928836492,28127.1283678
except,6.85758376293,511133851.29
oh,6.86868995138,46469853.1589
rest,6.88830683522,538814071.985
effect,6.99748573162,1981907821.52
sun,7.0098521904,291823831.579
stone,7.0169472385,149599957.421
hanging,7.03225617297,3315662068.7
memory,7.04838958357,1014665609.1
goes,7.12003147431,1652754304.76
earth,7.14299559841,129379575.253
horrible,7.15460607972,2463995925.5
shadow,7.16831471518,784238622.509
detail,7.22985576119,5419526275.74
guessed,7.23369896137,7973976553.45
intended,7.25269556408,2876870442.62
sign,7.30261798447,1044934563.53
rock,7.33222829094,509298577.517
companion,7.36100463758,2467436910.8
visible,7.38230064931,2917407303.24
sing,7.42410652317,619100858.576
flew,7.44066187317,2110589550.33
disturbed,7.46935139288,5823106434.15
song,7.47353468134,636253231.231
bank,7.47942443119,1467406656.08
far,7.48609785594,161176761.596
features,7.48814961837,3096398623.38
human,7.52218201069,167699249.167
wonder,7.52572508175,601224163.935
imagination,7.54247994612,1922815585.11
vision,7.55694965926,1812391693.32
dull,7.6901935547,2847917662.67
mad,7.73004337703,1167677150.92
stop,7.73485093187,831242177.728
mrs.,7.74169846188,10085674.6957
past,7.76054300013,344519879.914
equally,7.81466310572,3377332359.55
puzzled,7.82445513693,3701828675.26
precious,7.87990333747,6259684142.88
search,7.88030809011,3845765124.87
",",7.91759188151,67696.0284261
progress,7.94854080465,6299055092.3
whatever,7.9522219755,1485561281.64
excellent,7.96804862509,5409282647.17
gazed,7.98185582819,1303356625.23
painted,8.01323072184,1973523191.79
unusual,8.01324005987,3802868053.59
there,8.0185664211,6481377.06124
works,8.01920027046,3058069352.57
high,8.10135906958,170381851.189
waters,8.15212042307,1724782458.94
replied,8.16521291473,55668646.5179
wood,8.1688786183,407717827.272
faded,8.20775958313,4607988963.1
though,8.22795024439,39306169.924
described,8.24959556394,8538929839.56
sea,8.25743294631,120508842.262
lucky,8.27822777674,2931552574.24
beauty,8.28041134346,1111552127.76
find,8.36900094307,343999020.491
mr.,8.37520677659,7020441.2002
wildly,8.41391355664,9416305686.43
remembered,8.44931499873,970265612.978
stories,8.54905103743,622425989.726
hastily,8.59072026977,4282057612.35
spot,8.60161883025,1539960232.34
water,8.68140528802,62318473.2811
result,8.68844246037,3716148420.43
occurred,8.75423685663,3257346980.47
centre,8.75477802473,1579043297.35
nonsense,8.77898732927,3205163864.66
found,8.85383293589,174700835.889
startled,9.03252845703,2572990393.67
horror,9.24036772877,646512718.207
cried,9.29115097486,92486343.0395
motion,9.37709685274,4537471712.54
well,9.58102479425,43793419.7827
tail,9.6865041415,963536445.78
direction,9.71472372282,1118301037.88
itself,9.74064199243,270117433.527
dare,9.80423680401,2825312477.95
master,9.82286812867,155443957.522
indeed,9.8403521903,308467370.409
story,9.85678359549,163855519.916
strangely,9.86772870256,6615525182.29
silver,9.87609171872,599135584.795
some,9.8863766621,51244592.9775
real,9.93647220466,727795969.454
perfect,9.96259730232,3218082503.66
peculiar,9.9870677893,3513296462.08
surface,10.0030881375,2519396063.51
disappeared,10.0875246661,2849584873.63
power,10.1456192926,439984305.084
within,10.5670949547,367332977.426
dream,10.6390511043,683424817.022
;,10.6828778502,917018.644175
"""""""you""",10.7289893493,3057039573.45
or,10.8095749578,11616991.1728
brain,11.4919127215,1005521294.59
higher,11.7230720513,3886260417.38
fourth,11.9670778607,6648183035.36
strange,14.9840040544,461540411.12
form,15.7566436649,2508838568.23
