cheek,-4.29415896637,-1254737732.05
affairs,-3.86700230926,-1573655992.77
's,-3.77472372831,-539071.234195
first,-3.7534415768,-25152315.5046
five,-3.65847337017,-267541524.83
reached,-3.58613264968,-246973267.49
won,-3.3500569968,-586914685.815
#personalname,-3.30337057193,-100557.870478
"no,",-3.16030393207,-374235518.283
fingers,-2.96996866981,-940591503.851
continued,-2.89588686969,-122738609.661
towards,-2.86660253298,-42632908.3618
dignity,-2.76767607281,-1403311815.02
news,-2.75509700219,-194700211.66
t,-2.74561093904,-4137405.88818
;,-2.72320657608,-96990.0291477
chapter,-2.72019246206,-86910188.0459
single,-2.69498051007,-541073095.692
hurried,-2.65271947885,-835484196.624
added,-2.64977397554,-39742167.8867
fight,-2.60714518836,-530398717.451
let,-2.60015416556,-35533842.9673
quick,-2.59289941185,-280645287.584
stepped,-2.57832387748,-594730659.863
office,-2.54315649573,-213049994.743
charge,-2.50093489038,-726181914.763
affair,-2.484012562,-784336129.48
plan,-2.44978424556,-659785388.173
finding,-2.44323791683,-1341409571.45
',-2.43283016191,-62023.2038087
good,-2.43226682709,-14086060.637
'll,-2.4292338264,-8142172.83148
favour,-2.39395102962,-910073697.098
over,-2.3615083596,-12058707.7742
safety,-2.34985484626,-937915775.291
court,-2.33857859742,-114315296.796
"""""""""",-2.33574840589,-9197.32679948
war,-2.32825340772,-118253527.184
/,-2.30721583755,-136481353.25
count,-2.27737544431,-112187225.53
sympathy,-2.26794517908,-844379793.468
under,-2.26712550073,-46098571.9367
reply,-2.26530486073,-345064369.408
promise,-2.25957106986,-446214809.423
hat,-2.24631553838,-223644953.402
re,-2.24242786473,-124128596.639
pride,-2.22204677293,-362425764.43
satisfied,-2.20361504591,-439998488.122
interrupted,-2.18652216194,-482848736.107
returned,-2.17909654821,-56409671.5803
success,-2.17854931175,-802238365.228
lord,-2.15620642739,-24387113.3039
meeting,-2.14379911023,-482179454.834
#pctcapitalized,-2.13975960536,-0.485391528038
thrown,-2.11817210001,-946565264.599
intended,-2.11501343887,-889491217.878
hoped,-2.08382823618,-1065769118.92
approach,-2.07666510803,-1918440598.84
broke,-2.07048176329,-264229236.197
soon,-2.06774963241,-39334436.1245
walked,-2.05614915272,-177657888.964
tears,-2.05068914291,-173554263.648
two,-2.05068816684,-7930177.16799
watched,-2.04850620311,-309683584.15
near,-2.02191693547,-65279896.0738
leaned,-2.00106633435,-745917566.311
joined,-1.98394924326,-1277113040.18
kindness,-1.9721424369,-1205638632.31
turn,-1.95982597107,-239843443.914
finally,-1.94810317769,-91609456.0441
accompanied,-1.9460787475,-1032214115.36
respect,-1.93104009665,-652111896.137
finger,-1.9281416161,-1011493766.01
succeeded,-1.92797050802,-817936759.139
nearly,-1.91589374792,-262392802.728
bank,-1.89870805585,-344244278.465
showed,-1.89705571961,-214151048.943
capable,-1.89149432793,-1329547449.24
win,-1.88854209906,-1102084985.12
filled,-1.86648016157,-258701165.231
custom,-1.86373352962,-1945416991.47
loud,-1.86338411892,-687938957.67
letter,-1.8566850569,-37808273.4025
green,-1.84977714544,-80503319.6864
pair,-1.83075884467,-558050397.751
noble,-1.82360246238,-153082717.428
favourite,-1.82071628342,-781209938.349
approached,-1.81970370126,-761824469.323
carried,-1.81323953086,-188587370.559
row,-1.80947746581,-957450714.432
big,-1.80627301006,-63712613.1114
ground,-1.80354804324,-97641438.7502
guess,-1.79191439063,-67511944.4484
ceased,-1.77925175563,-444924960.276
decided,-1.77505285892,-400012695.762
mouth,-1.7735765285,-200545306.891
until,-1.76626271568,-20399741.0601
closer,-1.7524303396,-1222914399.75
crowd,-1.75114221951,-163533375.574
confidence,-1.75015412964,-656987490.3
dropped,-1.74504081207,-162441887.779
scarcely,-1.71699731771,-104466926.908
cool,-1.71630223733,-446211093.088
throwing,-1.7149494128,-1545452569.79
length,-1.70734325082,-108552727.268
fine,-1.69381272545,-156323730.914
looks,-1.68743572039,-265035488.357
eyed,-1.68743111682,-957173682.501
summer,-1.67650387367,-235645008.52
pushed,-1.67593840564,-620079918.649
needed,-1.6697467368,-616343704.182
fire,-1.6628855303,-26454402.222
handed,-1.64969046315,-492929442.362
replied,-1.64602058296,-10527328.5064
sooner,-1.64416496095,-949972849.013
nose,-1.64355696786,-549872283.887
equally,-1.64130915094,-780148949.799
addressed,-1.63890108557,-475004118.61
horse,-1.63634981174,-38107225.2289
gate,-1.62957231231,-125153246.855
enemy,-1.62705417405,-190909845.245
uttered,-1.62226655135,-414799480.638
battle,-1.61671005313,-205619910.863
likely,-1.61540888391,-215317869.921
comfort,-1.59845796595,-391434494.065
justice,-1.59355779846,-518024506.106
seated,-1.59292941476,-303026567.827
kindly,-1.58731532914,-515800827.866
heavily,-1.57876258329,-712012499.539
reach,-1.57798675783,-234374738.786
dozen,-1.57235690219,-548927665.532
miss,-1.56097104058,-3689892.77074
suffer,-1.55476484237,-745750320.566
king,-1.55406717883,-5625971.98639
stopped,-1.55312472551,-117878272.289
town,-1.55141912776,-66095012.8189
information,-1.5506410699,-183235235.901
fully,-1.55061536946,-306009251.225
forward,-1.54720068023,-168492417.433
started,-1.53957132604,-181009557.446
rose,-1.5390663963,-5597539.23489
field,-1.53769364762,-90586859.2735
shame,-1.53358266806,-289124738.143
suffered,-1.52950134668,-611226769.324
find,-1.52622702401,-26997570.0771
finished,-1.5242910011,-282144681.312
catch,-1.51740180372,-717848395.457
drink,-1.51654393851,-294689368.753
received,-1.50718688994,-143052521.356
duty,-1.50230898985,-81217488.7872
glanced,-1.49765865048,-169444704.509
safe,-1.48907335939,-284893778.1
mass,-1.48877784513,-198005750.738
choice,-1.48228668429,-534281869.574
o,-1.48203201758,-6023756.92178
gazing,-1.47705302436,-516547893.846
talk,-1.47507422829,-64906018.4198
instead,-1.47436857983,-366509644.774
ended,-1.47089229953,-810674949.9
brought,-1.47013179011,-43791574.8316
sister,-1.46328724919,-31331102.3942
absence,-1.46159244409,-939944694.219
times,-1.45664268477,-156081151.113
floor,-1.45150649862,-179456979.371
grace,-1.44350841628,-61417797.9438
escaped,-1.43907926339,-683386481.454
helped,-1.436885846,-663621223.004
group,-1.43499325782,-750920298.68
slowly,-1.43120772112,-76674499.1688
brother,-1.42903073695,-31301066.9816
forgot,-1.42792614461,-724537081.985
asked,-1.42330953449,-9681616.032
closely,-1.42179170552,-870862077.511
plain,-1.41208503824,-168698544.46
covered,-1.40636154019,-213731739.457
come,-1.40270236375,-5278646.29046
honour,-1.40196944066,-104207469.123
while,-1.39554284208,-14201323.4712
grass,-1.39479827936,-92668251.5562
watch,-1.39050533801,-182415208.597
dragged,-1.3872988578,-990132879.802
inside,-1.35435580143,-209960540.471
father,-1.34605731265,-3832623.86139
thanks,-1.33190870711,-256387656.088
content,-1.33057745483,-565093513.88
company,-1.32644518097,-114126903.292
quickly,-1.32608140597,-51584413.8184
slipped,-1.32376543575,-461835907.456
excuse,-1.31975781791,-700958333.015
tender,-1.31924650664,-350541846.357
glance,-1.30862540282,-192738873.904
both,-1.3031380666,-48282155.5086
former,-1.28992726436,-284797328.879
immediately,-1.28709308935,-152520468.123
across,-1.28567713925,-40694631.2639
flowers,-1.28292956259,-129169516.44
sent,-1.27886606221,-45887660.5655
followed,-1.27660843441,-98200308.993
whenever,-1.27632352827,-797645754.987
picked,-1.27430065897,-760147515.347
kept,-1.26756386414,-106921735.066
said,-1.26365476619,-316430.521375
usual,-1.26318363911,-220557798.765
direction,-1.26185378582,-143216949.037
ourselves,-1.25877454015,-252720927.622
fast,-1.25545996827,-204749212.503
dear,-1.24516641947,-17850683.7208
off,-1.24394964472,-15156602.4922
waited,-1.23962031456,-154684821.263
gathered,-1.23745799684,-443674917.516
worn,-1.23245306024,-671144706.238
from,-1.22880215739,-1826183.61082
command,-1.22827549575,-178227104.364
each,-1.22729530861,-4288700.41732
presented,-1.22292087424,-438144379.378
wait,-1.21863462821,-183025041.73
front,-1.21731274649,-65355961.6716
sight,-1.21513430965,-56949813.7268
reasons,-1.21502550544,-753186285.729
keep,-1.21340750556,-71063321.9783
de,-1.21161003921,-7199174.64363
side,-1.20745018546,-33142807.1544
hill,-1.2067767714,-74431543.1148
hundred,-1.19979588225,-97570659.3064
tongue,-1.18861875777,-196048268.371
bowed,-1.18068125119,-384312738.823
run,-1.18045773907,-71001850.2963
ear,-1.17798785797,-210289131.177
pardon,-1.17495035749,-245427225.237
sunshine,-1.16859321926,-744415022.161
mother,-1.16612102725,-3982310.10913
older,-1.16230372936,-562612610.762
girls,-1.14501659009,-54838165.973
aside,-1.14453523784,-212804735.313
stay,-1.13541413975,-121492943.3
grief,-1.13364827626,-663285893.743
post,-1.1333676575,-3866938.36742
smiling,-1.13089402629,-211467587.846
led,-1.12920164609,-153857298.004
making,-1.12905011697,-118081595.317
loving,-1.12827645273,-904344904.201
nearest,-1.12816574134,-1090481559.79
excited,-1.1277871921,-790635598.423
cut,-1.12762217948,-81472015.074
answer,-1.12584913968,-75532436.968
chair,-1.12224839257,-69544309.6266
luck,-1.12208054654,-331970827.472
brave,-1.1208243226,-299299662.334
hide,-1.11036695332,-553547376.529
taking,-1.10604366363,-145537212.799
fixed,-1.10475610319,-281370962.974
main,-1.10329684973,-555352048.138
four,-1.1029022818,-25405647.8414
on,-1.10117688528,-535726.828046
hesitated,-1.09762126768,-137284508.784
arms,-1.0971638309,-62325981.1969
easy,-1.09653252916,-179425009.193
horses,-1.095886759,-61562009.4282
cheeks,-1.0949898345,-460168947.989
important,-1.09005053412,-321257494.104
burst,-1.08917688713,-478500665.739
turning,-1.08329655132,-200188273.266
shoulder,-1.08111569635,-251740568.752
clothes,-1.07991445615,-175510849.536
quietly,-1.07689892843,-155457567.467
removed,-1.0763425889,-651235188.206
turned,-1.07498697048,-12837199.5167
take,-1.07080659353,-17325802.6266
ah,-1.06553098778,-11082169.3162
who,-1.06223337136,-1494980.54395
closed,-1.06196213571,-138537218.741
ears,-1.05966195479,-193779167.962
his,-1.05674719111,-99074.1238678
son,-1.05382672521,-17213595.575
wound,-1.05256889205,-625638399.758
quiet,-1.05201451014,-116853377.24
leading,-1.05067850362,-501477703.013
step,-1.05067304214,-137638206.567
return,-1.05064507389,-45884646.2604
where,-1.05044517309,-5232698.50325
yes,-1.05014500004,-5200525.19307
home,-1.04891223127,-7828567.48452
corner,-1.04740360306,-114654000.208
along,-1.0464396486,-25426587.2685
angry,-1.04601840056,-88947842.9795
equal,-1.04342788337,-779072358.949
around,-1.0395075218,-17971487.5786
pay,-1.03886583217,-163136896.821
smile,-1.03859415258,-37411748.1243
avoid,-1.03536569374,-1415971850.22
difficult,-1.03215532783,-287345987.508
watching,-1.03165102561,-250532622.628
anxiety,-1.02660926469,-435703502.796
regard,-1.02250259948,-65967773.7009
threw,-1.01869371802,-151068707.471
deep,-1.01775796231,-49893551.0922
right,-1.01734675133,-12419443.7047
efforts,-1.01588651854,-815973941.636
*,-1.01491049497,-2066455.29109
approaching,-1.01235832773,-473128903.228
quarter,-1.01212333415,-313518643.969
paid,-1.00857320286,-364123942.771
long,-1.00609450501,-10071829.4842
spot,-1.00371164566,-139046752.4
already,-1.00075923732,-52809402.5756
fool,-1.00059772915,-203986004.832
latter,-0.997927318731,-38364198.7703
up,-0.991234239734,-1236524.06468
against,-0.991044932517,-27877914.4213
brown,-0.990782545823,-21716129.2916
cover,-0.99038424381,-355362273.3
choose,-0.988567842128,-758790334.381
description,-0.985358605186,-525536255.555
gave,-0.984859479062,-32732567.2173
him,-0.980374073589,-368754.643247
down,-0.97700031677,-3506329.10494
again,-0.976175052123,-2185715.94194
marriage,-0.975858100493,-96871653.9395
fresh,-0.973517661479,-239585066.132
importance,-0.972818838097,-629295030.828
visit,-0.970281253134,-102318727.078
interest,-0.966726677425,-34885827.5849
works,-0.966177439193,-23999565.6581
silence,-0.963838856722,-39640925.59
ask,-0.962728902012,-50913129.2456
noise,-0.962717641112,-249881732.003
fate,-0.961757818716,-151751516.916
successful,-0.961568728719,-930958013.998
stage,-0.960843640225,-92641866.1049
our,-0.959394577159,-1515010.82427
returning,-0.959195960803,-682204607.315
#sentencelength,-0.959168994139,-0.0307348102133
cared,-0.958237670739,-748215448.411
lower,-0.95538862476,-122734922.553
sprang,-0.952195364024,-311937705.947
steady,-0.950191431783,-687282914.786
n't,-0.949807914501,-288003.999471
they,-0.947924575192,-144459.492212
opportunity,-0.946649843582,-236360001.327
now,-0.945816331815,-1901654.41569
us,-0.94324760455,-2017449.68883
exactly,-0.939066039473,-126571628.669
offer,-0.93400029165,-388007091.202
got,-0.932763444132,-6775595.29172
bird,-0.932528405638,-25368626.4331
courage,-0.930315951359,-286601648.404
head,-0.927958952544,-13504386.6851
forgive,-0.926980608559,-198677792.084
handsome,-0.925933287958,-183977192.429
carefully,-0.922423349593,-206869001.363
heavy,-0.92171450376,-79444660.3347
few,-0.919531037063,-19844490.0508
makes,-0.918630868038,-70700703.4146
killed,-0.915349129637,-51320837.4775
admitted,-0.911956584843,-629327981.405
fairly,-0.908713905023,-265670800.584
drew,-0.905321065532,-67682825.0754
repeated,-0.902377254861,-133654026.823
#placename,-0.902049440187,-708093.068834
showing,-0.8990218387,-887012985.826
bear,-0.897011598356,-50889499.012
we,-0.894446147797,-183499.684508
then,-0.88794016131,-1270439.11287
allowed,-0.882519920931,-243540621.701
opposite,-0.880056667172,-261789369.955
search,-0.880041920814,-158312468.764
heads,-0.871817123183,-290306727.183
wo,-0.8705028014,-59338532.602
thirty,-0.866080860406,-391947370.558
ladies,-0.862017241308,-106624400.533
cause,-0.860230584959,-123640466.15
bearing,-0.853330766033,-496403422.022
would,-0.848983798276,-1061589.29543
moment,-0.848019192126,-6131213.9776
active,-0.84683421432,-1095140573.25
built,-0.840253771593,-201783917.797
caught,-0.83705488738,-77466356.3588
kissed,-0.831969975373,-221140628.822
bring,-0.824689671052,-94116653.3283
behind,-0.822940178501,-25279282.488
spare,-0.821817807995,-433691392.622
presently,-0.820334948243,-45078250.0743
and,-0.819754764821,-15633.1707625
teeth,-0.815005801063,-234697046.615
dust,-0.814716811942,-191805230.411
cry,-0.811443251813,-75856375.4265
hopes,-0.807496733537,-408711859.872
ordered,-0.806202472112,-124957270.053
walk,-0.805034369441,-124697887.173
thinks,-0.803838984824,-218166666.193
seat,-0.802624803359,-147186944.443
another,-0.801152222947,-27411495.3173
whispered,-0.794572634962,-81458740.9737
sharp,-0.793971820585,-30572528.2644
face,-0.791717952524,-4262345.55643
gentleman,-0.786208048079,-49960805.7939
start,-0.780501441996,-257779756.831
held,-0.779348501843,-37877776.4479
eye,-0.776929487422,-34889444.0338
chance,-0.776319164415,-75791096.621
evident,-0.774843070076,-334891003.02
hanging,-0.773461736095,-488446580.043
delighted,-0.771026520063,-608966092.939
line,-0.769010258466,-34891736.3693
sun,-0.766143316206,-18646972.2346
low,-0.762531221207,-62237357.5246
#romannumeral,-0.758216412911,-6924253.78508
their,-0.756874878557,-1184056.73907
water,-0.755641195463,-4144447.64912
burden,-0.750114390788,-534160818.936
especially,-0.749090261002,-153142768.681
purpose,-0.74323322394,-69417183.4664
dog,-0.74310175489,-21484117.8978
piece,-0.738528656859,-118761387.217
having,-0.738169428827,-16628588.1432
wife,-0.737394155585,-5279625.03702
feet,-0.735626974285,-18771973.2245
glad,-0.735175464333,-51148196.3376
open,-0.734654898083,-46119536.0585
trying,-0.733862943012,-130272924.499
he,-0.733062395534,-34641.181461
orders,-0.732565671087,-51748101.4386
warm,-0.729016701174,-124939227.336
effort,-0.72659218603,-146372736.241
disappeared,-0.722836369857,-235235747.808
difference,-0.709443084034,-411148380.87
proud,-0.708574733173,-230331150.61
humour,-0.707741017747,-103964302.666
general,-0.706048086526,-16452231.6999
faced,-0.705301745244,-212562375.051
children,-0.703122268176,-3903734.71978
evidently,-0.70248393768,-79212014.8621
fair,-0.700965071637,-24500343.3535
attention,-0.698139275211,-126502960.315
accepted,-0.69765162049,-498128662.66
anxious,-0.697034581266,-156542169.101
bringing,-0.696171657533,-590753853.489
hurry,-0.695890203583,-560006593.94
worthy,-0.695731974578,-302852303.673
peculiar,-0.694974818721,-276586422.165
day,-0.694483857138,-5271138.4006
too,-0.68703376554,-5475965.60527
road,-0.686171882753,-13468916.1569
care,-0.683403778567,-54498611.7078
wall,-0.682901558931,-12317962.5406
needs,-0.68102132575,-486897338.872
pray,-0.675665663451,-143401880.698
putting,-0.670087384583,-280786264.05
advice,-0.669194035745,-369189312.861
patient,-0.667052992786,-142123546.247
suggested,-0.663435569981,-108729387.208
garden,-0.662682274624,-30910237.5648
leaving,-0.659921306137,-161679219.575
refuse,-0.65951364641,-441399201.401
stories,-0.657381199283,-31542654.606
herself,-0.657191874722,-5893164.77519
as,-0.655032440508,-231265.199293
chin,-0.652112747468,-869476418.455
advantage,-0.651190373363,-405117654.335
made,-0.649793628352,-6996966.88208
join,-0.649235815739,-474226348.139
eat,-0.647001126158,-21250864.9736
miles,-0.645062464379,-25316915.6976
south,-0.641446652283,-41325257.758
beg,-0.639536844891,-223288943.8
true,-0.630815686879,-25842592.3336
situation,-0.628222133265,-152719972.811
her,-0.627340113089,-34088.6316624
fit,-0.627109017402,-319652191.341
getting,-0.626200579812,-69968833.6667
money,-0.625537197578,-9152474.43681
result,-0.623234434287,-104506957.124
heart,-0.622251500717,-5013869.11654
says,-0.621136958084,-6887788.09949
tree,-0.620230926136,-20605546.9144
believed,-0.617103421638,-166336993.186
smoke,-0.611711768224,-74308609.2966
less,-0.611087375269,-33897684.8223
listen,-0.610095194319,-197541487.556
sharply,-0.609537946428,-232401674.946
beneath,-0.609515693041,-47951019.3753
hearts,-0.608509702023,-143182965.348
dry,-0.601767093072,-40125825.0495
bow,-0.60158423207,-157067559.542
passing,-0.601488291215,-140016040.77
old,-0.597317674773,-1304720.4893
small,-0.595687334668,-17567471.6735
stayed,-0.59553230426,-256834817.409
service,-0.589824681703,-101460023.662
chief,-0.589460161884,-3667264.61162
suspicion,-0.588478753929,-162245258.604
utter,-0.582419065649,-309542311.75
(,-0.581481061598,-491025.021869
struck,-0.580402855048,-55768624.5851
tone,-0.578514183711,-34769577.5641
admiration,-0.576125935399,-349823938.422
six,-0.575460738877,-78139860.8067
stop,-0.575403399657,-109136280.597
thick,-0.573901112323,-154320253.082
forehead,-0.573484957098,-310634751.817
rested,-0.573264548176,-316997251.996
leaves,-0.571836348091,-71936001.6108
sir,-0.571563985773,-1774152.5731
put,-0.571275802415,-9289138.73935
welcome,-0.567049556492,-159397190.486
precious,-0.563762858925,-326689443.985
silently,-0.563528986925,-266134079.61
leaning,-0.561977131595,-342187409.171
property,-0.558628361763,-86195338.7351
stairs,-0.556365072886,-99668344.6885
shot,-0.556061494805,-65362031.2956
proceeded,-0.553495229659,-73178053.5563
formed,-0.552717912309,-193401192.02
men,-0.548766778766,-2885513.66422
slow,-0.547530551778,-170487615.645
dare,-0.546264561922,-91853336.5487
gently,-0.544927306317,-141857594.369
river,-0.54401631151,-10584339.2817
lie,-0.543552006537,-149356351.102
the,-0.538520653236,-2603.73520002
carry,-0.535295321146,-149937884.101
remain,-0.534461665447,-83824902.6092
plainly,-0.534085701741,-195586686.978
sick,-0.533336271547,-110065039.923
were,-0.527386736415,-376572.937286
spread,-0.52573501558,-249406304.948
wants,-0.525056208225,-155209858.287
set,-0.520549385259,-12766096.6391
could,-0.519883193973,-836210.583332
station,-0.519698497662,-47513277.0003
months,-0.51887454631,-63597495.6381
pulled,-0.518006552729,-130812758.515
pause,-0.516530666688,-120306173.852
enjoyed,-0.511995723296,-590248348.611
gentle,-0.511891446064,-125301393.587
weight,-0.511197492567,-337511875.687
busy,-0.510870543548,-234826320.823
exclaimed,-0.509930589332,-15976016.8033
slight,-0.509771583805,-100081075.012
running,-0.509375748962,-63237149.3409
half,-0.507627496486,-8730543.1597
letters,-0.507483759961,-27620750.3485
sea,-0.505368974906,-4390710.40479
spring,-0.505148502944,-38549590.9405
neck,-0.501249005187,-152872031.555
into,-0.49769568439,-1964176.92075
),-0.492463527125,-503355.785365
country,-0.489981503493,-27022555.9088
judge,-0.486944940163,-36832801.0418
#meanwordlength,-0.486697976388,-26.8829388778
however,-0.485360619548,-6734687.91875
failed,-0.479236993252,-172420034.03
whose,-0.477100029678,-11938885.4757
usually,-0.475601855986,-151968274.683
sounded,-0.470934369702,-275907649.678
eyes,-0.469177102105,-2073567.09844
pleased,-0.469041722167,-112913200.641
weeks,-0.468425281956,-173126865.717
movement,-0.465855707435,-119121434.558
food,-0.464036102726,-13091034.0583
simply,-0.462285018156,-33112239.9688
wondering,-0.461674411803,-173766736.792
loss,-0.459796815283,-274597474.952
excitement,-0.459078488992,-107908249.764
poor,-0.457022234188,-7651384.65865
friendly,-0.456560156941,-163734097.905
torn,-0.454765054559,-510138238.997
beating,-0.453173842938,-344154490.414
thank,-0.450921902925,-59222331.5923
serve,-0.450530789215,-212934039.267
greatest,-0.449781670314,-187877457.798
guard,-0.448288843905,-24074542.4937
greatly,-0.44699258811,-191047711.485
directly,-0.446378933315,-176501272.448
seek,-0.444668090462,-85204825.5521
turns,-0.443910747557,-326190498.01
treated,-0.442703037654,-303226994.108
pass,-0.441868897449,-64412687.0063
took,-0.437393279962,-6541185.46678
raise,-0.437344270517,-455850645.283
appearance,-0.43485354313,-61575505.026
dressed,-0.432375409524,-75663358.5231
hurt,-0.427103204995,-99128828.7361
parted,-0.422291468124,-313832936.724
willing,-0.418410070157,-90210857.73
going,-0.411786356278,-4826449.14594
to,-0.411133979005,-29977.8319455
hand,-0.404768707972,-5004403.47306
bore,-0.404002031462,-205251734.386
alarm,-0.40331715768,-225357976.082
ones,-0.400287471333,-73014465.677
buy,-0.399014818962,-129509970.025
began,-0.396543604782,-4836317.56745
get,-0.395585185311,-3059493.23063
remarked,-0.394566997819,-93647520.9865
blow,-0.39418567497,-195525148.172
acquaintance,-0.392106741304,-207775819.751
short,-0.389469787498,-40192518.0032
stream,-0.386111174826,-49587343.2
bent,-0.383940455877,-56948666.9401
drawn,-0.383683053468,-102460517.226
wanted,-0.382328632408,-14645306.8815
read,-0.381261392526,-11628940.7192
hot,-0.380963860532,-60887345.5491
several,-0.375770829175,-32450939.7766
ago,-0.373299358413,-29963330.0966
holding,-0.371207259018,-107808354.466
eagerly,-0.370180541311,-94442589.5174
asleep,-0.367045039346,-135824647.573
window,-0.366621013095,-8832314.64066
go,-0.362125339506,-1308035.79774
north,-0.358587328263,-11694186.1459
arm,-0.356985846218,-28970333.9312
train,-0.355492636669,-16281147.4052
land,-0.355419655671,-11199176.6913
rain,-0.351954685985,-28598402.2862
leave,-0.348472767621,-23532505.0269
vain,-0.346701288284,-83700470.5615
mark,-0.34494737708,-716274.680129
friend,-0.342106346861,-3920053.1691
tall,-0.339392463851,-44114198.0995
rolled,-0.338933277485,-171974693.735
discovered,-0.338895174639,-47121042.0664
careful,-0.337502257004,-206631512.722
move,-0.334995450658,-66053570.4748
movements,-0.33363169931,-220267223.117
laughing,-0.331489463111,-70893539.8114
pleasant,-0.330387979368,-53960833.9207
truly,-0.3292931232,-94209148.3877
grown,-0.329080042013,-98912147.2686
task,-0.326888854641,-108240904.136
assured,-0.326766206288,-160819176.289
minute,-0.326010450116,-37747031.2256
delight,-0.322985635928,-75916892.2033
clouds,-0.319888349734,-113254108.564
youth,-0.313188509249,-11559523.4783
little,-0.306968533113,-380611.954402
smooth,-0.305594729154,-114794332.878
she,-0.305331051362,-16013.4762585
express,-0.303885294307,-220457635.239
better,-0.302641450237,-8024621.77374
lay,-0.302336834793,-6774872.40336
shade,-0.299903084522,-170129626.373
church,-0.299058643161,-4656278.67668
next,-0.294420160773,-8222773.58882
seven,-0.292627248356,-58602612.815
goes,-0.288791240161,-4272688.02393
affection,-0.287428000899,-103541765.551
companion,-0.286353827981,-12970206.0789
thoughts,-0.286061422019,-15599503.1333
daughter,-0.2844563976,-6137221.69539
satisfaction,-0.283823723357,-149353534.408
lot,-0.282934232712,-116187674.736
cried,-0.280406250645,-1871059.18521
risk,-0.279803745861,-194290397.026
days,-0.278179161737,-10069603.0977
passed,-0.277328770241,-7847536.21812
order,-0.277286201904,-13418253.2368
seized,-0.275398107017,-96904150.851
breast,-0.274181843071,-38322637.1257
away,-0.270896050404,-2056584.74529
child,-0.269037540546,-1827764.19777
since,-0.263224994022,-9414669.66428
sigh,-0.259445846924,-133452513.503
softly,-0.256646054733,-32342110.0334
lips,-0.254325245747,-10123142.2389
say,-0.253876479803,-1541639.83439
just,-0.253577616321,-1219320.13515
if,-0.253304207229,-356629.768042
why,-0.252457108302,-2680584.92032
oh,-0.250981630623,-1407523.88381
saying,-0.249976820691,-14879666.6358
by,-0.24725164173,-63576.8879599
subject,-0.245734659361,-18182650.7237
please,-0.244150393337,-29937063.9532
listened,-0.237941798792,-54064331.4532
below,-0.23748729296,-26072555.9021
#dayoftheweek,-0.235510347986,-8460516.14546
longer,-0.231711590665,-17965642.4495
look,-0.231482145548,-4024066.40193
offered,-0.230292433411,-96035486.2191
village,-0.229810484644,-742467.769148
papers,-0.22894131376,-32933542.7074
trees,-0.228749843119,-13763248.69
wondered,-0.227428017035,-43180813.8504
friendship,-0.227066077057,-36438272.6131
shoulders,-0.225670301749,-73652581.9846
giving,-0.225602716442,-71809652.6409
at,-0.223648953025,-180702.406768
high,-0.222771607372,-8108769.109
apparently,-0.216377298943,-30514324.3289
further,-0.215846490346,-12580173.6342
sat,-0.210223684142,-3829069.19668
opinion,-0.208461256176,-59913076.6517
after,-0.208355551513,-1206023.60652
view,-0.201877931632,-25448261.8876
upper,-0.199404018475,-86431264.1208
powerful,-0.199072341668,-63839197.3963
meal,-0.198127226407,-22851795.8256
only,-0.198040049979,-1101674.58837
placed,-0.197729941892,-13594488.3287
wine,-0.197729701557,-21040937.163
wet,-0.192164891283,-51681840.9788
mrs.,-0.191549270873,-333456.435545
â€”,-0.189690531845,-22130.3277164
beautiful,-0.189387797571,-5679349.18962
journey,-0.186327783477,-20372583.7244
game,-0.186284436386,-22795674.7665
necessary,-0.182537248642,-18423958.7212
nice,-0.176908644855,-36062095.762
entirely,-0.175104863653,-36129274.1527
explained,-0.172959144949,-42598046.2012
wealth,-0.172551801173,-64516243.2418
month,-0.171407872413,-51820314.4826
occupied,-0.170493568377,-87528224.366
twice,-0.168370447894,-51242772.5952
eight,-0.165843741459,-44199403.2668
expressed,-0.164424598994,-120769317.541
stood,-0.164170550475,-2044483.46512
tells,-0.161910852942,-3318198.33535
play,-0.16138097629,-12278237.0842
arrived,-0.15897856462,-5537708.74544
accept,-0.158101392782,-79202894.6853
sank,-0.153846471444,-52371834.8444
greater,-0.153309126937,-59808118.0504
rapidly,-0.152214819413,-47600994.9318
bitter,-0.150983759722,-49639258.2439
voice,-0.148562832525,-1670021.90465
married,-0.147246661794,-14960194.8232
skin,-0.146576554139,-44107594.7744
forth,-0.145555321885,-7625998.46401
send,-0.144888375099,-23165735.2486
recovered,-0.144180208035,-82797599.9714
signs,-0.143467805629,-122513919.91
prepared,-0.143427775079,-26234023.2592
show,-0.143167502712,-11957828.9759
action,-0.143162319701,-19285608.1027
interesting,-0.142762176471,-16003098.51
fellow,-0.141962570887,-8319840.95881
passion,-0.14065404342,-18686706.1927
kill,-0.140175420885,-12097099.8944
ought,-0.13964644236,-11630202.6554
strike,-0.138735632357,-51703553.7836
stared,-0.138475088302,-40439980.6186
later,-0.137564852875,-9522149.70078
proper,-0.135446258207,-80361903.5761
generally,-0.13388010673,-36794900.9613
waiting,-0.133373039557,-18769031.3175
top,-0.132111107003,-12401134.0021
out,-0.131239438931,-222581.916624
had,-0.129935231809,-21183.7779333
make,-0.129357843389,-1857157.07837
laid,-0.129292019367,-14615664.8089
takes,-0.128916406273,-12880979.5961
fell,-0.128467071145,-5040595.62634
walls,-0.127313151346,-12267590.7047
foot,-0.126935277709,-13411103.4556
badly,-0.12578462395,-144664302.663
wise,-0.12533300606,-12721834.1961
listening,-0.124392765161,-71390355.4306
promised,-0.123320063132,-46001688.0665
plenty,-0.123306184394,-59552610.4088
suffering,-0.114896659402,-34116225.8579
hung,-0.114784350906,-25634839.374
burning,-0.113649089149,-37011458.0466
coming,-0.113279279627,-5364849.57446
path,-0.112133064196,-7450894.99798
proved,-0.108493958863,-37226025.8461
went,-0.106185729195,-281310.538542
lighted,-0.100390039929,-34117253.0192
back,-0.0980238058005,-639643.428239
gives,-0.0965598681014,-16785448.3907
unable,-0.0963118671069,-37745473.7835
here,-0.0961663085241,-415349.243868
arranged,-0.0947358838422,-51461663.4686
intention,-0.0935948081514,-57600290.3441
ten,-0.0906072406058,-7131833.15174
height,-0.0888394533414,-43909908.7819
receive,-0.0882938784844,-32309175.9857
everybody,-0.0879712774711,-22072506.0045
boy,-0.0858972222216,-831894.95789
question,-0.0841422783502,-3530090.25427
thinking,-0.0834843470985,-9151741.39943
cloth,-0.0827246054862,-123155.124267
different,-0.0803490432362,-4543112.49181
singing,-0.0799925253849,-4816979.39781
did,-0.0798395698247,-222632.003877
lines,-0.0772107605089,-14553941.8389
large,-0.0767854476781,-2387978.61905
god,-0.076448478948,-448125.460584
knocked,-0.0763925307891,-91505451.0626
word,-0.0763232525793,-2709607.4819
sweet,-0.0733513778656,-3248486.83564
inner,-0.0727839463687,-18131875.985
weather,-0.0719308087797,-10644728.8233
pretty,-0.0695699964058,-3898312.92675
sufficient,-0.0606371029417,-17031436.0024
consider,-0.060546834551,-29860980.0506
breath,-0.059915884352,-10214195.562
looked,-0.0544818138337,-315619.652993
see,-0.0534298634405,-213028.567347
sad,-0.0520768186535,-17435752.9768
straight,-0.049140548003,-4744616.30974
clean,-0.0444124173015,-14052309.9417
comfortable,-0.0437014865596,-16272191.6459
laughter,-0.0345006185688,-10880229.3726
joy,-0.033553851725,-1589067.46407
hope,-0.0330181051346,-1477424.1257
red,-0.031182225952,-1341584.08413
senses,-0.0310681865697,-10078906.2341
refused,-0.0277348323655,-12996856.5207
enough,-0.0238450504096,-430612.501868
various,-0.0237944361373,-5473965.78517
arrival,-0.0237031056528,-8551978.6689
narrow,-0.023512191361,-3458377.80444
yesterday,-0.0199617524622,-5826175.43565
coloured,-0.0192838042483,-6144103.25167
for,-0.0190017729089,-9926.53918965
share,-0.0166210218868,-10099099.9395
comes,-0.0151416055946,-803124.689785
shook,-0.0149710536241,-2007922.69003
lamp,-0.0140845148298,-1652959.47692
three,-0.0129892164496,-180562.222022
mention,-0.0124881331873,-8420973.39983
age,-0.0122918748579,-1458460.39625
year,-0.0107203282619,-455219.762123
although,-0.00495207591018,-432805.787925
try,-0.00487466940384,-516863.351525
rich,-0.000836705114062,-128917.545537
names,0.0045796666925,2267911.45503
carrying,0.00797308545124,3086459.05511
buried,0.00891376856781,3922993.08256
allow,0.0113487200987,4021878.67736
blind,0.0152964874352,6757924.3933
previous,0.0161168140574,5554285.61244
confess,0.0191794222798,9811088.83042
time,0.0225263893403,98928.249012
afternoon,0.0239792153402,2365577.95485
spent,0.0240843063091,6091730.20146
hair,0.0256176547124,1616072.88601
claim,0.0288342248793,13982951.9142
hers,0.0304874851579,7325215.50182
shone,0.0307662229867,9748131.20018
themselves,0.0325492897072,2765225.95266
trouble,0.0378295073391,3896362.84889
lifted,0.0397445094498,6571614.39566
coat,0.0430083894871,8652950.63598
wrote,0.0448354450301,8908758.49524
laugh,0.0452539132882,3230682.57162
couple,0.0498259138937,13523844.2558
throw,0.0525336331386,17099106.1391
blue,0.0526593843164,2130879.03316
considered,0.0531562781283,16844710.3758
imagine,0.0560430112046,27447760.5508
when,0.0602679948792,72048.5490727
bit,0.0660092326428,6587793.27202
whom,0.0668864511622,1091888.74222
page,0.0696338698123,12355354.8225
sacred,0.0704050304433,9199207.65947
breakfast,0.0735656254763,12339501.7266
raised,0.0739677986895,9319844.53585
occasion,0.0743412582428,16977368.4773
hold,0.0744256593814,11484410.0207
familiar,0.0745625101549,17603930.6227
doing,0.0770633686717,9167376.80204
touched,0.084126826947,14605935.1375
terrible,0.0858041205151,8251281.53723
position,0.0861027239477,6180534.86327
dared,0.0865198962614,44529986.6149
spite,0.0873584076011,22518571.7812
distance,0.0879367777666,14648522.3847
drop,0.089290045223,44523750.2776
pocket,0.0916400026739,17563740.3616
whether,0.0920259262084,4056273.72713
false,0.0955185433301,36463942.7222
much,0.0963104053466,964962.152277
always,0.101713303785,1605776.07535
empty,0.105360105906,24840200.7909
",",0.107528348125,752.192263824
air,0.10936529746,2619307.46083
grand,0.110852955402,16513938.1993
breaking,0.11307565178,80103618.9972
honest,0.115773974054,41402635.5494
dawn,0.119865844661,49155405.2694
will,0.120052149953,139557.196643
questions,0.121054732609,38129468.8717
frame,0.121440823303,43670492.062
wood,0.125077136216,8482833.18085
called,0.126179139587,3863520.40193
ends,0.126882509893,144107504.222
patience,0.128989048722,94006514.5593
that,0.130967739179,9108.82787521
woman,0.132705596585,730319.319367
boys,0.134304149956,4188238.43634
talking,0.137642864697,18651976.4281
voices,0.138003490928,23487918.8646
state,0.138422601905,6674923.43522
dress,0.140996216679,12041944.9307
rushed,0.141727917678,43959601.9551
reason,0.142945483521,10553267.7673
learn,0.150841557616,35820741.4558
wished,0.151776708688,24798145.8316
forty,0.154504709295,87892322.3932
himself,0.158307055257,709970.618155
brief,0.160820185911,44731104.9078
animal,0.16187742238,32260724.7199
:,0.162002690297,50435.2043302
every,0.162501216407,2646172.98304
?,0.16587562489,35618.1302234
opening,0.165878132516,11535567.9908
awful,0.17063073736,34374130.3031
week,0.170758713475,15487085.2492
growing,0.172604014629,56894670.2139
pure,0.173152496375,28953680.5492
sake,0.175340740927,42721632.3684
fall,0.177957883971,34678944.8216
painted,0.179575356507,85869634.1824
met,0.183050042364,17528281.502
morrow,0.183752936297,17648223.8808
conscience,0.185044243887,79227049.1137
continue,0.185315226656,155872995.668
pieces,0.18562333744,83064271.5593
storm,0.186171896793,34180964.0138
object,0.189628406592,24676272.663
effect,0.192259558026,19317397.4643
before,0.192274249597,1300694.15308
known,0.192361505417,11219109.9708
servant,0.192935970535,34854513.4681
hard,0.192952505272,10906062.3281
freedom,0.197617164439,112331685.941
belief,0.199120195193,73992068.3837
ways,0.199121194439,42659230.5371
seeing,0.19953814046,32330788.7929
danger,0.203905550478,30178646.2331
thought,0.206390593926,1889851.96359
settled,0.208764927047,86459885.0357
starting,0.208863421245,295900700.93
according,0.210460459176,98916786.6964
learned,0.212862466298,35736502.7783
either,0.216892367605,23653438.2906
saved,0.218223129017,77578158.2333
strength,0.21971562789,20902735.3118
pleasure,0.22608027145,24745483.1616
sky,0.227339483563,23103068.1881
ca,0.228681389363,6880903.13547
yourself,0.229230222787,18373321.7511
spoke,0.229698074886,6968638.0672
delightful,0.239485435967,60184204.1113
blessed,0.244117686383,71978246.8924
shaking,0.244492596904,144731241.501
lose,0.246547338046,87304352.3678
girl,0.246895253517,773627.719517
minutes,0.247990405265,26014252.7128
came,0.251654755916,864414.839889
served,0.254177895507,141785869.689
wide,0.254961718635,41775971.8231
till,0.256211169602,3115140.56485
understood,0.257481087646,55928689.3975
trust,0.257951023534,27012108.8573
happy,0.260731829831,13780237.0725
regret,0.262767020918,136266810.114
morning,0.26423652154,4309115.08009
circumstances,0.264766387891,45224529.4023
west,0.265231637741,16590358.0171
bread,0.266814967125,70366540.7764
missed,0.266945154758,338221947.602
highest,0.272452716632,91906459.5612
women,0.273151342805,9013015.90184
bright,0.276336697268,29348275.9912
stick,0.276632562747,75664807.5011
your,0.280543949474,334943.717003
figure,0.280725762355,12442461.5389
own,0.283611340511,1891354.84205
lead,0.295832640499,106309034.342
double,0.296828465597,78483433.2411
higher,0.297127928434,22356031.6427
bare,0.299609167755,112634392.095
afterwards,0.302360711442,41141574.0494
silent,0.304629727016,28722906.3783
early,0.304813728812,35704465.1099
forget,0.311963851668,69623085.1449
desired,0.312925496896,142332592.549
probably,0.313204337045,36100395.3768
faith,0.319372707134,21014748.8457
cross,0.319878315137,40536848.5214
help,0.320148541691,13716419.5824
enjoy,0.320824942698,254711132.903
personal,0.326336891623,80605663.1444
soft,0.326632523759,29939656.4386
business,0.336989857259,16230693.9008
lives,0.338126529347,46825249.181
without,0.338839477105,5616603.67044
startled,0.340038518408,158115649.39
indeed,0.343446919064,7124161.08629
habit,0.347180065171,145971448.013
seems,0.349932504833,30823078.67
grey,0.352804353043,42490880.4355
name,0.35386232458,11878058.5051
gets,0.354547456594,189946916.385
gradually,0.356023884635,163972859.609
end,0.358270332459,11664368.0822
visible,0.358907920267,87382347.8916
ready,0.359894435397,36875478.5144
begun,0.35999476299,150720873.654
beat,0.362832635972,104852240.445
number,0.364311264834,28733163.9111
somewhat,0.365385973163,39164020.2382
progress,0.369201040844,105407394.378
centre,0.371455633871,98553702.2937
edge,0.372564287077,50985229.9783
note,0.372920819891,49272842.139
sign,0.373717016478,75918340.8487
managed,0.374116147305,297282443.912
seriously,0.375930971559,293342837.63
carriage,0.376789943679,16557861.4885
well,0.376932916167,1967570.66024
heaven,0.377720942347,16112516.6874
law,0.380711175846,16599369.5385
other,0.382141223793,3187472.10099
measure,0.387384080407,313109132.091
french,0.389404595621,15443649.2132
real,0.390234544086,22765899.6093
throat,0.390770632188,102715144.744
crossed,0.390838622675,108490748.042
twelve,0.395394689933,206718716.284
period,0.396429859104,127261428.262
roof,0.39696126303,57020937.6025
feeling,0.407828356447,29048381.8541
draw,0.40892400701,306745842.064
perhaps,0.40925749917,8991226.91248
slightly,0.409499686433,114565574.087
dinner,0.415781239081,39411487.4752
lift,0.417055772495,436995291.308
apart,0.419116965433,257382092.864
determined,0.419214566829,141710775.676
speech,0.42079364102,87076432.5627
them,0.423668213497,422606.531091
best,0.427950741255,17462111.8655
sides,0.431872283609,220984060.445
details,0.436373566514,302230441.83
dying,0.445236019879,108441604.431
glass,0.446833759053,45229839.5364
gold,0.44793374958,19696730.929
bottom,0.448885427356,90252165.9865
third,0.452144124082,71315499.8175
thoroughly,0.456822099451,254717821.169
white,0.4615584098,5857606.87261
least,0.463931906684,18224780.0204
drank,0.464010296272,421966255.03
concerned,0.464178519409,251466809.264
present,0.464193443435,14947289.5996
liked,0.465312176433,94296277.004
yours,0.466799778658,130458069.416
rush,0.467293559001,304815249.156
also,0.467511951343,4484153.49654
windows,0.467664829306,65700364.0603
daily,0.469021714456,33509421.466
paused,0.469487323513,48590041.3706
happiness,0.469986640798,60064423.9532
opened,0.471872554896,44520603.1401
observed,0.474052936106,37255125.7861
remained,0.480671042722,47266203.5538
broad,0.4823488431,100195458.94
seeking,0.482876276167,343643718.978
legs,0.484446421796,134808812.627
events,0.48508238282,67119142.7473
asking,0.485191799845,216447188.565
loose,0.489931754117,297251703.978
expected,0.493884645775,96865735.4013
close,0.49839776258,34666585.3049
setting,0.500687904514,370054062.966
thus,0.501551644263,13884450.8075
though,0.503348413931,2063959.16255
caused,0.507384181118,101261197.666
pictures,0.514147265624,149550034.694
full,0.514705463995,14926490.0955
anywhere,0.516989221789,519776393.631
possessed,0.519264582194,117917775.23
faces,0.52176228946,83768198.0191
upon,0.524318894507,664941.577278
mercy,0.526049993913,186539296.304
between,0.526064643708,23370290.5072
fault,0.526305616802,351363946.868
more,0.526668950294,1637367.94194
a,0.527036632084,52762.786312
therefore,0.528135404529,31984220.6014
felt,0.529206689767,6508637.93009
you,0.530425781412,43560.9959635
earnest,0.532853754844,261550686.547
street,0.536092302663,9980585.5079
lover,0.536446707976,75043937.138
sure,0.53942625255,16502644.6022
solemn,0.540920930486,184972650.986
cast,0.545221050757,105048010.418
grow,0.546279539967,145928126.591
told,0.552958554266,4664866.51206
need,0.555306250349,58056644.7817
troubled,0.556730728336,283613627.455
despair,0.558369005969,233100372.713
sorry,0.558620773869,86681136.5639
round,0.562364191467,7895650.12552
mood,0.566239959889,200114258.748
cruel,0.569441499484,202958914.542
doubt,0.572458865966,38937051.366
during,0.574121318219,31450787.9433
seemed,0.576404101636,3860487.53811
table,0.577790078625,22219222.8402
wrong,0.578471570449,115989918.85
work,0.582445540586,7981448.66324
answered,0.585098720494,3505782.65471
feelings,0.58937514994,175489791.098
done,0.592603964963,16049721.8892
iron,0.593737245219,97139760.219
beyond,0.595541638434,26206531.3397
ease,0.602861286815,544003406.143
blood,0.606112351582,35160319.5154
appeal,0.606588156078,328864439.494
outside,0.609532522444,45392450.6913
tired,0.612355159147,79412764.2437
young,0.61464308115,2134652.47074
evening,0.618502974266,17710893.3056
fact,0.622693584702,17356623.0239
awoke,0.623010330624,268922088.224
stretched,0.623265055588,305770080.938
delicate,0.625465024895,138024857.919
moved,0.625954567214,42230311.374
afraid,0.629355427803,38521371.0642
hall,0.63013324714,22487463.8212
do,0.63106192863,508656.23186
consciousness,0.633217052586,14173416.859
fallen,0.635547393092,153001592.923
wore,0.638323793507,198157467.5
necessity,0.638846442105,410265860.072
give,0.641093784575,16948215.4756
beside,0.641138438617,33263815.0434
circle,0.643358339511,102778455.024
building,0.644585267232,173400917.759
thin,0.647201670288,132895724.706
taken,0.647623015116,32442090.5121
others,0.647852678273,29527030.8495
possible,0.652274040592,33457574.0762
else,0.653953041521,43392537.3491
simple,0.65410466229,154005556.105
husband,0.655405053385,16532623.6805
became,0.657328636026,26741223.6287
tried,0.657560809594,50251061.5641
pressed,0.658479804955,310939132.353
harm,0.662077298172,364722026.488
sorrow,0.663344355909,126767501.181
meet,0.664607853176,75774563.1838
due,0.665273851828,120332594.36
gift,0.66565500383,390285616.235
used,0.673365477842,47269666.5824
solid,0.674472827461,493765994.776
character,0.67586695632,42789770.4324
forgotten,0.6772844439,121385137.639
innocent,0.681763008128,361839539.022
feel,0.682396967002,27189126.9085
fortune,0.683379276212,72189534.4868
man,0.683720490117,893365.63114
stand,0.686268165772,105722090.028
shake,0.68783617022,725266487.394
parts,0.688303134245,523019214.713
pointed,0.688448878884,212736399.114
easily,0.690816862805,184366113.177
which,0.694642844604,166476.303655
talked,0.696732310051,98383427.1314
love,0.700606602443,2453358.38749
how,0.703299299286,4097788.4956
nature,0.703792330129,7747227.1081
notes,0.704098645376,103643836.959
recognised,0.711138172721,195215095.798
surprise,0.711195145032,199714926.029
changed,0.713011454988,233049817.787
nearer,0.714522851132,172749611.682
health,0.717546760644,191010707.909
has,0.720562987464,1214151.97532
midnight,0.721753787424,136026467.429
still,0.725923071223,6682932.26661
difficulty,0.735243561698,215047833.709
deeply,0.741946530028,331044003.918
chosen,0.742166614611,489336956.581
friends,0.746314914599,37958721.2667
door,0.748498480014,5546512.7636
worth,0.749317437186,169581651.262
ashamed,0.754386683124,607704422.36
eager,0.755977878969,43460194.6433
condition,0.758798569718,119203441.378
confusion,0.759645594496,550436737.437
bad,0.765051032849,54678838.2234
otherwise,0.76528761137,318201025.569
want,0.76587075459,11563709.3459
notice,0.766097529702,281868233.882
colour,0.768504988801,189779662.894
left,0.770095885706,17485475.674
rise,0.770815383576,278747958.093
school,0.77213004722,17139207.9447
whole,0.773254031338,27577643.2118
strong,0.775361391219,51927817.7659
mentioned,0.775594399082,290898112.612
standing,0.777175989724,91334446.023
because,0.777604229696,14227472.7881
these,0.786124118832,5245378.06862
heat,0.786426477422,295121749.333
everywhere,0.79189815536,353730520.42
than,0.792926271169,3847619.60333
master,0.7933755749,5665752.6562
whisper,0.793957151237,464453728.552
entrance,0.79452210914,242500664.87
possession,0.795893277954,227072639.66
together,0.797630419826,24428978.3179
fashion,0.799901803956,147878751.539
worst,0.802465808452,337183161.773
telling,0.808249000293,337295874.871
struggle,0.813880066398,291741607.149
lived,0.814167058011,22729813.0871
rising,0.816107704269,213084778.247
unless,0.816174601122,325598052.745
supposed,0.819840553674,227921794.576
bound,0.820106635139,101224308.511
often,0.821293832912,45894219.6682
wishes,0.822471697468,656349165.02
hidden,0.822941229276,204029216.871
never,0.822947668924,4354665.68266
heard,0.83012548415,11869225.5613
private,0.832715134947,229861996.013
late,0.8328956214,103151066.766
hands,0.834086592467,20502618.062
party,0.834740345696,59623336.7908
following,0.838206776483,71268768.7549
seen,0.838343623447,15596568.6308
attempt,0.841383402591,231275876.932
rule,0.842072638352,493460409.486
east,0.842290593404,51453866.797
laughed,0.84284422038,28546092.0248
none,0.843630106616,70783689.5491
keeping,0.848553858169,411153558.635
might,0.857107418204,5065724.37322
!,0.857323675157,75096.6345306
deeper,0.860067521952,393308832.452
words,0.861942719807,23591172.7076
features,0.862631082075,183876155.484
marry,0.866759977469,56576087.8926
younger,0.86899782235,206488366.761
use,0.870353587545,81902214.8931
expect,0.879446102849,227384336.229
great,0.879863871715,4038411.40451
possibly,0.88552383678,246062120.709
inclined,0.887929359173,545359029.059
chamber,0.890813156932,75785709.4081
rather,0.892094293926,15900904.6565
hate,0.895033648161,301318468.312
meant,0.897397162235,95398858.1246
born,0.897616393527,244213270.468
accustomed,0.899312852329,425023492.731
sort,0.901199168802,20968567.3882
picture,0.902460470583,68368438.094
sought,0.904339894108,156903031.59
produced,0.905306135396,346230775.521
lying,0.90670214132,79810478.8843
houses,0.909988052964,110419252.586
lady,0.917604172574,3877831.88292
wind,0.917910701963,23600292.3885
hear,0.919880854449,45533309.9736
moving,0.920990379337,398321415.78
trembling,0.925120670834,300740412.041
risen,0.925971523197,922836080.926
ever,0.926327193795,9942246.3221
conscious,0.92791018702,44072499.4835
everything,0.92806117416,43005936.3143
lovely,0.929309127341,145582746.745
i.,0.929864677691,107922036.293
serious,0.929971003765,269382901.356
keen,0.93213635534,110018880.461
person,0.932733665152,38409507.7261
so,0.933311617276,1074660.63058
years,0.935247694189,17790099.4139
be,0.935823810241,693444.643546
new,0.938948917163,10756570.3667
dangerous,0.939778749335,315108377.801
bell,0.940418088783,348823193.125
weak,0.942221196047,330360455.465
grew,0.944388971639,44391336.4596
paper,0.946281770115,35374460.354
drove,0.946780772565,350005297.7
dreadful,0.948533585592,137785551.263
mine,0.949512727974,43672517.3652
walking,0.951830443467,330945740.234
fears,0.953987418284,514477160.524
rang,0.955814228716,616196035.668
people,0.957410553284,2907067.81335
ran,0.958999478179,46267060.0196
direct,0.96117197565,698157875.908
worse,0.964212168094,206793249.807
my,0.967835789584,107852.778694
lonely,0.967965006234,315484372.061
case,0.974003249843,41979860.8775
remains,0.974221384914,645752356.699
.,0.974614706638,5279.13579744
ill,0.978735192227,90622040.2585
besides,0.979467477861,153453209.11
house,0.982820055157,4092631.79347
conversation,0.984095805512,181987263.295
tones,0.986251865856,703238585.206
value,0.986447406559,387143322.774
places,0.989355566533,185089805.138
body,0.992234349764,20638100.5728
nor,0.993802110673,19570099.5681
sometimes,0.995842692504,44488208.8501
hearing,0.996852492849,588523774.374
engaged,0.996933786502,179885564.519
scene,0.997916272341,200723177.45
calm,0.997989304695,180740707.044
loved,1.00681235387,36050322.386
shadow,1.0118252999,118310022.623
interested,1.01702942923,253307696.557
twenty,1.02018527522,149265293.7
moon,1.02183985419,131715729.703
helpless,1.02188673344,709068590.191
lightly,1.02297833425,546003394.194
entered,1.0257377219,54335466.0156
ancient,1.03036152655,164486039.283
neither,1.03369210565,136073394.682
pain,1.03398556446,73382999.7547
understanding,1.03532183692,699007072.272
peace,1.03742453716,126380156.443
gone,1.03983105462,44274883.9881
part,1.04150629056,51869433.614
expression,1.04236575547,95382284.8682
square,1.04266362785,154106333.705
disturbed,1.04516667684,1344643955.49
speak,1.04875539949,35951771.6518
moments,1.04968667122,266523199.782
follow,1.04991241251,170655633.639
written,1.05303955936,88588484.8509
accident,1.05519127934,550518834.206
book,1.05883716448,10503868.0297
instinct,1.05886280383,478413211.421
perfect,1.06025069534,116773712.692
distant,1.06044758125,354609530.367
cup,1.06601001103,461655876.982
unhappy,1.07398129885,546824636.24
persons,1.07410503908,178190906.246
utterly,1.07864087343,308641926.851
become,1.07881234911,83482134.7885
shining,1.08110702578,301637650.148
truth,1.0834725853,32523001.5952
playing,1.08855830747,571269371.805
beauty,1.08860880519,61244403.4344
relief,1.08903388925,427151424.526
winter,1.09081713721,157474248.882
#typetoken,1.09082079532,1617.80994826
vanished,1.09136974619,457851697.616
point,1.09430065146,70336737.8536
sit,1.09907340649,196524687.086
huge,1.09938055678,413409734.212
attitude,1.10403587901,345911973.837
mere,1.11417048803,71312767.0793
matter,1.11537571496,24617865.1409
city,1.11703895053,26757177.8644
future,1.11877860696,108401643.115
#arabicnumeral,1.11938440747,330368.742639
history,1.12176654631,85739036.0148
wear,1.12621679334,378464422.886
falling,1.12715739045,526839120.185
golden,1.12722799492,88289693.9732
instant,1.13431539027,62933239.8642
shall,1.13557307491,5646014.02972
box,1.13610469602,167368216.499
knowing,1.1407899862,263589651.318
clear,1.14391315031,79088700.0638
thousand,1.1454158368,88087057.175
passage,1.14593731489,105778545.544
pity,1.14618207871,234541312.08
almost,1.15084792341,25834023.142
sleeping,1.15506690382,488621199.079
through,1.15529460262,7101235.34382
merely,1.15759879258,112196798.017
somewhere,1.15803188168,219788483.165
knew,1.15842680802,10457714.0897
or,1.15953838492,1442735.59702
driven,1.16099317568,887872062.753
class,1.16762036597,242008159.837
wonderful,1.17262643554,191889318.46
any,1.17897798203,4055626.37432
considerable,1.18053554452,330926566.511
this,1.18114147143,723729.39135
way,1.18536595453,9927365.87775
happen,1.18584151926,412695484.494
unconscious,1.19750995888,164082979.116
aloud,1.20069034669,846828850.685
points,1.20123988548,1077452385.59
streets,1.20270211268,97368465.1716
key,1.20290812764,107477538.251
enter,1.20519900149,420332256.804
shock,1.20556892538,725086365.558
perfectly,1.20810320112,183888104.562
appeared,1.21139100209,52308810.4284
shape,1.21382639262,205071493.689
tale,1.21631290637,243904454.995
frightened,1.21707014472,395373896.769
above,1.2184590777,59708638.4722
sudden,1.21907358629,94907303.0525
except,1.22101015313,156260864.683
faded,1.22595680771,720521524.742
self,1.22788951052,64011287.7925
smiled,1.22890585536,82214768.4174
deal,1.22971183942,130349777.406
family,1.23929744362,62337949.5787
change,1.24593869385,147819741.375
beginning,1.24843347108,295348839.984
hour,1.25523115714,38504612.4623
sound,1.25599849745,46445973.7603
mistake,1.25704287945,537234457.12
dark,1.25765089836,44898747.0885
yellow,1.25892044999,192402687.749
meaning,1.26024373386,173705613.884
call,1.26237768856,90944048.9181
free,1.26762848953,159663482.367
calling,1.27196627598,588978083.398
control,1.27706431011,326061259.088
myself,1.2791089682,6944192.79615
knows,1.28097829992,187340811.049
knees,1.28723335453,368103331.721
living,1.28977424232,33845101.6072
vision,1.29366816189,80484752.5149
vague,1.29380785306,347510056.207
noticed,1.29501223011,220157369.5
desire,1.30045312857,165572414.243
middle,1.30052222394,394134644.434
given,1.30983351793,108471253.719
lies,1.31595102313,478013797.143
race,1.32126944884,105008801.276
taste,1.32641972031,531676216.986
price,1.32752247896,99502371.3675
complete,1.33184890052,333185577.056
nights,1.33372152542,961843276.276
experience,1.34168219321,88857310.2206
wild,1.3472044131,63614755.1291
steps,1.34935344139,135228444.615
alive,1.35071535056,466873473.613
pale,1.35110969147,132922844.244
break,1.35197958085,464280716.062
glory,1.35503720746,175150906.678
warning,1.35951309096,561050765.444
about,1.36680097173,4538940.34587
past,1.3679655055,70295331.1736
many,1.3680949104,12613381.1285
can,1.3734424921,7387164.51756
ring,1.37473547251,14570677.1198
secret,1.38147039533,43307484.3498
hardly,1.38596001884,83960975.5674
presence,1.39414652767,152679781.907
fond,1.39527584742,674775921.877
surface,1.39538501095,512266406.934
forced,1.40810183186,511756143.341
anything,1.41124649058,26833449.368
believe,1.41315418358,38086572.3885
sleep.,1.41366646003,1104933563.19
means,1.42121807999,139256413.554
wish,1.42481438007,58352222.7148
#monthoftheyear,1.4292053286,7405105.81358
mind,1.43128059796,17125684.3171
influence,1.43455183205,102193372.762
slept,1.43826666678,282844424.481
occurred,1.43990954905,168979632.882
begin,1.44139765406,691570242.381
able,1.4489766633,91884827.0018
surely,1.45167842279,150343829.181
black,1.45357313472,33397952.2087
excellent,1.4643809454,393779902.945
rough,1.46589215164,339351177.229
dreamed,1.47172442498,728019283.549
are,1.47190823783,1704126.87547
die,1.47211135422,119319611.36
mr.,1.47387543543,1198960.03263
brilliant,1.47431573803,259132011.517
foolish,1.47516174495,562790909.063
facts,1.47528907032,524516107.733
even,1.48300087832,10679161.6267
fail,1.48890931786,980332033.588
guide,1.49201769704,300282709.928
awake,1.49724811822,544481036.796
looking,1.5020633039,38397523.1036
language,1.50753612133,352439001.537
glow,1.51295057279,919076045.835
certain,1.51820625945,58777413.4456
fancy,1.52190233841,235429829.31
prove,1.52325652323,654870291.683
staring,1.52439230587,1142569367.36
second,1.52554235763,41307813.1652
surprised,1.52615013207,494973952.468
act,1.52949766826,253467052.053
english,1.53166828937,44174689.1976
some,1.53187021642,3584614.76261
speaking,1.53963061612,250969886.501
breathing,1.54528836913,1530288785.12
sufficiently,1.54697825667,1650196422.56
account,1.5475335954,221973061.661
within,1.55885523615,49796553.3787
suddenly,1.57235078014,43309953.3747
wonder,1.58758587724,133161448.621
becoming,1.5890195625,1464932836.58
curiosity,1.58962682244,735579849.45
story,1.59593559905,14484135.6141
lost,1.60695991964,153475333.425
mean,1.60872498467,39557055.9548
happened,1.61646405784,115965846.06
feared,1.62181335736,777470923.16
lights,1.62623665961,688347455.446
stars,1.62716021606,221128218.784
appear,1.62786842645,432819450.619
burned,1.63080772503,831546443.407
level,1.63839909948,740938353.035
same,1.64749602542,40681297.2257
played,1.65017296353,574786148.49
does,1.65048149642,43035766.8791
reality,1.6595470761,793217240.292
charm,1.66343140044,527535857.341
live,1.66652381833,68726830.1432
its,1.66767942325,5497909.35325
distinct,1.67403729206,1395394945.78
clearly,1.67485522556,494566515.805
doctor,1.67824503653,7939340.06007
yet,1.68256840984,6074051.25246
thrust,1.68501948961,488080769.029
last,1.68983138312,21459103.2683
hours,1.69079574286,138666057.259
know,1.69100841365,5569862.5072
place,1.69222511927,15384164.8866
impossible,1.69245219171,156589451.85
sitting,1.69733334319,122864612.902
certainly,1.70286477648,119681971.048
charming,1.70651380868,144498013.254
spoken,1.70692261331,265843506.252
shown,1.71154117471,897900239.726
far,1.71571549299,43321044.2726
but,1.71728632397,832320.18013
escape,1.72093996968,244959481.641
sounds,1.72735851755,1086513570.83
somehow,1.73355053,402319854.443
ordinary,1.73587230032,570205232.056
books,1.74236421591,190602246.775
no,1.74886111225,2862496.2391
not,1.76095825709,535678.184041
amount,1.76315633536,1046870966.08
very,1.77189499262,3461489.30613
matters,1.7945601073,451249630.863
am,1.80212949475,6346831.28125
human,1.80365565071,34224092.8723
manner,1.81263442773,99212650.7199
exercise,1.81951041913,1293359996.8
itself,1.82237697677,59416420.8442
society,1.82633742437,226941007.6
dream,1.83698434465,28982984.5973
cloud,1.84489659132,319952500.844
doors,1.85607902094,610409022.563
nine,1.85952710991,743454722.554
remarkable,1.86319594414,341470576.99
drawing,1.86876290502,386114142.324
cold,1.87136206707,93536483.4052
among,1.87358883439,49574087.4172
tell,1.87812014922,18818380.758
instance,1.88461150225,676755341.744
knowledge,1.89194761523,43813212.0485
rest,1.8985824317,165235446.959
rock,1.91130747525,64816282.7157
saw,1.91688077027,11891923.4017
found,1.91840936698,20772427.9068
sense,1.92206654863,74059560.623
world,1.9260007991,11891540.7169
explanation,1.9440225535,723187158.544
bed,1.95498821076,53950713.3613
one,1.9556146604,3409884.3184
kind,1.96196981555,48251659.7215
art,1.96521863151,42964392.5931
dull,1.97833817134,409622437.363
grave,1.98281875865,233960979.914
it,1.99406627352,234113.727477
write,1.99586148951,304191406.355
natural,1.99891950133,125088221.303
rooms,2.00375742206,346234645.742
rate,2.00400871986,296583756.441
course,2.00535681887,48505750.8745
original,2.00726613534,732216589.643
drive,2.00830659719,833847817.555
public,2.02064744239,389553189.19
thing,2.02625141075,19113395.34
those,2.03163650709,13783922.5124
remembered,2.03643884874,294421240.208
sleep,2.04501054357,160188940.797
weary,2.04779122234,744127615.995
once,2.04924768387,27367222.3666
remember,2.05315278233,118742538.66
i,2.05772298398,36354.6716536
me,2.0583633798,457643.992603
force,2.07941749847,203559099.879
social,2.08385629626,882143006.441
fear,2.08417279645,88212077.0565
admit,2.08446466321,925342148.902
unknown,2.08944186501,577959885.195
an,2.09084504106,4528731.00553
wandered,2.09425248884,1620790899.88
swept,2.09531213847,750788899.179
been,2.09691764248,3243413.53451
taught,2.10496178804,755952776.952
dead,2.10564485744,34943959.4124
explain,2.10571905194,547686090.717
mystery,2.11086133263,222281493.999
dim,2.12564372028,438903470.48
with,2.12614927192,496227.237625
altogether,2.13587361744,300965585.394
dreams,2.13824386157,344225983.156
particular,2.14770727093,393499481.05
room,2.14901833172,10527639.6994
servants,2.155797771,374913502.356
aware,2.1558237994,321552773.696
reading,2.16787994117,510230625.876
shut,2.16796779973,691206200.321
practice,2.17575944796,2244280009.12
memory,2.17695510307,294002032.397
think,2.17771553922,14821233.851
should,2.18235379253,10590027.4731
lest,2.18590431693,522840673.562
save,2.18824817217,159003449.216
earth,2.19030994292,53089259.4748
all,2.19526435131,2041125.41975
soul,2.20028291588,46766310.0078
in,2.20780920862,464548.684601
space,2.23004627102,238536434.707
is,2.2305679987,341158.235279
creature,2.23280388049,166625005.494
whatever,2.25065938341,264875526.83
silver,2.26146453323,216880880.042
being,2.26581966998,27926600.9567
striking,2.28353990344,1731741553.99
degree,2.2864678367,1286376377.87
worked,2.28849129343,1015745503.47
idea,2.30290174481,133610892.035
death,2.30912759456,31192780.9808
night,2.31032946922,16134230.0014
darkness,2.3383050507,127660612.065
study,2.3475908662,397102693.776
such,2.34827930858,17769141.8799
horrible,2.35016116623,585630467.893
died,2.3504987331,130835317.438
midst,2.35369152831,1128299740.61
naturally,2.35423138763,914729945.419
marked,2.36815019517,994931517.716
mysterious,2.37041973866,324243054.945
mad,2.3952278717,435142927.606
seem,2.40347948509,350770655.024
what,2.40975390899,2604599.40995
stranger,2.43266397795,127099311.932
stone,2.43416997421,152981718.008
writing,2.44539797907,407511725.22
faint,2.44856007222,451297099.979
most,2.45902451192,26554839.3721
form,2.46742533337,133910986.41
like,2.47322608852,6538239.07306
music,2.47807237387,202472550.555
broken,2.48993083526,303122119.526
evil,2.5276859557,55431007.6075
things,2.54482526793,27537796.3593
power,2.5468303622,53517251.3731
of,2.55771733221,85925.4132122
touch,2.61932586405,330641642.559
brain,2.62053167011,268544154.499
quite,2.62937949058,26140709.7746
suppose,2.63605510004,133843848.106
cannot,2.69608909976,52157332.2743
alone,2.7082857725,80771651.8264
existence,2.76570340208,250728377.86
devil,2.80411237574,397110799.863
imagination,2.80485434594,1008502785.75
was,2.84933051207,170485.842757
working,2.85384019675,1284441541.75
really,2.87328799879,64538723.5526
common,2.89888129273,252572683.408
something,2.90855949934,30909525.2435
must,2.92502272476,13849736.6107
light,3.02872112353,39463552.5853
horror,3.02953122861,492758798.854
absolutely,3.04467613591,1010743212.55
have,3.11608494539,1799979.96203
actually,3.11779530395,664396912.139
understand,3.1199140386,127984040.081
locked,3.15991341914,2118966245.49
curious,3.17850865348,291561037.021
spirit,3.2070924911,112950831.869
there,3.23448124713,2183255.24555
nothing,3.42888154288,35028574.496
distinctly,3.44993945744,1170572015.9
life,3.46474211637,7789888.21948
terror,3.46511361968,447212530.612
extraordinary,3.47305382781,526540590.08
impression,3.53880429373,618096228.296
powers,3.57223646935,902963272.433
strange,3.6140076726,90085948.1286
spirits,3.62360882731,944116785.276
