occasionally,-4.3467939522,-2449035771.14
occasional,-3.85489985997,-3119849457.06
delighted,-3.67409545991,-3562305827.15
affected,-3.5684229908,-2659620005.73
party,-3.55654386166,-178714178.256
too,-3.50841225357,-23179272.3748
generally,-3.50594477452,-594563603.041
bad,-3.4699566065,-261652275.595
husband,-3.2646793789,-46704280.7295
fortunate,-3.22799763717,-5212639493.11
him,-3.20141560934,-1194654.514
yours,-3.18459830149,-714641759.854
difficult,-3.17960232502,-845619746.539
severe,-3.16087707747,-4013997597.1
always,-3.15476827222,-44147735.9467
dinner,-3.14820247488,-222196287.061
spot,-3.13193317048,-197324044.152
however,-3.07929969666,-30887319.8712
home,-3.04064896215,-55957055.6357
scene,-3.03225820836,-425818623.327
never,-3.02844548617,-17138861.6821
dressed,-2.9965439884,-858712018.835
hers,-2.98210337757,-559942419.862
his,-2.96653742061,-229263.643648
belonged,-2.96649355288,-3475800102.21
shoulders,-2.94063506628,-664494779.862
months,-2.90091625851,-473136858.517
usual,-2.89412601799,-391926431.181
tender,-2.89395679355,-568834244.467
companion,-2.88368725943,-146048592.099
promise,-2.87648384112,-674886825.365
spend,-2.86999918749,-2917579715.12
care,-2.85742394525,-186203907.256
ladies,-2.84764407582,-212403266.757
opposite,-2.83031418278,-650718379.745
looking,-2.82926844123,-69425767.3428
#personalname,-2.82838921722,-70306.0877797
duties,-2.80010995073,-1579736925.5
trust,-2.78711564804,-387359397.077
carry,-2.78432903389,-663555101.775
shed,-2.78345016548,-735037983.992
cheek,-2.78278125907,-1071614085.25
deeply,-2.77425974925,-888895267.159
amusement,-2.77400704898,-3851031378.73
play,-2.76795747562,-167975865.009
wished,-2.76262710965,-328253196.52
often,-2.74168471545,-102072432.55
'll,-2.72480244064,-13170470.5513
child,-2.71705700829,-11064558.6926
amused,-2.713762835,-2245705799.91
give,-2.71334797505,-65165084.351
bye,-2.69454732084,-697757118.804
hat,-2.67884032616,-249841280.552
rocks,-2.67254652624,-289966995.681
sand,-2.67192735425,-74127761.5165
best,-2.65447821299,-126616156.836
lying,-2.65084956089,-335883000.568
married,-2.6244994561,-216745749.869
thank,-2.61872004744,-311121404.678
fat,-2.60882826633,-1391103742.23
closed,-2.59555671084,-301517940.024
careless,-2.5748861444,-3287587168.07
laying,-2.54780039589,-2684467388.79
inch,-2.54005648711,-1264474508.88
ears,-2.51954912477,-330094922.984
leaning,-2.51154103634,-2070101366.77
"no,",-2.49236388077,-242267445.609
name,-2.48393875142,-64671937.4896
nice,-2.47248532459,-510533537.054
fixed,-2.4526494105,-575572818.024
breaking,-2.44508465099,-2249158556.17
tied,-2.43725855111,-1010878819.78
slight,-2.42207678823,-579638348.689
dress,-2.41776206384,-258019287.923
seat,-2.41626393934,-431056715.12
take,-2.4023832804,-34832856.4995
treat,-2.39205125111,-3404775706.26
exclaimed,-2.38468381607,-62520197.7414
wife,-2.37639432388,-19596622.8192
ah,-2.37558771629,-18395334.9179
settled,-2.3705204701,-1509292435.01
cut,-2.33106145325,-210988404.699
intended,-2.31412488957,-543920654.943
six,-2.30596971418,-175216726.554
choice,-2.30510916495,-1650945838.28
manner,-2.29553803454,-158151580.901
money,-2.29102272431,-33756637.7292
waist,-2.28761111045,-1469562444.12
taste,-2.28242937367,-677430771.562
freedom,-2.26828561014,-1267456553.78
loved,-2.26408674613,-166027632.833
broke,-2.26377528837,-327520784.803
favourite,-2.25938459195,-651966182.296
custom,-2.24573563636,-2622537349.71
hoped,-2.23640490226,-1174060214.19
thinks,-2.22694443335,-818292881.749
frame,-2.21376116552,-2258816932.49
attached,-2.19355536795,-1779131114.69
marry,-2.18795699701,-128147020.49
tears,-2.17459963448,-185304222.178
cross,-2.16919545716,-535211470.491
assistance,-2.1665262492,-2593515880.55
warm,-2.16268801898,-327757839.505
*,-2.15616924437,-12987886.1481
equally,-2.15298392743,-1537241594.58
supper,-2.14959188442,-398072965.342
girl,-2.14178451339,-11144670.154
mistress,-2.13276545121,-48602561.1888
friendship,-2.12930719639,-2204442852.79
brother,-2.12821916258,-39362316.0477
who,-2.11888473098,-3330890.30765
quickly,-2.116624794,-78277991.0166
admiration,-2.11618505052,-1329909546.38
finished,-2.11312829544,-365003193.972
compared,-2.10043928307,-2879374325.66
beard,-2.09922353816,-446059771.112
eyes,-2.09708318274,-10989291.1752
tone,-2.09416588244,-115424393.268
consequence,-2.08120654291,-1662884153.57
cool,-2.07759959748,-760098712.125
mouth,-2.05509998492,-211979156.625
her,-2.04962024078,-80116.2129339
fortune,-2.04901346123,-527850206.503
suspicion,-2.0425531968,-1177132014.9
likely,-2.0415884824,-213901196.018
dog,-2.03975363346,-159657452.967
fault,-2.02888668746,-701831998.468
very,-2.02389175104,-5492003.30868
large,-2.00656889385,-110237098.641
dance,-2.0051224435,-249472330.154
round,-1.9859537731,-20818620.07
obtained,-1.98383110012,-1203780244.08
dare,-1.98376172282,-219519553.557
laugh,-1.97958360089,-287037106.459
affection,-1.97630390538,-376990379.596
o'clock,-1.97046250266,-159956668.775
humour,-1.96532009107,-648781564.58
habits,-1.96458349882,-1402280572.33
spite,-1.96200472061,-234944042.17
fly,-1.9567093374,-663961454.542
shaking,-1.95623768839,-1710112753.35
sharply,-1.95376273927,-553670081.06
spare,-1.94933579638,-1624413147.38
bank,-1.94927772919,-233064960.165
he,-1.94064461973,-84046.540424
watched,-1.93957675467,-309574913.504
late,-1.93142633685,-190493637.354
boat,-1.9305401021,-15722317.2636
skill,-1.92775662294,-2286136152.8
harm,-1.91769946022,-857846803.036
frequent,-1.91503470826,-996314385.119
delightful,-1.91189549574,-552998705.639
instantly,-1.91097188336,-213785950.357
cared,-1.90789051106,-2999747257.61
bitter,-1.90596411423,-976313110.492
scenes,-1.90469224623,-1219890042.62
wound,-1.88737828356,-872576246.233
waving,-1.88506482344,-2323284284.71
woman,-1.87346136535,-12732111.7926
full,-1.87210276692,-77705453.2871
shoes,-1.87208042709,-1260622235.46
old,-1.86974328717,-4341500.06957
faced,-1.86442157646,-518236377.547
boy,-1.85228083487,-28478496.6944
contained,-1.84763000301,-1444113350.2
brave,-1.84522996353,-678420918.637
whose,-1.84469713027,-88603198.8884
would,-1.83987738756,-1715228.12627
poor,-1.83259966571,-27763898.8345
charming,-1.82726499033,-410368664.189
arrival,-1.82546002741,-961862035.875
threw,-1.82219564703,-262192000.428
contrary,-1.81362701156,-950500129.87
captain,-1.81348188755,-3527575.50613
sometimes,-1.81324267913,-144419998.939
quick,-1.79338899691,-236659675.046
bitterly,-1.78935844808,-1164078683.97
keen,-1.78718615124,-372415948.977
mrs.,-1.78682045254,-3189316.94622
brown,-1.78481261398,-106355633.137
likes,-1.78348037151,-2000316585.79
pure,-1.77991108847,-695343320.137
herself,-1.77830850317,-15600852.4912
putting,-1.76706726959,-832197509.153
lady,-1.75875031606,-6893288.61222
she,-1.7579866565,-82459.2787725
queen,-1.75706351591,-76362224.7438
returned,-1.7530263566,-51653768.8565
table,-1.74999663754,-61100794.6983
sake,-1.74331763412,-470805162.85
settle,-1.73807416847,-2385897028.11
forgive,-1.73720127708,-267880253.168
pounds,-1.73628892569,-434393981.653
caused,-1.73602333416,-542511953.369
devoted,-1.73436960727,-1514890786.6
kitchen,-1.73269455475,-1187927497.05
finding,-1.7321309797,-969369040.69
broken,-1.72971059684,-206067306.293
buried,-1.72815818618,-1092800757.71
slightly,-1.72542576186,-878422967.116
why,-1.72250337566,-17629703.09
ring,-1.72220679954,-109328954.074
dangerous,-1.72092458709,-925353571.763
smile,-1.7207422175,-106239413.683
letters,-1.71917969797,-75591884.8296
whom,-1.71816456885,-37757911.2372
cause,-1.71734779477,-249629381.345
satisfaction,-1.71649763337,-640695636.0
carried,-1.71456214431,-218004042.768
mother,-1.71381340583,-3977995.28543
cried,-1.71052141092,-13116639.6376
grace,-1.71050516373,-67016874.4786
usually,-1.70465414019,-803641140.438
playing,-1.67725152738,-696143012.225
love,-1.67664317726,-6900047.32296
direct,-1.67639877072,-1655054877.06
gently,-1.67402112564,-493931854.479
checked,-1.66946580949,-1547707700.22
mounted,-1.66782543801,-1034085745.53
french,-1.6678139337,-45112114.6351
son,-1.66395896674,-27534584.6115
was,-1.6612219906,-89634.911184
manners,-1.65711418204,-764283661.53
contempt,-1.65674969754,-2016542872.12
stay,-1.65470883402,-144431724.141
rain,-1.65444579125,-159374504.339
front,-1.64982389944,-102340711.717
present,-1.64658969598,-75317138.282
accompanied,-1.64127717651,-1091889033.21
leaned,-1.64010927185,-564400877.19
added,-1.63912623903,-30562911.8265
kept,-1.63123726575,-43387714.9513
dared,-1.62565819758,-1137217535.05
flew,-1.62462400106,-1660355250.72
alone,-1.61811507744,-105839462.016
lips,-1.61342550035,-88983556.6533
safely,-1.61246274506,-1846622668.42
game,-1.60845178893,-53801849.4446
fears,-1.60235875711,-1140246785.06
intention,-1.59874833895,-682086334.612
wish,-1.5928440067,-66962233.8707
door,-1.5829279471,-11117272.1824
giving,-1.58166781325,-492888356.003
sharp,-1.57835857788,-214645223.888
yourself,-1.5760342372,-89311443.7569
fellow,-1.57449571288,-67813940.3357
mixed,-1.57040402377,-1040457788.01
says,-1.56917909932,-1975509.93063
immediately,-1.5685915043,-149832946.359
relations,-1.56499651972,-795715196.843
thin,-1.55957514196,-299200198.208
respect,-1.55955325812,-508460440.631
thick,-1.55864361825,-227508208.986
boys,-1.55527402517,-139282400.046
loving,-1.55488647328,-977640742.06
figures,-1.55412548194,-341990689.074
lose,-1.55359175442,-992026376.844
ball,-1.55009318043,-70458938.5055
crying,-1.54391050589,-505186778.351
knows,-1.5428757264,-176383062.098
takes,-1.53862541078,-139739742.345
rose,-1.53525428929,-7749411.4951
wants,-1.53497297055,-445067028.211
two,-1.53426236966,-5147017.00934
eagerly,-1.5317925813,-693823021.325
duty,-1.52905537434,-87215240.4905
sighed,-1.5277992103,-661029509.322
required,-1.52504344869,-477661400.002
gentleman,-1.5218582604,-74746321.8676
stands,-1.52122240853,-324596088.358
dignity,-1.52024908798,-965974621.323
ten,-1.50944253496,-51451662.7046
burning,-1.50847436342,-238204374.562
garden,-1.50665409964,-59474962.043
murder,-1.50654466194,-950392890.336
window,-1.50513593831,-43318236.4483
breakfast,-1.50333834022,-270624273.943
face,-1.50318868747,-6790743.9364
want,-1.49991757938,-23415618.0474
group,-1.49495401329,-242229368.619
service,-1.49396938207,-167667959.513
you,-1.49353848793,-71357.1886488
southern,-1.49352583855,-1299150264.31
plan,-1.49294805899,-357843770.901
murmured,-1.48787349234,-246730224.079
numerous,-1.4876946165,-165082321.429
liberty,-1.48759482152,-843810683.477
deep,-1.48746558629,-57286387.9872
selected,-1.48584283492,-795094626.605
utter,-1.48378584892,-833204200.579
brow,-1.48093852263,-608820960.443
advantage,-1.47983381558,-627078360.208
clever,-1.4774361689,-214834742.717
low,-1.47684635491,-126489127.133
father,-1.47614539184,-4277099.79415
possibly,-1.4713221564,-377095281.374
pocket,-1.46554437234,-233429681.367
himself,-1.46412983883,-7142157.03368
clasped,-1.46193206927,-1405007409.94
everything,-1.45870213731,-55363368.8199
chill,-1.45177091523,-1715880024.33
elsewhere,-1.44578086812,-1622639676.7
carriage,-1.44412675058,-161934438.179
rang,-1.43813818678,-919049038.658
felt,-1.42929824752,-23388346.5822
one,-1.42509613215,-3082510.30054
secure,-1.42043811461,-842167082.561
excellent,-1.41750568598,-679586314.749
god,-1.41704513569,-16117649.3744
alike,-1.41584878217,-1249275412.53
affairs,-1.4139419628,-450320518.876
four,-1.41363217598,-39270482.7599
lies,-1.41289742148,-1086672607.91
season,-1.4106414264,-460234426.947
range,-1.40801307383,-827110716.708
off,-1.40748020708,-17423696.5492
lover,-1.40668768769,-344212153.608
household,-1.40542931087,-506544128.479
ing,-1.40539074835,-82190237.1025
determined,-1.39932751662,-342681924.493
flower,-1.39484151245,-266349621.501
de,-1.39350048615,-5228037.51838
contents,-1.38949365767,-909364451.568
comes,-1.38915861796,-40000449.1971
lighted,-1.38555428011,-868066764.469
visitor,-1.38412624403,-604148117.041
obliged,-1.38352036624,-767480817.808
prevent,-1.38160335716,-631579985.632
highest,-1.37868384026,-558297670.157
quiet,-1.37838910098,-153632511.611
solemn,-1.37809810127,-1075012463.73
appearance,-1.37138692726,-160269283.246
servant,-1.36842971615,-102872949.247
formed,-1.36824826476,-529149128.895
wearing,-1.36545478236,-550697604.627
heavily,-1.36242966923,-683957044.196
awakened,-1.35968999186,-1390407014.11
camp,-1.3556817971,-49375897.836
younger,-1.35435099742,-596077183.322
firm,-1.35140020275,-744589860.948
#pctcapitalized,-1.35123582142,-0.256593370518
lie,-1.34996011735,-311684080.197
only,-1.34651036314,-6206494.2488
tight,-1.33857957375,-923350977.43
avoid,-1.32871054774,-1552429363.95
dragged,-1.32791868031,-721324729.447
turns,-1.32574194312,-184727851.793
joined,-1.32228741277,-679220477.897
",",-1.32091420374,-7257.19985432
plate,-1.318178601,-871695403.005
dear,-1.31774147551,-7977118.62987
star,-1.31762988557,-180309165.261
honest,-1.31553034929,-921204986.312
wooden,-1.31531647222,-841744310.862
just,-1.31462319506,-6404545.58101
island,-1.31135016243,-26019488.8111
rare,-1.30861360503,-456174218.602
travelling,-1.30439191439,-1873115624.73
song,-1.30107028455,-430436186.871
lifting,-1.29753234823,-1136971877.99
observe,-1.29545692288,-1276298582.0
soon,-1.29511534955,-21673264.6284
please,-1.29150069375,-97888724.5517
gun,-1.28476870472,-46100899.9669
own,-1.28135423371,-8832116.29919
holding,-1.27975055785,-322953775.964
easy,-1.27757489885,-77713613.6741
particular,-1.27348703392,-234073576.376
count,-1.27285066915,-310636772.151
emotion,-1.27204539663,-411131284.012
separated,-1.27048617476,-2406849017.53
direction,-1.26979530615,-72569143.7795
young,-1.2657647277,-4580750.26505
mercy,-1.26530719644,-560413975.467
poured,-1.26361840613,-1002791855.92
eight,-1.26213385685,-168210506.169
gives,-1.25786568331,-205154518.951
uttered,-1.25672181863,-770944751.404
delight,-1.25641783471,-581935363.835
liked,-1.2553242949,-167843514.191
"""""""""",-1.25448191972,-5139.95055679
pass,-1.25428613603,-198930069.055
shot,-1.25230673103,-12039716.5826
pull,-1.25144220108,-802691676.28
post,-1.24851418557,-2813748.1292
acting,-1.24829237742,-1049749758.99
washed,-1.24495930729,-1524232338.81
luck,-1.23475370937,-150015954.339
banks,-1.22665734172,-382084806.096
kill,-1.22229203509,-189229376.79
small,-1.21735917779,-44241187.9779
charge,-1.21732069742,-559090336.122
deeper,-1.21418509931,-1100335357.79
are,-1.21126682859,-1145565.40126
tired,-1.21118687707,-297362621.975
passed,-1.21045251352,-40428990.5732
servants,-1.20689505125,-214305497.605
shore,-1.20612177227,-14627082.9401
alarm,-1.20582083843,-847380836.183
weight,-1.20483416022,-396367906.964
covered,-1.20435981067,-170208082.61
daughter,-1.20206322066,-33683492.9984
interested,-1.20112485208,-402111735.731
conscience,-1.19579495141,-733653618.736
half,-1.186614122,-17441670.7575
cloth,-1.18630030204,-764192.797297
judge,-1.18156273514,-75787393.6632
horses,-1.17812121774,-66549308.8875
bound,-1.1778034639,-137648675.909
pair,-1.17741168374,-370595639.709
scarcely,-1.1724414666,-88853611.7366
smiling,-1.17011916167,-122839769.224
dry,-1.16974321506,-50595007.9156
;,-1.16486531874,-49320.0592534
opening,-1.16395974765,-230912460.611
room,-1.16356501262,-5826455.69602
walk,-1.15964500505,-171267406.841
come,-1.15909485584,-2690714.05312
angry,-1.15860855503,-218379661.099
plenty,-1.15303366099,-101423004.872
store,-1.14904464015,-205814293.272
reflection,-1.14612494488,-631886755.42
desired,-1.14238812728,-619370377.514
oh,-1.13963033998,-3620226.41663
early,-1.13592837774,-117530205.052
crown,-1.13298874306,-1330592.03064
north,-1.12817120255,-65993956.3416
struggling,-1.12341452177,-1001013500.47
careful,-1.11927661327,-570102104.057
exactly,-1.11590301708,-220337369.02
fancy,-1.11472926666,-153796505.032
fond,-1.11430901786,-411967241.375
crept,-1.1103265767,-493976055.278
st,-1.10262629187,-65311253.8216
mr.,-1.10214209353,-606675.233979
refuse,-1.10103007144,-804833670.728
've,-1.10078845813,-6174399.30975
concluded,-1.09257583522,-446686576.094
hard,-1.0910418638,-47917660.7642
spent,-1.08735293028,-294116710.626
facing,-1.0872509184,-1931529451.78
trembled,-1.07981104805,-1208528874.07
calls,-1.07936693243,-397767164.657
cheeks,-1.07915468021,-397493482.782
evening,-1.07911882705,-30921068.9866
hearts,-1.07251728112,-304440550.088
different,-1.07019310804,-81148349.608
walked,-1.06356908176,-85431918.985
return,-1.05868796618,-91253393.4288
ordered,-1.05836616492,-458729312.071
voices,-1.05796541759,-164643122.315
coming,-1.05435394061,-50763536.153
cannot,-1.05237838116,-32843358.3646
bending,-1.04815680288,-1484874611.84
line,-1.04462222766,-11401484.7179
grant,-1.03932335208,-5186938.92353
utterly,-1.03853092293,-489367435.795
laughter,-1.03809310718,-412880015.328
chance,-1.03803877754,-74825965.0525
doing,-1.03680979588,-97154955.0256
blue,-1.03220215326,-57747136.3166
weakness,-1.02970207143,-537099411.612
dogs,-1.02802941252,-296837821.568
did,-1.02757796895,-1852650.45626
understanding,-1.02175740433,-765183538.703
hardly,-1.01792597062,-61954983.5758
.,-1.01663577776,-5899.46695766
where,-1.01610196164,-10185812.4588
raising,-1.0150811637,-1121460029.32
struck,-1.01427201006,-86007620.7796
instead,-1.01023885214,-235841502.672
suddenly,-1.00952485453,-17156621.226
earnest,-1.00899100087,-976787211.905
slipped,-1.0071142111,-320911628.235
upon,-0.999378552456,-927875.821629
task,-0.99880314997,-330961364.661
knew,-0.995944590273,-14824966.1161
not,-0.995279650984,-327746.196967
job,-0.992777724476,-120999328.992
secret,-0.988569436121,-92431586.1941
regard,-0.984668397264,-80597609.3383
killed,-0.974002419248,-107724542.412
horse,-0.971739258187,-20973900.1422
terrible,-0.971355848294,-94416394.9252
pictures,-0.971271582155,-222164653.8
born,-0.967601576684,-475924676.309
gets,-0.962710532284,-24848032.6467
?,-0.96152464509,-167770.515082
fighting,-0.961424787081,-135783787.774
style,-0.959872941796,-361615631.354
ride,-0.959114152578,-162259937.069
bearing,-0.952067780522,-518549601.305
difficulty,-0.948060508955,-318196478.836
wrote,-0.945098333442,-148378505.564
quite,-0.944332164709,-10759705.5748
sea,-0.943865874724,-7615423.01161
goes,-0.943399494451,-14546196.9813
had,-0.94210106714,-150618.755798
marked,-0.941861571015,-536352521.654
recent,-0.939494810132,-1113131159.28
murmur,-0.938454544494,-513531701.17
value,-0.936345443689,-667874406.937
gentlemen,-0.935865674813,-134104643.18
#romannumeral,-0.934015234272,-11575477.9474
nose,-0.933675256033,-301722101.388
some,-0.932965310895,-2693028.88028
occasion,-0.931889400621,-184868475.522
weak,-0.931738610014,-422657725.534
proper,-0.930461757503,-331878197.414
chair,-0.928578502718,-53702492.4199
holy,-0.928384745278,-131889466.098
carrying,-0.92739069128,-448498928.581
heart,-0.919353700335,-7199854.01606
couple,-0.914444793154,-64898220.7872
wounded,-0.913617961906,-232427750.838
bottom,-0.909535423653,-152156128.516
silence,-0.909420822194,-37021557.9136
makes,-0.908870119509,-46310688.8452
provided,-0.905378784975,-540603181.579
plainly,-0.905276145052,-351349453.71
works,-0.902431866961,-9398952.28347
remarks,-0.899832163516,-622134963.334
rendered,-0.898012422217,-1261542168.42
bridge,-0.896987621667,-39184030.38
honour,-0.895757181801,-118283955.796
conversation,-0.89470518567,-183183668.208
dark,-0.894559838185,-30141520.5093
attend,-0.891729248683,-737376497.725
wrong,-0.890298903371,-113419751.301
apparently,-0.888966005343,-183700350.08
/,-0.888411669015,-64535981.3521
personal,-0.884165768911,-171730696.503
foreign,-0.883960686727,-309184011.884
rooms,-0.883272418513,-197011380.382
chances,-0.882533649083,-731459262.875
purpose,-0.879064536606,-88070951.8524
sees,-0.876914262371,-117011484.773
stern,-0.876851458122,-223489814.703
been,-0.876594455907,-1363254.66076
precious,-0.87644104804,-778624921.551
should,-0.871553318179,-4823086.72006
gave,-0.871171618989,-30606921.9553
mention,-0.868632428938,-590276939.708
beautiful,-0.867669373529,-23514709.8884
moment,-0.86512849655,-6534741.21882
sitting,-0.864318920288,-81733173.0347
dancing,-0.864176552868,-263679758.171
fast,-0.862803338271,-213044335.461
meet,-0.861788060317,-70977018.012
lived,-0.861307069252,-168424021.198
much,-0.861102126895,-5722230.23338
drive,-0.861020126923,-169870463.82
pleased,-0.860039823786,-310639290.895
retired,-0.860029729608,-427961352.763
fight,-0.858935631741,-63419152.9665
bar,-0.858436372757,-75827450.5504
therefore,-0.856128082148,-39154652.3375
venture,-0.855118226772,-637428502.316
stick,-0.853983052151,-219241937.125
leaving,-0.853750440977,-209389584.057
children,-0.849186820795,-4120690.81305
bringing,-0.848873738126,-911482475.628
gleam,-0.848564173172,-732328900.258
drawing,-0.847772167557,-188157661.972
sure,-0.846409822515,-24822784.409
seated,-0.844475460948,-191139641.303
flushed,-0.839291544654,-414120824.966
board,-0.838574452366,-10623478.7087
handsome,-0.836665660032,-267619020.915
assured,-0.835413682546,-656751691.637
burn,-0.83333618685,-218011863.507
hour,-0.833240557278,-47534636.9007
mad,-0.828517865922,-72126465.2151
lesson,-0.825845238019,-971378728.469
nerves,-0.825390843626,-347524536.107
especially,-0.825156597474,-132417948.859
filled,-0.824825145234,-153672111.122
each,-0.824103015308,-2302374.77875
girls,-0.822750913141,-78295290.2717
throat,-0.818319527729,-325560591.538
fill,-0.818100512326,-992835388.847
notes,-0.818041063212,-69889136.2031
unexpected,-0.817523751215,-889429779.31
silently,-0.816034263256,-426505612.556
innocent,-0.815553536984,-356525468.788
beg,-0.812682995905,-262118677.496
hang,-0.812667670486,-572628822.533
mistake,-0.809975738091,-463139713.034
softly,-0.809185075894,-187612226.827
go,-0.809003361647,-2795250.89024
does,-0.806999737839,-12029902.7673
danger,-0.806223150966,-117986327.572
eye,-0.804512603476,-32292186.1574
depths,-0.803711651796,-510297454.844
's,-0.799291482563,-121615.826311
somebody,-0.798154446836,-147919487.452
apparent,-0.796964001951,-222886958.867
rise,-0.796731227878,-268934646.806
grave,-0.796653033302,-221405901.303
character,-0.796370134655,-101106054.544
an,-0.794455284613,-74942.3354256
gravely,-0.793396088387,-340252595.142
sigh,-0.789892170138,-240422693.371
habit,-0.788800937579,-330435013.331
instant,-0.788179872448,-43542170.5632
at,-0.78785745715,-671598.7878
lost,-0.787424496907,-58911524.4131
served,-0.787082530906,-309742836.539
chief,-0.785574305303,-85537616.8452
instinct,-0.783903067664,-381204074.855
match,-0.783638493159,-192182941.559
constant,-0.781946398001,-854919676.837
regular,-0.781406791,-246790474.545
given,-0.78038239913,-51309187.5363
'd,-0.7798649836,-14033881.0237
good,-0.778384098873,-2419577.04768
fire,-0.778245040646,-12339568.3038
supposed,-0.774433963949,-258728979.544
stories,-0.771623680228,-25312163.4926
pick,-0.770925726147,-384078514.147
e,-0.765981052504,-272549270.807
managed,-0.76477349594,-391803279.035
sent,-0.764763387232,-34947745.4652
violently,-0.762174458547,-522561178.442
right,-0.760828301509,-4551916.00323
charm,-0.760414116044,-471648973.48
older,-0.757607857105,-525580267.181
hands,-0.755873945524,-14708319.5535
attention,-0.753614257682,-96615654.7053
easily,-0.747028170805,-169524701.619
'm,-0.746843450763,-5450506.90137
hush,-0.745979842421,-477181169.393
piece,-0.745764419524,-95622104.8379
escaped,-0.744803001269,-294131501.136
orders,-0.738550383084,-37139430.2293
closing,-0.733096373719,-965468642.985
blind,-0.727809927094,-243192992.461
enjoy,-0.727412814432,-627493011.938
long,-0.718814558812,-5569893.80149
touched,-0.718785622174,-165131786.331
grass,-0.715720330847,-18799304.7748
family,-0.714679162594,-51950349.7625
row,-0.71261797907,-392014200.485
hills,-0.711839723593,-126105917.195
description,-0.71008842406,-566828937.002
happiness,-0.707172065433,-75169338.8995
twice,-0.707005342558,-275720667.002
completed,-0.701997563532,-868193611.807
marriage,-0.701379701933,-52004063.9741
safety,-0.70043757442,-224532510.626
being,-0.700363345439,-9859335.40256
heavy,-0.699709396984,-65342685.6539
gradually,-0.698101489392,-125317756.082
countenance,-0.697973151769,-334064966.909
difference,-0.696495171129,-238161452.633
better,-0.696002239241,-20822132.1829
evidently,-0.695316731994,-71891339.4479
paid,-0.694256020751,-179282890.277
coloured,-0.694137770522,-172157703.062
weather,-0.692698271171,-80353386.1492
birds,-0.690305044556,-25975279.5478
're,-0.68788561429,-7794353.35333
leaves,-0.687294363169,-107685470.481
guess,-0.684976069545,-13368971.0549
assure,-0.68449951944,-746713193.585
overcome,-0.68433750207,-349037444.018
meant,-0.68280521951,-115286255.757
career,-0.681044989152,-472572743.66
your,-0.672565098329,-658990.142167
meal,-0.672238181008,-298568358.609
guests,-0.666250460657,-287505643.464
speaks,-0.662630145956,-760038597.04
observation,-0.661709652101,-556272406.304
arranged,-0.661013389289,-503613701.501
bowed,-0.659948547186,-213137045.871
stronger,-0.656223739266,-636069037.31
method,-0.654683069597,-282556438.301
excited,-0.652814728312,-210854201.773
carefully,-0.650769810791,-131314342.782
magnificent,-0.648037090134,-474886673.114
beat,-0.646977632091,-94909541.7447
known,-0.646943782835,-44535436.3028
thinking,-0.645964872256,-50449109.7414
bit,-0.640438140913,-41955377.1654
nearly,-0.639645464899,-48844628.733
bird,-0.639271340885,-14188648.7053
few,-0.634698005796,-8305247.96167
fearful,-0.633922747086,-746696855.434
former,-0.630955124233,-139845918.76
throw,-0.630252189953,-388117268.033
river,-0.628060274304,-12537937.9604
man,-0.626216276377,-760088.205915
high,-0.625858380212,-23091230.3496
sufficient,-0.625015285775,-221748702.667
drink,-0.623141702803,-46211201.3194
besides,-0.622867878304,-101340944.399
acquaintance,-0.622655290709,-456952960.689
ship,-0.622358033695,-3707011.0005
hair,-0.621150351771,-41272071.9889
benefit,-0.621088962537,-896214535.51
such,-0.620601050062,-2833362.06992
nonsense,-0.619774473614,-415517004.022
rolling,-0.615749619984,-332654831.518
circumstances,-0.615259076321,-64428203.4467
accustomed,-0.613708715425,-331292351.149
is,-0.609230385499,-117489.180562
animal,-0.609099555338,-195870861.218
tells,-0.607823985989,-190209646.827
master,-0.606521136801,-3506421.0597
troubles,-0.599537127896,-368593471.146
struggle,-0.599041587708,-100402140.041
true,-0.598376586666,-30460833.4722
yes,-0.597196161889,-2907726.61585
teeth,-0.595907652211,-204834806.716
deal,-0.595735242161,-55501636.7202
abroad,-0.594964772419,-446704021.289
cat,-0.593575936887,-24643243.7826
important,-0.593365035658,-148835217.295
as,-0.593094298978,-183309.281463
calm,-0.591552943683,-127094663.123
assumed,-0.590951234398,-600973862.356
twelve,-0.580987132813,-246109683.619
visited,-0.576751389052,-601693189.391
taught,-0.576382282089,-233302168.732
blank,-0.575006084396,-602140675.902
private,-0.573240132091,-86156562.6616
wet,-0.572613322202,-144075786.965
freely,-0.571426138576,-634099350.427
turning,-0.565175281047,-86229991.209
court,-0.5650028465,-22349278.4801
dying,-0.564503164634,-179078704.903
join,-0.561076950549,-363776881.216
almost,-0.559095023433,-9577674.88915
',-0.556392737258,-14958.5484528
head,-0.555659080058,-7496293.47123
throwing,-0.553691683047,-384406707.413
t,-0.553109417725,-421949.826899
voice,-0.552622844328,-8958212.34653
fairly,-0.552225649822,-160745804.139
doubtless,-0.551863592907,-146322411.908
glancing,-0.550921255906,-395038932.961
length,-0.550176292652,-29492726.1011
western,-0.548539032836,-386078047.489
wandering,-0.546794372792,-426499673.936
distance,-0.543829935847,-67241639.6174
sentence,-0.54237710968,-437905487.25
regret,-0.540975371254,-252348079.841
nine,-0.540548000651,-186612294.718
arrived,-0.532545629527,-90735330.2675
trouble,-0.5290418406,-75126223.5236
done,-0.528873236221,-8087602.34705
rude,-0.527852546033,-544688892.984
fine,-0.52714734579,-46863593.8662
dropping,-0.522805351775,-1040532354.82
am,-0.522230159463,-1467221.92979
passion,-0.517139975091,-78304058.9994
midst,-0.516682690132,-408400989.589
information,-0.516107636042,-58099388.4972
triumph,-0.515767117926,-361283561.512
open,-0.511462930084,-33706681.3117
silver,-0.511161134993,-8244561.53473
finish,-0.510525327572,-586757476.622
thoroughly,-0.507439570065,-275680121.351
showing,-0.506789104695,-310667571.563
tones,-0.505449894575,-216170194.164
confidence,-0.503810792421,-120251594.498
brief,-0.502810736551,-97374554.7961
let,-0.501219298972,-5111452.30227
ear,-0.499465238232,-140647879.57
having,-0.499417503224,-14314357.7855
cruel,-0.497337830608,-96596014.6351
intelligence,-0.495232535099,-171490713.161
kind,-0.493999942523,-10367596.0726
reasons,-0.492347745273,-165607052.061
kiss,-0.489935760101,-155385417.198
calling,-0.488405523288,-434856549.384
nearest,-0.488015448462,-258387304.959
weeping,-0.487242923987,-280249210.564
pointing,-0.486933598376,-234420877.096
looked,-0.486839740773,-2543979.23081
path,-0.48572102272,-41821228.5656
like,-0.483651964711,-1368541.36149
youth,-0.478433869869,-57319717.5899
seeing,-0.477553877172,-76747862.6992
business,-0.477447569606,-20282508.172
anxious,-0.477243473537,-135440638.308
played,-0.475987562234,-219200743.737
response,-0.473741171737,-548534008.462
papers,-0.473629525136,-59556999.0577
stretch,-0.472825191552,-293397742.029
entering,-0.47141138676,-384904729.642
eating,-0.470133513385,-213702516.333
seven,-0.46552333289,-117986551.389
up,-0.46322611814,-405206.515309
strong,-0.462521573252,-25661334.4743
waiting,-0.460963591325,-52527549.2236
rising,-0.459549158469,-123279903.356
saved,-0.459263630863,-233302118.008
wanted,-0.458452889286,-38779392.8668
eastern,-0.45812017031,-443616463.591
received,-0.457885399386,-44554253.9684
understood,-0.457762056635,-88169446.4567
glass,-0.456806795662,-27927036.604
cheerful,-0.454832544215,-523547564.7
satisfy,-0.45154033696,-1043019554.82
picture,-0.447677247857,-69930978.0968
less,-0.446845674489,-24904221.7011
by,-0.446789206998,-76801.9016434
unpleasant,-0.445078662502,-586169420.035
intense,-0.443768807827,-247624775.304
foolish,-0.443638282256,-169411733.788
news,-0.443126541722,-24286120.9506
gaze,-0.442870258313,-122792383.177
swung,-0.442347126447,-149477259.751
greeted,-0.43700054712,-539431092.029
fatal,-0.43693348406,-392013205.141
hurry,-0.434867915043,-293749640.274
possessed,-0.43475467711,-87101159.0766
them,-0.432832665184,-412815.038679
stupid,-0.432483379457,-335881856.798
has,-0.430747327597,-1149946.5952
little,-0.430704239008,-737805.441974
another,-0.423628007124,-10882605.8946
clean,-0.423181446646,-160313399.014
content,-0.420195341937,-201555468.872
rather,-0.414779400607,-5450859.37863
feelings,-0.414359089412,-61409268.088
lightly,-0.414227617313,-176769023.335
future,-0.414126936392,-41917402.4418
bear,-0.41383648088,-37435751.5206
outline,-0.413368447157,-510279429.53
neighbour,-0.412335165617,-92312538.6775
o,-0.412228533322,-1499965.37841
faithful,-0.407800214323,-359786044.722
quietly,-0.407692388984,-58799262.3693
heap,-0.405417730377,-28662680.5265
keeping,-0.402289376024,-194155298.187
then,-0.400934198563,-307631.225183
because,-0.400337296092,-6282397.29968
separate,-0.393713455388,-741916724.243
faith,-0.39322847813,-39838229.3844
hours,-0.391957862807,-35763458.3778
action,-0.391767724531,-66379558.2323
self,-0.389683646772,-33435910.8407
justice,-0.385537229166,-93979755.273
truly,-0.385366315128,-155056813.673
temper,-0.383928099337,-164244519.696
pace,-0.383856069084,-241340985.809
dropped,-0.382006601878,-39615120.4371
cover,-0.381537992583,-61162346.5574
with,-0.381119412171,-107066.063622
heads,-0.379352033716,-108523392.128
laughed,-0.378212212666,-13271358.8356
english,-0.378070829738,-8211389.51069
excitement,-0.37412121073,-83159929.5736
chosen,-0.372828045741,-259386486.283
ruin,-0.364213105202,-240519146.136
risen,-0.363871765282,-473959810.03
conduct,-0.363609461623,-110806492.817
double,-0.363303035684,-241684830.683
unfortunate,-0.363288589439,-221104266.537
put,-0.3596905726,-6878196.37192
claim,-0.356507818406,-400255748.021
mark,-0.356424528414,-468839.527312
sink,-0.355333424109,-357985212.021
comfort,-0.355332688149,-102046872.931
smiled,-0.355252338566,-28673843.5516
stop,-0.354181463219,-44227886.0055
breathing,-0.353101096344,-238139668.916
laughing,-0.352328404611,-56950613.272
breeze,-0.351190765805,-183089484.508
advice,-0.349732294913,-160457841.138
disappointment,-0.348766149083,-370049906.768
drove,-0.346931887325,-142285697.371
become,-0.340392355192,-25996761.2885
sooner,-0.334729883847,-265118008.262
awful,-0.333812128439,-33635148.7986
a,-0.330815418472,-22750.6142324
anger,-0.324510656937,-113637556.093
remained,-0.32142448196,-33121186.7391
consciousness,-0.320828147664,-87154239.3529
approach,-0.320732439385,-205023719.889
successful,-0.320225845219,-224202147.906
willing,-0.317423184872,-99557159.9639
breast,-0.315832126,-96061506.3156
sign,-0.315244844173,-62755846.921
fruit,-0.31523044077,-269403928.736
morning,-0.315208856836,-7408428.9029
colours,-0.314824271345,-191284716.192
keep,-0.310872457886,-17594873.2286
aside,-0.30967434765,-50656069.3739
watching,-0.309580993034,-79502903.9117
),-0.307617929365,-177359.332874
touching,-0.30652427891,-406359204.583
inclined,-0.30501126888,-161103872.83
free,-0.302701793482,-47670923.8598
considered,-0.302264248412,-109592597.403
leg,-0.302256600084,-178506847.447
lonely,-0.299774344036,-157229500.378
invited,-0.297312916757,-255566369.964
delicate,-0.296994260764,-125855970.151
sunshine,-0.296934818896,-111200858.489
thought,-0.296544111594,-2365182.07299
past,-0.294704655248,-17011936.4016
receive,-0.293204561742,-96647214.465
seized,-0.292702136628,-86475136.951
week,-0.290051139192,-24284089.0551
held,-0.286063375313,-16221970.9418
becoming,-0.285924273392,-197437982.132
wake,-0.28503149362,-7357848.53504
study,-0.281079954387,-26016574.913
pity,-0.280005382494,-94142201.5433
greatly,-0.279520378633,-58770252.4482
themselves,-0.279116054634,-12758939.5049
surprised,-0.277372092792,-59745752.5775
surrounded,-0.276582221611,-175969721.942
inside,-0.274691212464,-29228170.4072
wo,-0.269292145277,-11607313.8728
cold,-0.267678498375,-23506107.6454
shortly,-0.267225499922,-80665727.994
raised,-0.265640078508,-41100070.6631
outer,-0.265156659125,-21404373.2193
same,-0.264983206916,-5031954.07707
pay,-0.263310249635,-33415264.4487
music,-0.259508911378,-19247790.3805
departure,-0.258341301887,-110717221.856
lines,-0.257138889745,-29898279.5262
laid,-0.256318837993,-17828694.7632
send,-0.251887777917,-35940077.3851
limbs,-0.249192201677,-130364477.788
rage,-0.243607314911,-148991566.324
possession,-0.24218439338,-58032513.7117
knowing,-0.241719944668,-89291406.5211
hurried,-0.241390221049,-70619705.8557
(,-0.239477142629,-135024.776536
clouds,-0.237533281028,-104416398.858
could,-0.236477042725,-306393.911581
women,-0.236034747458,-4661689.1488
nevertheless,-0.235975903944,-63503871.3663
health,-0.234719286265,-50204162.6242
worn,-0.227970541757,-111328952.228
listening,-0.227810249126,-135234909.165
can,-0.227416103529,-944500.187395
altogether,-0.226260643893,-22220335.5552
highly,-0.225332633127,-165133289.169
shake,-0.225215116654,-270532759.036
blood,-0.223109773641,-11404844.2782
d,-0.221873529316,-8200658.50457
used,-0.221447796991,-8664601.14645
anxiously,-0.221153755286,-153221503.581
yard,-0.220502741796,-7957634.07194
pains,-0.220014755067,-528698286.446
nervous,-0.218053405268,-54889497.7072
position,-0.216665007024,-14137666.4893
down,-0.214443928951,-440285.089363
attitude,-0.214144619996,-121326786.647
drank,-0.212734362372,-107926739.422
horizon,-0.207929233536,-70707853.299
bed,-0.203540464839,-10769544.4924
worked,-0.202350657961,-69416583.4486
quarter,-0.199822336401,-36811134.9472
main,-0.198569550748,-36757984.6624
fingers,-0.197390901201,-31434440.7787
finger,-0.197100715403,-99483387.366
except,-0.196015151576,-15149750.683
wind,-0.187430623118,-5152428.71792
bring,-0.186796123212,-21545521.2564
glad,-0.185641141198,-17310164.6951
gesture,-0.183483446057,-64769572.9185
real,-0.183036116035,-20435058.5892
hate,-0.178713467009,-105436475.975
beauty,-0.178638551777,-14591820.6829
stage,-0.178501784331,-32160684.3044
savage,-0.176413323343,-40635988.1596
distinct,-0.175817783258,-256402492.183
tongue,-0.173280161015,-37130185.5172
gain,-0.170517897606,-126739988.374
moral,-0.164603311571,-50619588.7655
decided,-0.164002334499,-62124620.4116
mistaken,-0.163848268151,-101971857.651
particularly,-0.163213472671,-59009631.204
happy,-0.162915827838,-8403626.39066
torn,-0.156489343099,-122997814.534
whatever,-0.155485744275,-14078571.4574
fury,-0.152263969336,-132769382.487
although,-0.150796313114,-9139831.58579
shaken,-0.150056036861,-161209511.28
sorrow,-0.149925796859,-32030170.9559
station,-0.149163031636,-13806570.5497
stiff,-0.148949021389,-122811490.527
greater,-0.14815607285,-43006998.609
kindness,-0.144916284398,-53322753.8978
strongly,-0.144710274973,-208543268.079
between,-0.144398934357,-5325044.88844
school,-0.143097687204,-13755650.1625
proceeded,-0.141460077123,-21680120.6174
absorbed,-0.141380321402,-146934456.408
sprang,-0.139699501876,-18402598.6851
flash,-0.139065581809,-43325662.7023
parts,-0.137920586754,-62993418.4773
changed,-0.137369796031,-20690687.5592
concealed,-0.132831547845,-130515880.048
placed,-0.128626546569,-18194109.9244
grand,-0.126344080785,-7893678.82695
during,-0.126020083522,-5812435.91573
took,-0.12488625708,-1254145.8788
loud,-0.122959665304,-38551412.1327
hopes,-0.122135864567,-67284761.5006
constantly,-0.122006950997,-80682756.378
aware,-0.119250568768,-22682514.7739
delay,-0.119065673781,-99122789.3467
spoke,-0.119039806539,-6401719.12587
increased,-0.117362747744,-106509941.044
morrow,-0.117239458524,-7162378.77443
interrupted,-0.116389347471,-44294651.0382
tie,-0.116066333212,-181422125.274
snow,-0.116016792608,-5660261.49898
dimly,-0.115812246014,-74508725.7789
grey,-0.115707874367,-6331302.75988
away,-0.115458974244,-1146747.92978
price,-0.115437375034,-32066663.4218
sympathy,-0.113142561998,-34326813.2769
perhaps,-0.112823148454,-2381456.66661
joy,-0.11257955486,-8731549.68242
soft,-0.107997666691,-16520510.9206
conscious,-0.106148705623,-20327197.7734
be,-0.105062705275,-50741.9690966
active,-0.102881856127,-68960622.1619
indeed,-0.101374987897,-1399962.15046
aid,-0.099683183529,-34712773.3391
m,-0.0977817251249,-625252.820491
fashion,-0.0972960280055,-23313741.9126
lovely,-0.0950061711795,-12173804.1426
eat,-0.094126517314,-4916716.08474
account,-0.0930861121197,-15277805.6486
equal,-0.0928898135197,-29053500.9996
property,-0.0895116289645,-9775311.17541
sir,-0.0893870369585,-209126.259664
looks,-0.0871489090066,-7917968.27386
tree,-0.0856274625454,-1981641.10916
cry,-0.0850269730897,-13394656.2933
voyage,-0.0816111545684,-25037373.4463
miserable,-0.08129602024,-26588980.2124
gazed,-0.0807829634522,-23621885.5579
hear,-0.0789288426795,-3380738.7998
yards,-0.0740603181809,-3974587.60896
fool,-0.0738998005297,-12382165.7476
degree,-0.0713193823975,-36828412.1119
do,-0.0700448676311,-34272.5639679
whenever,-0.0697464623141,-42698938.5391
chin,-0.067455645162,-56708000.487
knee,-0.065426081373,-20894765.6248
approaching,-0.06322519364,-31297724.9869
worth,-0.0624171956962,-11633621.8293
won,-0.0611884472674,-7918467.94998
sole,-0.0590255784402,-92986391.2062
vague,-0.0571357507512,-13801338.5839
flowers,-0.0553807309851,-4341403.4108
occupied,-0.0549942195442,-27694030.3539
disturbed,-0.0540366199347,-23929353.8017
both,-0.0533913480875,-1151734.81725
pieces,-0.0519753622898,-19419451.4925
waves,-0.0498285348506,-9493105.22318
native,-0.0492133010912,-3204700.03004
going,-0.0479689679002,-278879.620425
wholly,-0.0461654629529,-5136260.4715
sorry,-0.0451488960091,-7454072.74051
impatient,-0.0445461431718,-45994873.0318
hastily,-0.0429965540866,-10942302.1085
dreadful,-0.0400773164203,-8575598.43552
accident,-0.0363738065584,-19191085.6215
burned,-0.0360664348494,-17205660.8491
rush,-0.0355142653992,-13592641.617
n't,-0.0342259251657,-5901.24345761
search,-0.0316357727797,-8160570.18558
fashioned,-0.0298485950311,-18397367.3454
nodded,-0.0222227348909,-6376325.25593
dozen,-0.0221461617095,-3806652.13669
reflected,-0.0220795016485,-15606122.3989
beside,-0.0210574172273,-1913897.61619
garments,-0.0207315565885,-13343304.2512
hall,-0.0201028608615,-484406.097316
nor,-0.0190412888307,-448421.12082
visit,-0.0180306322474,-1844287.2129
raise,-0.0141817116482,-15038163.418
consideration,-0.013753515233,-10402146.0282
storm,-0.0133468432541,-2406936.28874
friends,-0.0124208844358,-522248.158493
intelligent,-0.012102848501,-9040480.32582
suffering,-0.0103305083159,-2722407.74291
satisfied,-0.00961500901468,-2798457.98724
straight,-0.00929672236453,-410082.237232
superior,-0.00771445939057,-5495072.31343
dust,-0.00108260749538,-222625.540691
cloud,4.92610985484e-05,3125.10232384
minutes,0.00248840376397,129670.223468
any,0.00303492364273,12526.4112059
smooth,0.00406720268334,902462.745465
mood,0.00442206946082,2231320.84818
certainly,0.00613518669241,535940.748159
vivid,0.0071149424224,5047573.11105
amid,0.00723276482879,1880961.30091
trace,0.00733236003035,5376721.30909
get,0.00773992740349,37050.3012272
worst,0.00811307355701,3047064.07902
breathed,0.011606238598,20063809.9299
faded,0.0136617383721,5147429.09433
which,0.0144103449517,6443.90927169
helped,0.0162674750884,8756164.40342
break,0.0178074327403,4586102.8313
complete,0.0190571120359,2070133.41363
proceed,0.0235004790719,12544306.9347
treated,0.0251121579447,17131908.3999
idle,0.0271077733238,28507356.0929
taken,0.0287175087549,1469450.99738
getting,0.0287394162221,1905830.47931
saying,0.034595792847,2276231.79023
tear,0.0365501379009,37875479.0618
book,0.0381345423801,1329271.3091
death,0.0393046197924,1053618.85132
along,0.0420712058034,435688.680114
splendid,0.0431873858442,16450916.4266
continued,0.0451909833808,1527400.73958
blessed,0.0457761623243,20974768.8144
got,0.0470412505022,150679.560182
scattered,0.0495510692089,33894884.2855
short,0.0535818844339,2538459.80834
distinguished,0.0554538259514,34982796.464
church,0.0570592490196,1928734.42086
age,0.0573683465416,6181239.97785
whole,0.0575439895586,1666707.42002
stepped,0.0582176410034,8847635.51063
moved,0.0591042922306,5846881.77619
blow,0.0605776758034,19169392.071
surface,0.0618853722099,6596416.71572
crime,0.0653974977419,36814294.0672
allowed,0.0674712768452,15867138.2122
others,0.0700318265033,2926356.11127
their,0.071712607468,57812.8684206
sheet,0.0721103135506,61856423.6252
anywhere,0.0739800788549,108726793.621
call,0.0747720879344,3893645.71784
wealth,0.0763188832384,24365408.7597
souls,0.0764966576742,104501803.653
walking,0.0779553696013,16552526.5719
sounded,0.0790443068765,48635840.8539
fresh,0.0813650848399,14081837.1729
five,0.0836729497169,3330310.07606
noise,0.0845794006563,7268841.64419
â€”,0.0856613679533,23155.7467568
wondered,0.0856892203037,16424398.8315
otherwise,0.0886252579446,40371302.3958
gold,0.0888105046911,5445685.69857
crowded,0.0895351474841,38500440.5141
no,0.0905993748842,176926.947869
left,0.0911197987308,1526559.60928
popular,0.0935862937593,28206465.0997
needed,0.0960429321218,42319354.1851
observed,0.0963041782359,10276930.844
either,0.0978894025116,7947029.29253
shows,0.0988389757239,34543068.4549
imagined,0.0989423432687,39210408.529
greatest,0.0990442156738,21439079.72
making,0.100767229854,10280526.535
trying,0.101507914985,14670659.3664
hot,0.103179887787,7920386.62765
till,0.104770614395,787211.567591
but,0.10483269093,28400.4611794
say,0.10586781379,491925.714289
sons,0.10659680472,22032141.1139
smoke,0.108163252574,4275662.62885
advance,0.113489735818,40287592.9098
permitted,0.117363839411,95448451.9391
tables,0.119235209679,157210276.919
shook,0.121678131687,25189017.4313
interview,0.123332923709,41926580.3212
enemy,0.124322152238,7930635.78689
centre,0.125892329125,16897762.2132
sudden,0.126090976659,12167377.4206
amount,0.126234989002,100642251.321
utmost,0.127045261473,183975091.333
worse,0.12724376419,28955355.9687
mass,0.133214417219,19362753.7438
none,0.134944568934,3964717.61066
wear,0.135067209453,51795198.4075
previous,0.135842881662,50066799.24
stairs,0.135993549734,12538442.3619
glance,0.136010442712,18368899.2108
lord,0.13606922525,824451.044852
every,0.136838091862,1713169.43143
returning,0.138807732953,75249962.3518
incident,0.139692464514,203671628.209
replied,0.139742949586,1082250.29576
water,0.141967284256,680405.39096
talk,0.142423186754,4797108.16996
strike,0.142977272629,46383551.4973
taking,0.144352825755,17070510.8956
pile,0.145485740391,103580945.581
forty,0.150297986007,28207686.3791
proud,0.153359303041,42160035.2905
rapidly,0.153632968669,22975805.3941
!,0.154335166114,26511.5114054
slip,0.156053921795,234108935.928
meaning,0.157272314167,20644768.7548
sacrifice,0.158338719727,96620068.0379
least,0.158582763871,7490954.49535
leave,0.160073455073,8339104.0406
situation,0.160438469303,15878590.4924
spared,0.16071415434,307517488.652
fate,0.161828390696,32588074.0181
ever,0.162442536293,2364802.5594
over,0.166439416413,640056.461081
arm,0.170397429242,11984658.4988
feared,0.171454257213,67339784.9159
original,0.174434389009,36062282.4467
convinced,0.17691046131,121631975.162
breath,0.180849068646,26494258.1303
declared,0.181965428605,33460181.0229
tide,0.182904038134,24164302.2127
street,0.182997092986,4134464.7807
delivered,0.183080984022,192925593.046
woods,0.183672172607,26103383.1556
opened,0.183849730243,14213229.0856
knife,0.183849841289,28657542.451
lack,0.184320765287,149306470.105
once,0.184334957661,2102105.79746
probably,0.185965516978,22425074.8197
relief,0.187207117848,90506242.2746
matters,0.188787678238,21439979.4455
novel,0.192152790468,12275714.5031
concerned,0.195978843794,103450099.292
swift,0.197026717628,78640186.5064
unconscious,0.197562177212,178265013.324
driven,0.198007834459,137970763.344
page,0.201777772708,16065218.4842
suit,0.201895319457,89608973.2199
order,0.20431393829,5814675.23768
shock,0.207430127682,204226488.66
closely,0.213914277976,70427685.8007
sense,0.214489034476,10611665.7942
chiefly,0.216029921254,225968298.002
if,0.216437171491,273234.366131
signs,0.216491506369,122025839.756
number,0.21822147923,10696587.8082
warned,0.218386462425,347748054.279
series,0.222785492625,52530773.8968
fallen,0.222951651057,33339800.5043
happens,0.224639568296,223150341.103
perfect,0.226651092483,29778599.5059
engaged,0.228049931898,49258183.7843
thoughts,0.229778211928,16256076.3719
forget,0.232040697033,48352032.1884
obey,0.232379509244,233901846.353
appeared,0.233833317891,11070313.4238
moreover,0.235445374382,36089169.7789
shaped,0.235634693147,145022643.156
seek,0.236015041843,50625315.4566
hesitated,0.236100480853,22300803.9165
ahead,0.236527411119,29288278.0637
spring,0.237907461958,22529928.2978
object,0.243589165219,25936651.2992
mere,0.251719799331,26404208.3191
add,0.253899747476,215560354.385
so,0.254770340394,142780.159591
sounds,0.256978778866,105113491.657
#placename,0.257497882757,171244.849829
appeal,0.258484605409,194944167.938
powerful,0.259812082209,139647062.779
stock,0.260153315029,97830898.373
convenient,0.26091848847,366970464.765
wishes,0.261267593047,200833757.382
shut,0.261425926493,78059909.5846
have,0.262898850168,143681.711031
thrown,0.263610959588,79965384.3394
south,0.264614833525,13764488.2949
bread,0.269491077602,70646459.3482
flashed,0.272871956214,81391482.2288
height,0.272937305374,47452508.9292
beating,0.273891442317,159636080.735
rich,0.274908887399,54728679.1837
silent,0.275088478028,18150816.9516
prove,0.275518258352,91852035.9947
accept,0.280256405786,136514621.348
faces,0.280598451796,35053654.6395
wrapped,0.282321681873,613802481.551
suspected,0.283340403466,272314279.665
reason,0.283831705548,18055249.3845
lit,0.286235611806,42188633.6114
effort,0.287763878438,33608148.486
possible,0.290863178123,9498430.33533
lest,0.291083619976,62855554.4185
will,0.29602455345,304224.226826
graceful,0.29866564461,248944671.364
command,0.300978580413,46842974.9341
air,0.301057212195,4871910.40093
peculiar,0.301441199141,112039587.627
re,0.301770246434,3688499.79394
sides,0.30259769121,11763468.2205
familiar,0.30487703376,98476601.1613
hide,0.30556782975,227335684.676
sit,0.308876125479,50419936.5017
exhausted,0.309288066811,234627851.985
nights,0.311676089893,201930027.232
glory,0.314109640512,86041393.2532
able,0.318709703528,17471909.7912
cries,0.319001916826,117125126.054
went,0.319386642493,595525.841582
wicked,0.319460129958,105912799.665
doors,0.320225502274,108071434.752
roll,0.321054338017,161973390.07
bought,0.322376289356,130285779.363
partly,0.324123962863,105066632.958
necessary,0.324875068348,21881577.9983
seeking,0.325634566915,251036827.662
speaking,0.329580835624,41620458.9561
towards,0.331251304011,2619364.824
fierce,0.33179431083,92058597.9308
impressed,0.332488470304,634166882.222
pause,0.332658195402,101101048.668
stopping,0.335830301952,441266456.007
sister,0.340254009517,9530686.28681
speak,0.342052291371,12285936.0376
sorts,0.343806547011,214129976.316
ended,0.344208104087,174362664.582
start,0.346675509865,72485635.4797
moon,0.346831317383,1281612.24036
remembered,0.346904175982,62565974.3878
yellow,0.347381070856,29468507.5117
birth,0.348390435789,237379172.759
rest,0.349910067626,30761690.1557
headed,0.354886454226,186317896.488
answering,0.35539993048,456417035.601
year,0.359262149035,17703976.9129
parted,0.359345402194,369547674.393
blew,0.36006599975,474124514.683
fully,0.360550181337,70157894.4466
sleep.,0.362211501424,305072001.234
heaven,0.366458205097,21732365.7782
realised,0.367507859094,83741994.0174
clothes,0.369829252912,52641023.1845
ago,0.36998456396,29110877.7424
useless,0.370966115804,256691608.015
swiftly,0.372782379597,85053133.053
bosom,0.375078686867,69729313.4226
objects,0.375723970589,316974866.764
smoking,0.375964340026,148604576.324
recognise,0.376194050072,258187506.949
expression,0.376544025295,32242711.714
rushed,0.37693788107,118916263.838
branches,0.377334505501,158308556.96
waited,0.38224993218,48830972.2881
mighty,0.382253410779,12957248.5926
anything,0.382297354775,7678642.17875
opportunity,0.383065103634,73200574.005
without,0.383682620352,4879539.39324
bell,0.384571266899,68392410.1634
together,0.386463742274,8671941.66964
corner,0.387827867897,42860462.4792
prepared,0.390104746796,176936422.968
alarmed,0.391460364254,266715006.03
met,0.391463351465,28433212.6985
out,0.392809170679,582004.148917
correct,0.393072479124,352907970.14
swept,0.394060835978,104493336.578
slowly,0.394918547218,14903488.898
astonishment,0.39963493067,132930688.912
moments,0.401904951699,75947455.3382
several,0.402260661059,11913082.8917
standing,0.403958574377,45817176.9864
firmly,0.40427685636,291676517.126
plans,0.406815280496,102522318.62
more,0.409738536696,1805032.54202
side,0.41232505242,6497514.75252
crowd,0.412405927873,17364178.9541
extreme,0.414280465965,484413147.513
unusual,0.415396398535,305657977.925
simply,0.416908277169,45571448.6338
weary,0.421146691625,86274767.1885
afterwards,0.423513820711,69104159.2831
distress,0.423925309488,384642167.944
until,0.425686619893,5311195.24772
success,0.426894583276,129824525.955
figure,0.43004354178,31271469.4889
hit,0.432862388918,106569483.413
behind,0.435865298644,10241036.2113
pray,0.436426944282,54282020.4689
escape,0.442093146402,76266342.7388
reputation,0.44595573391,324957389.382
brought,0.447338497596,22448481.017
allow,0.447858907677,145406917.211
step,0.449849930389,67924076.9797
loose,0.452020289171,63187499.5508
capable,0.452961658643,209593064.053
deadly,0.456069475638,375040734.095
letter,0.460380939828,6254839.1594
signal,0.461203802873,345089454.436
this,0.461409896044,319759.078532
steadily,0.46145785664,207059718.107
act,0.461567785235,60627576.2583
unless,0.464588249447,128489531.693
soul,0.464659588442,22369747.0864
#arabicnumeral,0.465689524498,46277.7341129
examined,0.466543679111,497585722.56
windows,0.469285746069,76692253.8086
stream,0.469342398303,38254044.2458
awoke,0.47381731703,194985945.653
passage,0.476242855819,43043323.0453
dreams,0.477294573079,87956414.0253
course,0.477494160234,7185125.71565
sank,0.480512304199,202810110.629
struggled,0.482337314058,304423413.604
persons,0.482348300984,93242217.5686
inner,0.482769496814,299917330.731
told,0.485814721455,5740045.47346
night,0.490788741658,4703900.72773
pulled,0.490909212973,143952806.316
mile,0.491889406949,35694932.1172
companions,0.492510169969,89401119.5712
presented,0.4944338463,86389017.8172
movement,0.495712171523,113066769.196
consent,0.498133667093,399396507.828
falling,0.501568360875,134225357.658
running,0.502906209959,42193264.5211
ready,0.503086080886,30476537.6425
life,0.506395777301,3457558.63887
single,0.507749314139,48385500.6704
remain,0.509053621385,130776518.548
brilliant,0.51003771084,374354181.751
badly,0.511361356067,329006324.614
latter,0.511411969355,30451647.0231
gentle,0.513514503331,51924174.7436
years,0.514046642236,4686545.45869
road,0.514491795382,11388045.1079
faint,0.516596821545,81610056.9836
locked,0.521715689253,308348261.998
shown,0.526583763738,158696250.344
sleep,0.52789196527,73553418.909
larger,0.528573545247,164720871.501
listen,0.528997871407,137354365.705
host,0.530402162775,54599789.9156
excuse,0.535652819493,138704318.231
favour,0.53820758044,351966266.401
odd,0.542756937869,133756464.213
eleven,0.545047897257,465121911.334
or,0.54523709526,716378.633206
rough,0.546425495133,140317945.966
relieved,0.547992673977,542067265.352
remarkable,0.548061475821,258607536.725
unhappy,0.549321454899,265444333.575
books,0.549805417484,49144665.2109
announced,0.550190913072,503329761.614
reward,0.55079999556,407669552.208
finally,0.550816058436,59191015.8036
glow,0.551016168227,315577690.167
pardon,0.551165586248,125892656.669
most,0.558716436274,8700475.52734
black,0.563596019918,4424494.11623
rolled,0.563958922031,275652380.997
sending,0.565255616879,89700055.2097
tall,0.573987522818,63729044.7953
said,0.574273547429,97279.5107896
speech,0.576621920065,75968642.4261
informed,0.576775464027,290231604.961
darkness,0.578421703831,27576848.5811
rock,0.578633163379,30099661.5779
natural,0.579073028837,73483928.5965
hitherto,0.58087267931,341958686.099
expected,0.581012514611,142128918.186
glorious,0.582122131483,346456164.438
helpless,0.58906750582,290955914.152
official,0.590776687577,420770497.044
jumped,0.592327011564,413368618.755
rushing,0.593140948654,416751181.934
upward,0.593437471689,359517455.654
it,0.595025736033,71325.1968237
red,0.597558912746,7718622.4425
answered,0.600905183251,6901764.54327
suggest,0.60465748814,813034301.63
white,0.60574898025,3560088.79233
wood,0.613727209886,5209085.09758
buy,0.613769609522,203842435.678
guard,0.616700125782,249311722.659
accepted,0.617100509059,390365334.306
asking,0.618659486762,286718731.461
still,0.619317626945,5040825.23213
rule,0.619529176802,344061291.537
general,0.619804381424,36773375.2571
neck,0.621229185442,146932513.96
hand,0.622603926987,5702959.58972
lot,0.622861615543,82812046.8637
golden,0.624584439736,38092061.2829
perfectly,0.624781124892,119336522.875
shade,0.625451787727,269799958.207
occurred,0.625733917232,213233858.607
somehow,0.625783468551,193292709.069
wiped,0.629554210852,1392925324.31
across,0.630731401382,12479335.5875
three,0.631348582205,5248834.3196
rope,0.633391790384,80115169.2388
recognised,0.635911872615,198795811.361
refused,0.637141495686,270295553.909
entrance,0.637481427386,266282157.583
steps,0.640162890198,72784898.7902
deserted,0.6416879822,388558747.073
sufficiently,0.644158303067,660619085.625
field,0.645078876529,57858210.5203
square,0.646120406876,18786419.1237
stirred,0.646678261282,658723553.227
cleared,0.647109242686,705097331.317
else,0.64820860837,42074953.5382
coat,0.649238925204,125489866.288
features,0.655507152751,204201075.451
evident,0.65620680088,114353852.244
pipe,0.660312029442,66742958.6889
trees,0.661383630129,16616733.0585
welcome,0.662446453731,164346329.152
"""""""it""",0.667006519869,166179364.713
confusion,0.670227862009,309749261.65
talking,0.672138195115,79979531.2162
immediate,0.673384498681,469696010.751
directions,0.673763722405,733367117.228
everywhere,0.676122350233,479466964.084
gained,0.678683958952,361716796.563
lights,0.680400982546,235778869.715
remark,0.680876857736,244422488.914
lift,0.681544429575,610555512.993
mountain,0.681806375475,37691623.7495
reality,0.682552117217,199205591.391
confused,0.683308183141,512893839.239
promised,0.684022187875,383009387.781
judgement,0.684512846487,419302304.681
entirely,0.68719524874,97288619.8678
something,0.688747147236,5910850.44731
certain,0.688848006695,29887664.6506
generous,0.690357931956,765963971.085
colour,0.691008700246,69393711.4227
sight,0.692942282814,31230415.8497
paper,0.69378861066,40545082.9577
melancholy,0.694442382676,196332294.06
top,0.695966076733,71108556.3992
passing,0.696725745952,152490316.477
bid,0.698957918396,171979925.481
means,0.700448565918,36607759.4475
wait,0.703935112365,66186950.9855
higher,0.704444491993,103039980.995
calmly,0.704811565459,553693092.86
pleasant,0.704974448772,74651394.8061
on,0.705771682251,316969.854644
sad,0.706548004688,129059294.487
regarded,0.70695497891,196016792.268
ground,0.707957263486,15517736.3194
motionless,0.708222827312,330825202.857
ones,0.709225952424,131538418.899
pressing,0.709863897102,857528126.233
story,0.710047104601,10354192.449
trusted,0.711596764515,881563434.962
cast,0.712539508596,61934517.2977
guide,0.71472476191,180479506.56
events,0.717282110747,113513002.702
sunlight,0.717561171219,581736866.307
#monthoftheyear,0.719727777819,2314373.02157
"""""""you""",0.722612598205,190039213.001
class,0.72400905752,65584339.8952
following,0.724158112767,93668817.4095
singing,0.724262902845,349665843.186
afternoon,0.724988439508,97277530.7541
crossed,0.725055367675,197870632.919
stars,0.725092048038,138743853.712
anxiety,0.725974539809,298694668.849
turn,0.726294490336,80771556.0066
run,0.729028401547,53047395.8023
against,0.730141106738,14270956.9746
#dayoftheweek,0.731761511186,37462428.6523
die,0.734875489081,62635253.7623
changing,0.735890910763,760056909.537
gazing,0.737058260912,273443884.586
stand,0.739378111357,99597580.1648
turned,0.747455104951,6177591.54965
motion,0.748867520783,62529169.9604
reached,0.749183330797,43946230.2292
move,0.750674554695,109701073.283
burst,0.751157600434,134314533.324
kissed,0.75189019298,44589678.6575
expect,0.754849338763,195457812.18
look,0.755292586826,10200003.9519
read,0.756568920497,30072197.2685
also,0.761519888456,10051654.1383
presence,0.762159622695,74555072.8476
sweet,0.762968800142,25016136.4994
plain,0.764784207523,117602045.027
watch,0.77266649567,45269403.3105
choose,0.77464066776,477549636.534
spirits,0.778700005379,323778326.256
cases,0.778744743472,593588676.258
absence,0.78321692869,219449682.533
summer,0.785842022119,108941970.105
gone,0.785897200573,29672656.6823
startled,0.786065561065,285380900.379
nature,0.794946754215,20702757.3785
permit,0.796322867815,551632153.505
sky,0.796550869513,32822433.6806
thus,0.797569971131,22558369.9357
really,0.798151422267,17219572.7184
unable,0.80194527913,450999893.801
speed,0.80652087897,50019376.2745
grown,0.807368201625,190929309.075
considerable,0.808036890104,195886657.929
reach,0.808782860393,185040926.597
pretty,0.810775515353,16797066.607
called,0.811954939499,22213354.6605
for,0.816327222956,468710.781724
weird,0.817722838541,371117766.384
exact,0.824387673092,411109913.238
fit,0.825439486894,402416129.196
forehead,0.825886516837,337755636.78
east,0.82706644323,32342978.4566
band,0.830161589688,371489926.269
anybody,0.830886305344,113360824.41
than,0.83156191623,4640568.03528
instance,0.834592994998,290667131.187
legs,0.834798463168,273258440.957
reading,0.839759294998,153014003.646
when,0.840058722991,1048588.80745
victim,0.841990107869,399196891.902
lay,0.842881425317,17606438.0327
missed,0.843152137466,518448857.615
ran,0.843626868673,43650690.5011
stopped,0.845539598005,39919237.6521
merely,0.84596124642,134489458.775
forward,0.848518303264,26991105.262
importance,0.849043588688,350689368.361
chamber,0.850800179172,48422361.2292
despair,0.852806970567,532706899.857
ca,0.855294570236,17345800.1201
whispered,0.856748022,151632984.594
ignorance,0.857643813553,1087974430.94
astonished,0.857834481743,440111964.8
knowledge,0.86167764739,112048616.452
grief,0.865532918493,101605001.989
midnight,0.867190028988,319629809.244
hold,0.869312110024,54226210.8854
produce,0.869689740015,722648330.127
forgotten,0.87074740824,161722056.015
absolute,0.870818620696,399164995.059
asked,0.872173323929,5305222.14764
must,0.872274232791,5840975.54851
knees,0.873816170264,240504106.623
before,0.876673756315,4549932.13639
wine,0.878090366472,160289534.373
appear,0.880484448098,230191730.594
attack,0.880673572422,40985162.6113
travel,0.881909448167,478052892.683
comfortable,0.881980203344,551811038.564
circle,0.884757469229,34854458.1749
shining,0.885402962442,160045120.443
safe,0.889667833636,158104874.061
daily,0.890023103868,388480860.962
suggested,0.890808346343,141972394.765
practice,0.891643252518,472691911.2
around,0.895659689655,8853926.63934
slow,0.895705337972,333274774.529
lamp,0.898442564416,168072628.995
beneath,0.902086332854,39233195.7855
necessity,0.903604132837,394696500.401
glimpse,0.904458389407,767745320.427
special,0.904932844578,226178038.956
company,0.905029308686,52600309.5408
experienced,0.905928072276,719148194.446
ashamed,0.90948517991,636400229.442
daylight,0.910132914296,452807157.464
united,0.912863222591,155148708.987
pushed,0.914205088327,323389785.293
written,0.915129208621,76916249.9834
floor,0.917675853661,62967876.9363
furnished,0.918104417641,1262602196.07
many,0.92022279588,9772682.92445
suggestion,0.920598867359,284615098.183
drop,0.920945893095,433042558.176
efforts,0.921264627733,405401694.677
hidden,0.92291185482,259900856.213
horrible,0.928802827799,269860927.633
shelter,0.930725500587,404590248.714
stranger,0.939106645355,52236437.1849
connected,0.94167052363,746719679.822
desire,0.942242471334,136752201.7
details,0.942276587648,317988300.461
guilty,0.942509531758,457241927.203
desperate,0.946935697373,468570598.719
green,0.947754437146,23290974.4527
dull,0.948529499108,285137964.351
serious,0.948704604285,130368446.981
knocked,0.949861832301,741133714.848
flying,0.951761519912,211746647.369
mental,0.956370073503,185754443.466
attempt,0.957924062522,139099640.166
noble,0.962844312301,166853939.639
tell,0.963410836819,7128632.65185
chain,0.963491144024,779830512.035
forced,0.963929219972,245893992.503
folly,0.968733445555,852774210.37
dread,0.970829801953,588050547.333
hung,0.973856316729,154649021.411
catch,0.973878609067,429652284.492
below,0.974021052197,45745448.4
message,0.977258218041,185234211.296
senses,0.984348145148,451252866.933
fifteen,0.985317645798,417730207.861
courage,0.986268095192,336438986.556
well,0.987223898257,2828795.56801
indicated,0.990554044513,606217286.742
town,0.992110370427,42923466.6543
roof,0.994039795843,139325642.071
possibility,0.996089702901,586718904.945
afraid,0.996281774228,76427462.5136
dead,0.996378020812,30795746.322
risk,0.9970890328,883306053.211
arms,0.997366566358,36039516.5953
words,0.997968084334,12534123.4327
eager,0.998505656524,502725163.589
house,0.998977314045,4158810.01771
iron,1.00223464683,113750781.662
#sentencelength,1.00438923254,0.0338301431944
admit,1.00734425907,419306757.678
winter,1.00938000112,177051966.005
opinion,1.00950042128,193639021.23
though,1.01031059942,3657046.45481
ask,1.01161588205,31054560.5927
waters,1.01278381542,221297160.418
how,1.01293020289,5693942.87053
person,1.0145910638,50307127.5419
chapter,1.01487101115,22137024.9492
experience,1.01591598054,216532872.796
sleeping,1.01723590827,399921751.68
modern,1.01749969934,94960341.1249
size,1.01820275693,191333707.928
maid,1.02315451587,17586988.8881
serve,1.02332876258,471251909.95
abruptly,1.02594965532,130234950.829
miss,1.02824677311,1280934.87616
social,1.02875652092,80557567.0466
gather,1.02981511992,652415943.122
died,1.03161237445,222025238.819
middle,1.03231452843,212055844.444
blame,1.03275845851,660054205.827
big,1.03616705495,21900970.3983
impatience,1.03643506004,1742638816.56
picked,1.03800476463,389633208.967
help,1.03807456052,61992922.1517
arose,1.0394001971,70562053.2386
strangely,1.04395340339,667849222.392
inevitable,1.04435028349,1270432086.18
reaching,1.04481253425,468960056.62
near,1.04506146838,36341280.3855
feeble,1.04884244485,675438945.136
feet,1.05062659405,14233163.2925
hideous,1.05518704809,527034776.479
learn,1.05696446487,306140472.38
blowing,1.0597797254,1056511432.24
steady,1.06266279981,408347239.064
to,1.06541843934,60443.427208
ought,1.06543079787,68662144.8354
describe,1.07283200787,971896689.368
trembling,1.07448320021,468384161.775
paused,1.07581314042,242472163.603
directed,1.07635116571,653067836.291
west,1.07898440676,112968641.429
smell,1.08042506486,883700591.676
bright,1.08169395396,121493873.023
address,1.08255242451,317661690.7
extent,1.08483207035,530365606.811
gate,1.08590560554,144721877.337
fourth,1.08879820928,386716683.164
eyed,1.08990328075,538927912.262
matter,1.09040643575,33900953.1557
folded,1.09115385835,1595802125.89
forgot,1.09463056112,787397896.191
intervals,1.09623892185,967473423.71
flame,1.09657993807,329140600.576
sick,1.09730828593,235458081.977
from,1.09775890062,1517903.37254
fifty,1.09944051049,194486407.218
curiously,1.10176087605,558292903.152
solitary,1.10442701361,924029808.08
flung,1.10718375708,362082601.322
flat,1.10753336162,163392682.032
month,1.10896036133,326341488.994
seen,1.112500598,13151942.7069
key,1.11431343328,313711147.556
offer,1.12030207679,504087456.135
make,1.12466201205,14227128.8241
imagination,1.12579433904,449644908.238
definite,1.13249964136,1956641634.79
described,1.13268207187,374828802.836
ease,1.13448406799,1060122042.0
labour,1.13521282227,130615835.116
wasted,1.1406133793,2430577940.32
back,1.14119710819,6209802.17168
flight,1.14295305242,322745156.646
edge,1.14556366552,91518457.0895
hanging,1.14575520018,572696638.995
market,1.14579626886,134004447.378
neighbours,1.14587131987,206270118.409
starting,1.14815337485,977478358.548
actual,1.14875242489,790939602.465
they,1.14949761484,316204.68704
force,1.15225991447,51961495.3828
know,1.15414652206,3113801.55825
bade,1.15630635417,118470628.902
ill,1.15886813992,107411779.265
society,1.15897827749,76861213.6756
enough,1.16058870464,27679195.6241
experiences,1.1609601203,1309425512.77
see,1.16309892195,5338751.92457
grim,1.16578677892,492774322.302
caught,1.16832493731,58655854.6409
forms,1.16915652447,519162953.574
concern,1.16915809845,1338271925.17
hill,1.17326691689,52926180.2671
grasp,1.17486640176,811644482.88
common,1.17511708596,42475204.7677
built,1.17855633445,241944780.73
stir,1.18015289953,1385635524.0
pale,1.18154100899,87289140.6458
great,1.18714448998,6102588.35802
cup,1.18839236255,474103911.813
talked,1.19079368956,309076570.261
addressed,1.19309353816,681624901.612
all,1.1956681022,1029382.56325
impression,1.19641696198,250785388.117
lifted,1.19677129855,261346452.944
wretched,1.20017082955,755089755.149
law,1.20048075837,42301071.9771
heat,1.20150496812,68987152.7665
need,1.20306070855,113930462.908
setting,1.20361891381,1131264709.7
suffered,1.20599996479,621611927.79
vain,1.20716345994,420694409.324
slept,1.20965967862,302306156.917
terror,1.21030827417,218817655.987
hopeless,1.21620202646,1127685587.34
doubt,1.2172229284,80555982.3423
listened,1.21779068047,307471674.278
driving,1.21994064273,609986183.241
various,1.22061172803,185600320.325
removed,1.2239666883,666531825.922
state,1.2275091315,22963230.8973
grew,1.2311726153,71206257.6153
fact,1.23132051394,49738504.3133
proposed,1.23207903439,749031424.398
handed,1.23229736991,618286652.925
quality,1.23272921373,483092633.863
part,1.23735589924,32066385.6268
busy,1.24221926318,531407515.487
started,1.24296104424,74224686.1296
practical,1.24995257077,634844764.387
accomplished,1.25041126664,1022719727.83
strength,1.25615498089,158800663.599
train,1.2593463763,161277511.635
according,1.26609061787,568143124.859
view,1.26907370558,106051357.513
reasonable,1.27487336175,1200029882.08
due,1.27491734843,194908891.965
#meanwordlength,1.27729162587,42.2845629103
ideas,1.27830975979,357081136.301
hurt,1.28115439202,247725989.909
surely,1.28443011375,129722044.504
rate,1.28605382848,304204285.848
volume,1.28664768138,323746173.463
false,1.28835731078,617303848.136
current,1.28855976501,253442493.154
absolutely,1.29200837302,290562691.438
image,1.29234397974,367355043.75
narrow,1.29282760648,256743570.113
since,1.29428634838,29831940.7606
creatures,1.29453116467,51890004.9396
express,1.29635197935,1049915233.32
royal,1.30071106289,61999813.6865
repeated,1.3015368663,150805834.718
distant,1.30244969795,223339157.977
mingled,1.30393445312,783190127.936
#typetoken,1.30836745311,1989.79737585
mean,1.30851634049,27169179.2207
warning,1.31080181236,798752903.14
draw,1.3114103561,345551128.932
what,1.31196728389,1108449.31146
naturally,1.31367881541,560172573.229
thunder,1.32067934492,603542337.766
work,1.32084433962,11283997.623
movements,1.32115407808,443199414.94
ugly,1.32120240093,387610485.736
animals,1.32146369309,427267882.128
quarrel,1.32382274424,1661778942.0
similar,1.32883174292,727807840.827
wherever,1.33016895539,2293188843.43
extended,1.33068956594,912902085.713
quarters,1.33088064104,926410351.8
subject,1.33128447183,99181449.9058
no!,1.33415810241,599905835.402
friendly,1.33679327369,649713575.644
members,1.33770531565,672785648.212
influence,1.33780015787,170036052.027
feel,1.33826709326,87449151.2781
resting,1.34290431654,976493381.455
whether,1.34394373585,72637227.2397
bore,1.3461190604,372507620.064
lip,1.34638916983,2079223765.59
effect,1.34706725916,120854783.318
ends,1.35795556814,786432711.084
destroyed,1.35839558797,599287286.444
remarked,1.36027410278,273132987.83
ceased,1.36976464494,206855924.07
suffer,1.37315168653,582160668.512
cheer,1.37363721963,1145929094.01
answer,1.37392387292,84342294.9113
whence,1.37561663793,702874505.203
interest,1.38081341903,110695467.008
title,1.38529465572,471539800.905
pride,1.38550695169,506759647.191
forces,1.3856500908,504617931.76
mysterious,1.38621391479,170843821.92
type,1.38642384963,551509221.61
request,1.38865941682,1169794047.25
wandered,1.39013108482,1142039944.71
shame,1.39202624158,434405750.357
report,1.39412662224,231748993.603
resolved,1.39584848334,827253072.538
wondering,1.39665197467,725333461.304
moving,1.39709831884,153711701.714
frightened,1.39871355783,449353400.27
note,1.40016323348,61346657.89
atmosphere,1.40293354545,429580360.524
compelled,1.40598664013,1028663175.15
wore,1.40733810805,322848537.743
government,1.4088758115,60781056.9814
disappointed,1.4091134361,1261710015.57
power,1.41160800813,44259311.1062
places,1.41618981545,233644025.251
close,1.4198435133,100429286.882
hid,1.42348599238,940753577.419
seriously,1.42478483122,1027537332.22
strain,1.42678315199,2199820465.03
again,1.42691970728,3805829.97813
seemed,1.43166161343,5806126.81193
fro,1.43249229558,381801998.873
lives,1.43447412273,270759305.609
sacred,1.43790040358,537938170.666
doubtful,1.44000043656,2627513357.61
gift,1.44158490634,309578053.281
telling,1.44191768143,465570537.033
tore,1.4453488275,1333130812.7
famous,1.44748531054,691860728.741
shone,1.44806461803,343183781.815
amazement,1.45041650025,1342974393.05
haste,1.45100771051,1031200204.38
loss,1.45581289719,587657353.143
think,1.45763045449,7456399.84944
simple,1.45789574905,241516922.475
village,1.45897049318,117365068.386
drawn,1.45984680556,402272004.695
pressed,1.46272562122,755176513.013
follows,1.46431347157,1044269085.41
armed,1.46542523943,246213194.064
day,1.47156192515,7543961.81888
box,1.47340778555,93777705.6635
ordinary,1.47596000449,402620905.098
hope,1.47677041593,50281829.9265
actually,1.48027276683,811780529.653
army,1.48252592088,123131947.274
rid,1.48531662163,1467800691.83
muttered,1.48906079164,472116617.023
surprise,1.48952286264,307509018.176
period,1.49345901997,552873897.309
faintly,1.4951575264,1497938031.07
outside,1.49953869903,143769206.355
were,1.49959243178,754885.869179
shout,1.50046149704,727716086.461
suppose,1.50433944785,54954616.4552
ways,1.51400655899,66168304.3248
obvious,1.51483423146,763800440.594
visible,1.51684999908,400688480.161
clock,1.51821635572,321670111.726
myself,1.51939046212,13017512.6244
after,1.52154366716,12373004.7891
everybody,1.53029496649,224885118.893
contrast,1.53360331115,1347816750.04
win,1.53516399986,189582325.446
pain,1.53559833648,112693856.333
people,1.53616301299,4276233.08845
food,1.53775446952,17949375.2948
about,1.53854697873,3478245.72915
became,1.54020860838,32216181.0273
record,1.54588803355,674965526.36
approached,1.54696956971,514341083.639
curiosity,1.54867781967,358497674.161
recovered,1.55064747687,1173244366.05
use,1.55094480226,107299282.763
might,1.5522793514,4987658.55832
offence,1.55278163102,554670592.667
noon,1.55282648918,869644296.269
journey,1.55599181357,396314986.396
gathered,1.55711772706,405786385.152
doctor,1.55746309655,21193532.9653
men,1.55923365524,3379468.24038
shadow,1.56041957456,211156069.518
question,1.57308423677,55891488.324
into,1.57312365238,5184351.68591
violent,1.5741714716,925988963.225
save,1.5750326085,28481760.9446
stones,1.5761617726,314282196.815
wild,1.57655376335,69366243.5134
nearer,1.57743207466,258135815.971
i.,1.58317573681,102815271.902
entered,1.58388658054,199387586.569
disappeared,1.58570463147,543645482.008
leapt,1.58746595178,725982899.267
names,1.5896839785,643837145.261
made,1.59216153775,17512463.7848
point,1.59348034643,48263341.4781
reminded,1.59432190447,952834062.362
shouted,1.59455392266,188231328.677
patient,1.59727433581,486658542.287
aloud,1.59834393171,1309128780.91
spoken,1.60083372156,296506686.79
notice,1.61161239318,413454233.92
perceived,1.6204491428,221982588.754
somewhat,1.62077980485,23211835.2605
spirit,1.62214804497,132545465.605
understand,1.62636131907,63484575.5018
share,1.62727015969,814548758.932
sought,1.63079973961,483229761.164
worthy,1.63081592644,915593411.781
building,1.63182851108,141250290.172
control,1.63630832116,558667440.137
set,1.63647485451,45833876.1954
fear,1.63657483019,53584230.7729
fled,1.63758022225,1078498613.33
empty,1.63764005388,327278837.384
vision,1.63833425923,412600635.005
meanwhile,1.63949318741,683572778.589
lower,1.6409339946,316229108.969
easier,1.64123584838,3546475754.84
reply,1.65068079648,128693584.018
departed,1.66934468978,690909858.647
lead,1.66986392497,471450971.853
hungry,1.67120904395,674442870.457
mystery,1.67296750653,357987996.199
offered,1.67421475018,556234882.559
example,1.67661678165,430442807.301
believe,1.68631259986,75557208.8694
and,1.68651473609,14753.0998746
waved,1.68922191506,1950399987.92
bare,1.69404082385,372040097.914
closer,1.69587486677,2099707675.72
clearly,1.69698869469,330459904.628
smaller,1.69822296208,980615317.255
fall,1.70246358844,210869401.78
stole,1.70312327872,1341400866.76
insisted,1.70567976637,2552673261.27
individual,1.70823238773,600512852.676
descended,1.71029220722,973313320.122
walls,1.71203408635,205140966.93
stayed,1.72099717372,609772736.916
succeeded,1.72641027802,827671782.384
press,1.73060797709,219899345.765
physical,1.7345888068,553361982.16
king,1.73594686633,7931573.9089
remaining,1.73757581804,1075560141.15
useful,1.7427396945,2049485703.31
mentioned,1.74391160826,564805786.725
named,1.74930264088,583580000.451
foot,1.75131352997,118236724.42
curious,1.75509875336,273025092.356
stretched,1.76096656892,870631550.6
light,1.76267107994,27092480.9701
process,1.76471239973,379148163.838
huge,1.76707195116,108901962.773
begun,1.77872449137,841334992.21
imagine,1.77925805223,317694212.121
evil,1.77955142581,89862360.4798
weeks,1.77996109898,308182894.114
painted,1.78323133419,686833763.418
final,1.78506813821,924301104.418
that,1.78737181475,127273.170325
nothing,1.78793544714,14506989.3581
result,1.79126284117,189272729.468
shadows,1.79884412944,202368919.686
dawn,1.80493023049,485424187.537
toward,1.80656103336,26389240.4868
second,1.81229523628,9271365.68614
word,1.81758843929,28697563.2699
minute,1.82259421181,67251705.5245
guest,1.82324896561,108458000.32
clear,1.82410459267,110095574.238
needs,1.82563773093,149817722.039
further,1.82702636785,162979336.052
misery,1.83512884341,522859815.85
showed,1.85550100426,157609493.973
art,1.85946584669,26335026.8799
broad,1.86491587052,363116214.261
agreed,1.86648014376,1838082063.63
stone,1.86720397221,117786898.984
write,1.87067953717,195438928.093
houses,1.87165706731,65140345.6753
feeling,1.87417997134,100661600.409
miles,1.87699575582,67317324.9374
led,1.88148985305,135313122.353
base,1.88312399146,1563853357.64
glanced,1.89362707227,233668194.365
american,1.89921720506,58981571.9198
growing,1.89981084815,232403352.694
dreamed,1.90190431478,2983552769.27
among,1.90315381224,44838392.4059
noticed,1.90581867381,312673011.157
thousand,1.91805549764,75198029.3572
demanded,1.92189453985,359589615.634
twenty,1.9240224008,89009080.846
wave,1.92513638959,1627237960.14
sat,1.92659402213,26625286.057
here,1.92698448926,10583309.5727
:,1.92771403522,476858.162641
appointed,1.93143188195,1797736813.42
shoulder,1.93212932911,355225216.83
seem,1.9351417924,180391816.508
working,1.93589290101,345523136.607
changes,1.93704241991,2896542697.26
time,1.93828596163,5737064.11953
find,1.94195763691,72106588.5468
joke,1.94354766079,1490089430.81
case,1.94449054514,69816265.2027
distinctly,1.94570461945,1908294965.07
pointed,1.94942154322,476557934.761
flood,1.95831707487,95817350.3615
bent,1.96001860601,240660960.22
thirty,1.96022853522,260016117.502
hesitation,1.9605217673,1229438138.1
troubled,1.96213695446,975648995.584
dream,1.96595839817,191715001.204
minds,1.96748411114,894984010.175
believed,1.96866706302,542287882.612
noted,1.96939770529,1301841982.71
support,1.97733651809,2288586335.95
somewhere,1.97791779388,760598817.121
seems,1.97928224525,189926506.36
already,1.97983351086,98906742.8205
hearing,1.98101185624,624694492.621
condition,1.98198875401,274270140.397
peace,1.98288763171,175499070.944
friend,1.98747689595,24101728.216
heavens,1.98795853957,1038221515.53
level,1.9903518008,678621237.773
minded,1.99825856903,2610310921.54
shall,1.99881262144,5423925.67718
learning,1.99977037447,2155608098.14
employed,2.00216719581,1334591639.28
things,2.00256427625,10490123.9455
end,2.00328942035,51072246.2035
touch,2.01016014266,474688299.994
far,2.01066636235,45614605.1369
later,2.01593607567,92448382.3966
office,2.0197486682,182820430.841
in,2.02637376813,297738.958867
idea,2.02892051313,78078941.168
pleasure,2.02973934134,109675854.994
attempted,2.03168866379,1413028081.3
wise,2.03645021281,139185595.212
recall,2.04071831814,1042713725.31
asleep,2.04550079251,806655501.175
sun,2.05487456923,32916979.0309
completely,2.0551440205,734315544.34
sensation,2.05614227796,1581222949.91
stuff,2.06052905719,464107917.983
sort,2.06292438208,36829127.3716
consider,2.07033847517,982097187.703
streets,2.07528901985,380222980.992
hollow,2.07959310452,831233346.477
above,2.08349853353,62001617.9473
material,2.08659716334,872617352.968
mountains,2.08680348598,244358873.532
now,2.0994318423,2346130.47159
bow,2.10125323986,226775308.835
ignorant,2.10619905737,1186126934.66
history,2.11556666702,128668394.112
roar,2.11559074666,1287917883.23
follow,2.11795264502,580170437.081
measure,2.12654709811,862315943.377
existence,2.12819935936,281824049.45
revealed,2.12948734971,2055564596.18
advanced,2.13492735556,961430189.826
destruction,2.13859469003,492288800.817
patience,2.14944123896,1531857511.45
directly,2.14954314071,628604213.08
the,2.15265364792,7583.77684307
unknown,2.15351381483,360387057.484
live,2.15375542837,177201688.05
try,2.18315025108,247366203.35
i,2.18391793654,35051.0272694
dim,2.18482479883,377657903.819
mind,2.18703693532,27870043.4151
brain,2.19338965368,311214779.1
wall,2.19581733704,101653958.819
sound,2.1961191745,82581728.2734
cost,2.19932382997,1077162809.87
drew,2.19963762151,86846710.4699
kindly,2.20110531975,391396390.609
realise,2.202295425,1171386738.11
lock,2.20287589676,1228372930.79
deny,2.2032892616,1216998486.54
alive,2.20438480736,666867548.396
tale,2.2053463843,88103292.3382
exercise,2.20846000155,1606290714.06
metal,2.20860396064,258695695.75
using,2.21397999568,2493172858.65
these,2.21715285796,9088170.95898
wide,2.22244190698,310756386.688
fair,2.22280542051,20375900.0832
nobody,2.23468873068,351160886.13
points,2.2357811768,464096933.64
times,2.24330523665,141044406.503
impossible,2.24395357427,220676790.306
wit,2.24411321245,218905357.28
stricken,2.2489077413,6301782065.8
skin,2.24985056465,334581051.524
humanity,2.25285108116,559169528.313
burden,2.25337742578,1854374431.66
place,2.25524287163,24558201.7566
gathering,2.26603649276,1546840952.56
fellows,2.26682894529,561886675.927
slightest,2.27055131592,1413621967.99
me,2.28318385434,370497.183712
sunset,2.28351619094,1279232615.6
score,2.28431492255,584886164.036
puzzled,2.28481550953,495879210.679
battle,2.28509286233,109924894.021
writing,2.2893287744,197259628.166
saw,2.29534806228,12561931.7599
found,2.30094658832,42391811.6879
bodies,2.30124083731,453873141.618
tried,2.30293184289,131435791.519
living,2.3077734568,200324770.959
striking,2.31201739715,2136955431.95
thrust,2.31503371262,376508285.425
other,2.32386676992,20466559.2435
public,2.32528908737,129703364.088
queer,2.32558199582,232939118.39
ours,2.32630910938,1049074179.83
staring,2.32751237975,414986329.405
ancient,2.33490952341,252576454.914
hundred,2.33502766975,59239149.1597
ourselves,2.3366914791,399534363.146
yesterday,2.34524021764,892899156.79
thousands,2.354435233,536758953.474
race,2.35569372837,322464372.972
throughout,2.36008203395,1190128323.11
human,2.36543304384,70949506.9048
fell,2.3687435139,41097503.0475
through,2.37795352525,15063552.1443
followed,2.38020749046,117888179.254
stood,2.38306916997,25256661.9383
progress,2.38699206171,1003565493.83
beast,2.391897149,606959486.804
enter,2.39728734406,1005406033.65
vanished,2.39945227494,435961823.002
third,2.40080360344,304887336.269
forth,2.40925467865,71105950.7878
its,2.43454606813,6140735.09863
aspect,2.44110043976,1893493645.0
space,2.44152363472,44176606.6034
days,2.44639698896,43176626.1244
bones,2.44816114543,858096895.461
evidence,2.44923939108,979518060.495
change,2.45338645024,255330938.6
stared,2.45687853137,177066097.266
grow,2.45947004941,734372855.119
bold,2.46677247747,1602303348.05
happen,2.46848061047,813654122.295
language,2.48337476437,1081289901.81
devil,2.49222861649,485798199.787
conditions,2.49413773911,782540640.565
hole,2.49887474782,307987790.509
way,2.5057134303,18174222.4876
truth,2.51302832006,169434182.93
earlier,2.52489338464,2528134224.92
waste,2.52688440601,1457141687.62
war,2.531924123,78847599.8804
creature,2.53354743859,196387462.255
show,2.53789328218,193601808.416
confess,2.53812278267,1415096094.11
energy,2.53847830381,720096099.303
proof,2.54316015979,1756905524.74
interests,2.56061392771,921104994.443
leading,2.56065887625,567500491.434
within,2.57202119338,105484698.434
my,2.57313864988,262427.912155
belief,2.57988766815,2886911992.28
wisdom,2.58076707775,506721262.991
land,2.5841639271,52637414.4618
city,2.5945039817,58094854.6464
facts,2.59910764331,736516262.474
country,2.60007771276,57273723.7328
detail,2.60033727703,2110512020.34
meeting,2.60145911885,707482516.322
wonderful,2.60233627407,518617876.707
prospect,2.63030320631,1377807024.88
solid,2.63196139471,582272230.613
remains,2.6335625548,2016902261.63
discover,2.63962340086,1833915869.51
plunged,2.64264462695,3180074150.03
thanks,2.64362186575,982108564.959
clad,2.64629095214,181973789.868
mine,2.65802224188,125131158.965
affair,2.6605843966,638426735.711
even,2.66642152726,20010175.4432
memory,2.68114246939,376394670.827
upper,2.68391407211,656967724.509
form,2.69263468246,246497878.803
shape,2.70746029963,592935858.18
questions,2.71441477881,473044984.802
expressed,2.73561846485,1216392377.91
hell,2.73627128121,1276336831.3
authority,2.75311164382,1172811747.15
there,2.75653747495,1706591.99684
defence,2.75869021397,931976030.972
terms,2.79362529924,972637406.563
powers,2.80088609041,1483489062.8
of,2.81596739917,77156.7945312
interesting,2.8227687372,1027147300.99
impulse,2.83519260983,1444340360.21
explained,2.84294706145,736084453.101
event,2.84471621372,1449939177.69
sheer,2.84486014932,2661548818.35
spell,2.84832835411,2163148430.81
strange,2.84930889273,63406490.5421
yonder,2.87724941199,493635296.948
beyond,2.89201287084,177040597.788
stillness,2.90834099085,2610567108.06
longer,2.91267888575,250046391.086
thing,2.92772651547,20574012.3979
laws,2.93398386783,926551795.5
produced,2.94068617142,750334313.796
learned,2.94653074539,604940367.692
began,2.95385270329,32697523.5923
adventure,2.95983742615,1731433988.4
presently,2.97400473576,68326747.5422
yet,2.98447681108,12723927.9494
wonder,2.98690444879,362582989.938
steel,2.99295360438,403489691.747
whisper,3.0008943801,1748675953.15
pen,3.00635592766,1595078963.41
conclusion,3.0114393657,1159326458.59
discovered,3.01414003558,461283877.686
last,3.02011955801,35599188.7088
twilight,3.02146178047,2725898274.2
proved,3.02887719606,940639181.73
fail,3.04500481591,2614545668.49
awake,3.06874065893,2076276534.7
concerning,3.07665358483,847789029.965
apart,3.09747603012,1666234092.99
came,3.10235834851,6894127.73991
entire,3.11498213758,885288177.594
fish,3.13060283862,600094319.342
beginning,3.13423005715,560266520.175
spread,3.13554504872,1107404194.97
explanation,3.14545757176,1124697364.8
we,3.14843370021,597787.828347
century,3.15587101862,152862410.406
witness,3.16860680931,2269632020.57
neither,3.17234032638,325186842.175
vast,3.18542163056,182772405.492
under,3.216198016,45789598.6184
itself,3.22937860625,188987744.429
heard,3.24822204769,46734720.47
resolution,3.25542068219,3034836121.47
system,3.26199860328,366930265.19
admitted,3.26562767065,1856494939.04
new,3.28184181677,29337302.0567
ventured,3.28744554793,2425888704.45
discovery,3.29653324777,739305073.973
explain,3.35591160265,728260166.835
begin,3.39325626427,1063520227.99
remember,3.40439036779,129536145.902
flesh,3.4100828662,736653478.792
next,3.42599562398,104507991.47
rested,3.45893090824,2031854155.38
extraordinary,3.48199064472,750110297.555
those,3.50382922818,26551122.4935
established,3.52805798904,2821968430.45
marvellous,3.54034853904,3299492661.26
happened,3.54866375754,217720296.801
us,3.59435438029,4941011.83855
failure,3.62481785151,3934294123.65
while,3.65501294316,21922480.6294
first,3.6895585334,21589135.7932
body,3.7202337453,122945622.356
destroy,3.75837268734,3472840299.1
world,3.79321570631,13951569.1019
earth,3.93217060166,52902729.3105
our,3.95226337817,4266547.53031
failed,4.18413331322,1193641253.36
resumed,4.19220586161,1823375049.54
theory,4.81230136354,1174064657.37
