poor,-4.29245911269,-272772414.135
sitting,-4.19932411789,-292495857.875
#sentencelength,-4.18147103766,-0.502954032874
visit,-4.15708355872,-720997480.062
table,-4.08150272535,-102486799.849
respect,-3.94646207562,-1954112084.26
making,-3.93241859087,-376461739.411
family,-3.86742690282,-137076605.998
letters,-3.83421912286,-502724175.737
sweet,-3.72335925131,-803954076.81
sit,-3.70390249559,-374310968.353
husband,-3.67522475796,-171198401.723
often,-3.66910984157,-130570629.558
drinking,-3.65094590755,-1336539860.76
girls,-3.52591362822,-51806632.5855
which,-3.48461815834,-2920483.6369
when,-3.46147382295,-11105978.2534
in,-3.43465228046,-777487.210282
stomach,-3.3844192144,-602726525.458
feel,-3.34153747661,-82262973.6642
home,-3.32366000972,-39430664.8462
having,-3.30661963663,-167186642.874
cross,-3.29369179397,-826138563.21
noticed,-3.28565699541,-306263515.339
married,-3.26847003937,-208875384.449
dressed,-3.25297240463,-954005714.156
appear,-3.23304013632,-1503798340.42
concern,-3.20491235876,-2191119034.74
friends,-3.19457717652,-159638546.734
as,-3.18979472269,-1848684.21263
love,-3.18395812839,-42074257.7004
asking,-3.13300733092,-906461419.842
book,-3.09753389031,-123547131.292
wife,-3.09622661839,-52706111.2594
putting,-3.08552826859,-1349075523.41
answered,-3.07360768685,-133426523.128
taking,-3.06473512945,-383397571.26
always,-3.05841338097,-34273925.7453
fool,-3.04454052155,-317521835.566
summer,-3.04377071757,-121011258.837
everyone,-3.02130968593,-117654595.499
hall,-3.01894044701,-95748368.6635
marked,-3.01350376905,-1810188786.26
wake,-2.99323661184,-1762325170.41
seeing,-2.96851268121,-586104423.102
house,-2.96580223863,-14692401.3324
go,-2.95637419245,-17206264.3491
moments,-2.94721253153,-840514849.668
parents,-2.92269667266,-319018882.029
leading,-2.90873780137,-1249356843.94
son,-2.8971620629,-97539513.8424
drunk,-2.88735860866,-738088444.955
quickly,-2.88686743253,-108364605.263
those,-2.8833603579,-20453841.0883
perfectly,-2.8661779511,-765727240.283
laugh,-2.8515725174,-446495197.543
coffee,-2.85127686174,-220214811.841
at,-2.84611830357,-3056189.88347
to,-2.83817358439,-319504.061833
dinner,-2.83498504105,-274176014.391
wearing,-2.83058890163,-534508301.937
#arabicnumeral,-2.82569949747,-811998.182505
throw,-2.82530004793,-1284008456.26
place,-2.815892778,-56476416.4525
though,-2.81180335752,-13834372.3662
self,-2.80682201648,-369963721.358
felt,-2.78690188646,-18618004.087
month,-2.77777247502,-866062398.283
board,-2.77087851546,-128768864.622
both,-2.77005246601,-71352194.9264
whether,-2.7692496956,-184677731.068
who,-2.7484203932,-3748188.78614
spread,-2.74727127449,-608647443.248
life,-2.72294555092,-31088276.1185
drink,-2.7162660424,-162677249.434
heard,-2.71167950343,-77108192.3847
shirt,-2.71054803463,-426089808.063
front,-2.70812156818,-75754269.9473
never,-2.69245701628,-20243804.9988
spirit,-2.65186568423,-608745160.464
whom,-2.63921444428,-120525721.666
younger,-2.63880368554,-757769548.426
liked,-2.59324924514,-221178737.085
repeated,-2.59103726674,-808894253.162
wanted,-2.58348282747,-31206116.5893
called,-2.56558341426,-79047105.4602
#personalname,-2.56085187721,-64861.6168942
ended,-2.56005694779,-1605219719.77
coming,-2.551487149,-114197350.35
passing,-2.54637089313,-1243257563.41
father,-2.54105954872,-13940407.4712
seat,-2.51928246747,-389556641.567
garden,-2.50842288625,-331977889.434
night,-2.50017220883,-24627202.0627
allow,-2.48932004491,-981878874.818
circumstances,-2.48876717512,-1368599913.74
hope,-2.47381082804,-257911970.347
say,-2.47263574675,-14998752.0966
nights,-2.46013777133,-846551997.985
person,-2.4518375506,-133774075.899
matter,-2.4431839306,-113801017.981
match,-2.43946519725,-1691583274.01
hers,-2.39887748733,-1129443952.43
#placename,-2.39879797815,-1531779.25767
dirty,-2.38803282266,-618209905.87
chair,-2.37420012403,-97229819.822
truth,-2.37056791918,-210633936.913
beauty,-2.36233986332,-1143468216.69
lovely,-2.34058886492,-421495912.32
meaning,-2.33967345714,-860345542.773
loved,-2.33778104458,-213661499.497
kitchen,-2.32919022784,-105497217.072
post,-2.31704630702,-786589240.567
meeting,-2.30204146785,-229216039.124
hoping,-2.28800397446,-1435421818.8
whose,-2.26084310627,-196177008.565
ask,-2.24664446204,-122964152.783
telling,-2.24281748364,-409761902.599
doing,-2.23124475212,-108694052.841
sudden,-2.22602348488,-174124216.23
mother,-2.22555265265,-5683651.28381
holding,-2.21654689884,-441218746.908
ease,-2.21029935041,-2016100180.75
friend,-2.19626114332,-63094656.4835
beginning,-2.19173478756,-253103161.895
wet,-2.19106652045,-234770438.364
stick,-2.18702343438,-610362993.926
clearly,-2.17900580572,-380641163.995
knew,-2.17525058415,-28065822.4338
word,-2.16514064533,-98226684.1863
begun,-2.14817737568,-681415632.785
neither,-2.14258160147,-358935904.72
her,-2.13987263465,-98183.4203231
ever,-2.13521506506,-42017441.8585
just,-2.11772316479,-3537004.14984
sleeping,-2.11413562157,-747047593.89
formed,-2.1089747826,-755629619.016
lady,-2.10681411581,-48923918.2805
morning,-2.09635693553,-54463298.5434
like,-2.09248706595,-3270346.65209
come,-2.09205910293,-14565294.8099
white,-2.09180527393,-14047402.4247
cheeks,-2.09125476938,-633566361.483
waiting,-2.08868963812,-154610430.296
written,-2.0806836614,-508062885.695
fully,-2.08010212647,-1550294970.93
talking,-2.07374559402,-143257231.357
wrote,-2.07350288572,-498550007.648
papers,-2.06829542062,-387347732.303
party,-2.06689605124,-53827353.0048
hot,-2.06129349262,-210216167.279
beautiful,-2.05476817482,-175355295.35
someone,-2.05445879001,-55220794.5885
starting,-2.0484358532,-1029565880.29
service,-2.04141401494,-231281796.423
lived,-2.03534850692,-138241988.721
enjoy,-2.03318066191,-1327540236.66
sad,-2.03307501953,-450439610.293
walking,-2.02763719837,-416873423.635
sometimes,-2.02667931516,-75496504.3692
soon,-2.0221194886,-50755995.8494
intended,-2.01926610815,-1163134732.76
lower,-2.01014695584,-623385047.599
saying,-2.00419870944,-96433740.9707
money,-1.99869152509,-36077253.8378
everywhere,-1.99632650254,-641502417.349
feeling,-1.97782304024,-96132285.3123
sleep,-1.97662977421,-236515828.774
push,-1.95321715519,-624025960.43
conversation,-1.93978135089,-295053418.72
day,-1.93828543474,-18037517.8576
boy,-1.93816891833,-9867118.74014
sounded,-1.93016596697,-426449788.815
she,-1.92789422293,-94503.3798197
evening,-1.92685759855,-109985336.166
giving,-1.92590485918,-522578255.515
sat,-1.92390812844,-32385604.8193
appearance,-1.92250111115,-638583178.345
west,-1.91135212682,-119006998.684
false,-1.90684371913,-2572240443.65
dog,-1.90470124251,-16549599.0617
good,-1.89757590915,-15094386.5782
with,-1.89728552662,-880314.896138
determined,-1.8931348474,-836929604.873
round,-1.89305508119,-33166286.8013
looking,-1.877095469,-46767510.6489
taken,-1.87401170178,-122959568.833
bed,-1.8737682784,-22078765.637
willing,-1.87344829377,-1034906441.67
spent,-1.86832699745,-520492892.207
worst,-1.85432891532,-1319471184.05
enjoyed,-1.85385050385,-1153192409.12
leave,-1.84991795598,-150417891.485
believed,-1.84182065921,-562565212.495
sense,-1.84109944015,-120823868.096
suspected,-1.83802438587,-1721902789.54
grew,-1.83323672462,-176235145.256
helped,-1.8287965591,-484222309.898
spite,-1.82876827319,-522985035.3
cup,-1.82216514194,-499735735.267
earlier,-1.82159526998,-727906590.453
anyone,-1.82074228399,-96672943.3324
there,-1.81497192816,-1218947.25527
comfort,-1.81313628315,-589601850.592
suddenly,-1.81117655675,-30536012.3892
row,-1.80814389747,-329580525.106
ride,-1.80369662878,-306283712.132
laughing,-1.79635351666,-381940409.241
themselves,-1.79341466774,-77183205.4659
on,-1.7885878742,-1060754.46876
smiling,-1.78330608897,-268660770.301
member,-1.78209308879,-628680983.803
seems,-1.77797300129,-187881869.334
leaned,-1.7743340584,-198472815.979
young,-1.77257628639,-20661651.6335
confusion,-1.76693703612,-712521515.668
baby,-1.76504399417,-14448935.0987
knocked,-1.76213527835,-1488580875.24
ah,-1.76169256714,-54881871.6235
herself,-1.75824854518,-22589793.509
nice,-1.75560676565,-92936873.1896
ear,-1.75501381099,-567679174.518
#meanwordlength,-1.7527055,-63.428122632
me,-1.7496588326,-609300.983722
town,-1.74750733898,-10627323.3777
clean,-1.74739826857,-241382629.896
worn,-1.73221121162,-845852085.434
local,-1.73136441809,-578450579.53
character,-1.71484542055,-741312774.919
letting,-1.71361834232,-1103883054.07
interest,-1.71247043513,-255321484.176
joined,-1.71227845737,-959316536.006
prepared,-1.70630590822,-743135999.778
women,-1.7034238305,-33445904.4973
daughter,-1.69982752932,-156496012.757
oh,-1.69613165632,-14492261.6609
legs,-1.68440747957,-26951966.3915
fault,-1.67410709605,-1198182880.03
where,-1.65817778951,-13180743.2468
bottle,-1.65415414405,-217273388.655
begin,-1.64498206211,-434984787.323
so,-1.64191469144,-3600838.96182
fact,-1.64103167706,-57540216.9893
crossed,-1.63769881639,-373222271.933
letter,-1.62923067423,-150649728.862
station,-1.62558664756,-299451890.45
mouth,-1.62081234053,-17254282.8494
considered,-1.61979170172,-408369413.562
got,-1.61817294804,-4738023.14395
pushing,-1.6170575999,-875809347.638
mentioned,-1.61686070655,-864754092.583
or,-1.61564122968,-1715006.58478
fun,-1.61536503289,-97362819.2201
the,-1.61528185747,-8690.43671977
his,-1.6133528225,-149816.375459
last,-1.60847480441,-31670087.1714
offered,-1.60748425805,-459642960.876
wished,-1.60030317697,-514955226.277
dress,-1.5947542983,-87768328.7985
well,-1.59067525368,-4887607.5043
job,-1.58994489883,-62574692.6918
pushed,-1.57633189957,-185244798.793
same,-1.56633392617,-34502336.8679
speak,-1.56011666012,-111974934.426
especially,-1.55866361981,-294026105.065
care,-1.5562862359,-161127407.002
pain,-1.53256949911,-15803294.4646
eating,-1.52626089066,-600180549.196
tired,-1.5242089489,-250887116.972
took,-1.51368092012,-23169295.113
joy,-1.50745012168,-266079741.514
drove,-1.50146162501,-226147046.404
matters,-1.49276737967,-1114512197.9
!,-1.48567496974,-126213.580241
hair,-1.48159267945,-26653675.1547
sure,-1.47598570257,-29003019.0609
proud,-1.47584492007,-795599602.482
ready,-1.47197262037,-140261448.958
dream,-1.46484305155,-56789658.1326
fresh,-1.46247951364,-625455004.737
without,-1.46086911971,-27695258.9287
hung,-1.45896672232,-168206522.571
gaze,-1.45727228967,-671604259.592
warm,-1.45437502706,-106361979.214
eat,-1.45114015247,-121088270.893
...,-1.44047587366,-2116502.43632
floor,-1.43984425379,-43537483.8552
doors,-1.43961990307,-286529871.209
best,-1.43807566992,-109647305.376
clothes,-1.43500517501,-130808642.462
washed,-1.43257257744,-850633731.777
please,-1.4186022972,-84043448.6888
likely,-1.4156779683,-330147127.218
hated,-1.41250086915,-629938557.706
movement,-1.41165494229,-254854180.045
luck,-1.40726939409,-480451017.175
across,-1.40420838746,-24222004.2481
people,-1.40368283685,-3193682.66372
note,-1.40295363123,-326212551.275
sweat,-1.40233553823,-510727553.359
mean,-1.39767344678,-14278910.0333
met,-1.39040076635,-164292370.778
children,-1.38880511356,-18879155.9429
suit,-1.37846816401,-112432569.174
join,-1.3713914595,-692627914.659
windows,-1.37105534041,-165153932.846
anxious,-1.36633233726,-629779556.851
near,-1.35578032397,-99534509.4597
next,-1.34934703191,-52381256.5475
served,-1.34597277471,-1127164890.52
listen,-1.34483897025,-149859993.245
added,-1.34420669516,-93909166.4884
before,-1.34347619831,-12906881.9604
would,-1.34251058839,-1243246.6011
little,-1.33127212429,-4163458.50551
woman,-1.32464390535,-8047415.25454
put,-1.30395795174,-18873170.0244
over,-1.30149751829,-4127347.90095
pink,-1.29822319319,-336756270.865
directly,-1.29626360229,-323650067.884
months,-1.2907099248,-172335674.719
passed,-1.29000419939,-62838343.0875
particularly,-1.287521305,-350934992.41
began,-1.28461680813,-12381824.6358
hand,-1.28029700591,-9483115.95362
account,-1.27500855616,-656769252.859
mistake,-1.26946133227,-872712371.211
further,-1.26740087507,-197675345.786
became,-1.25946553323,-54698470.0965
girl,-1.2583464087,-10278702.2868
play,-1.25733776043,-107027726.364
hear,-1.24785140113,-52315333.5468
after,-1.24627087143,-12722918.4161
beside,-1.24326062954,-37118845.0668
pity,-1.2388828652,-976568782.743
pay,-1.23840309525,-127401152.973
question,-1.23505381541,-82724107.3596
cool,-1.23485297771,-330591871.693
once,-1.23030488084,-18218677.384
ring,-1.22415417388,-57864921.0454
soul,-1.21805124771,-89356878.9114
see,-1.20520741169,-7999799.75902
direct,-1.20418043753,-850648277.287
brown,-1.19753362398,-50267429.8533
worried,-1.1948144328,-378703491.947
tongue,-1.19427013173,-67603604.7067
every,-1.18544911215,-22805801.7725
shot,-1.18256791663,-82454181.9964
lack,-1.18195800875,-685504252.804
heart,-1.17826484805,-55261915.6241
drank,-1.17757871533,-492150096.639
deeply,-1.17598052151,-444194049.757
private,-1.16988707466,-212572724.3
think,-1.16719424203,-2286213.08493
become,-1.16123347541,-53779948.5327
support,-1.16111398117,-539327120.151
arrived,-1.16002701682,-149332237.645
soft,-1.15968587111,-134930136.727
getting,-1.15244248345,-49764442.693
forever,-1.15130229431,-319610681.111
know,-1.14132879665,-1565972.73795
simply,-1.13982043198,-88502097.277
certain,-1.13846103129,-74426542.7064
corner,-1.13761313165,-138938514.914
facing,-1.13471462831,-781600074.053
meant,-1.13280065719,-127759663.839
everything,-1.12859100534,-30229343.105
calm,-1.12778581709,-224400010.207
pleasure,-1.12683387069,-37908688.1898
smile,-1.12422011487,-59508975.5557
ought,-1.11553207419,-91631765.699
slightly,-1.11310301988,-131488540.493
insisted,-1.11298769737,-459594684.6
explained,-1.10942135561,-241175053.653
sun,-1.10742796543,-23480183.8129
eye,-1.10052552813,-100865970.825
doubt,-1.10007283632,-174594333.153
look,-1.09999794293,-12930820.0607
habit,-1.09957429624,-947578085.927
names,-1.09873704995,-179751975.261
himself,-1.09582448514,-7514303.72618
animal,-1.08535157517,-52694162.8423
seen,-1.08349112766,-40244743.9787
words,-1.07979576001,-29104108.8416
quite,-1.06583784014,-8804895.23759
"no,",-1.06548889788,-239439897.906
seemed,-1.06488357208,-8868786.6778
here,-1.06407688722,-5439018.34806
thank,-1.06139397368,-67010422.489
gathered,-1.06067569668,-655938534.38
yes,-1.05600527227,-3096829.54022
what,-1.05586258162,-1113904.8238
country,-1.05473653575,-32882834.9209
each,-1.05454248121,-18677080.6272
moving,-1.0500530866,-95413590.4882
breakfast,-1.03984939872,-313389080.687
among,-1.0364111276,-29154063.1364
strike,-1.03502409445,-428509965.449
hesitated,-1.03325447939,-307282584.456
share,-1.02840545554,-798361277.425
week,-1.02180799493,-68059885.4105
presence,-1.02064562367,-215207498.432
key,-1.01973488699,-80206093.1958
pick,-1.01910177649,-282201220.968
afternoon,-1.01851633516,-103205243.918
signs,-1.01612294557,-747953420.412
wound,-1.01021387883,-545878788.294
walk,-1.00407550979,-108024361.05
fat,-1.00249397039,-162610970.823
east,-1.00174753374,-75567315.3851
steady,-0.993642789541,-708504301.424
comes,-0.989561867757,-158439589.136
needs,-0.988850706505,-507085497.874
smell,-0.981458366059,-93525905.0101
position,-0.981400608421,-119512857.249
least,-0.979471483773,-47725557.0274
cheek,-0.974534270487,-432385607.305
write,-0.974160976229,-109857067.723
(,-0.973728437617,-1736689.51315
rising,-0.970482422853,-239816913.635
calling,-0.970459583241,-447649606.566
my,-0.969477135559,-176611.824734
car,-0.964213122607,-10798911.0479
trip,-0.962991619923,-198306389.366
rich,-0.961537995845,-158006503.297
enter,-0.961412975856,-417758234.084
window,-0.957360847311,-29498674.6363
case,-0.956324257939,-50548904.8073
jumped,-0.94244197202,-266316236.851
take,-0.941238341644,-22130654.1106
turns,-0.940990854247,-703509789.754
sorry,-0.939969049313,-88750936.56
times,-0.939672777741,-45968854.7854
during,-0.932656676639,-50337717.8416
),-0.930557666383,-1577002.49934
makes,-0.930323583182,-264327861.481
pocket,-0.928163385508,-165906576.279
law,-0.926895130277,-37294239.2272
either,-0.924981025395,-71638182.5043
slowly,-0.920732692377,-14588561.455
start,-0.917908028969,-95003755.0277
sooner,-0.907382014201,-902826.906381
experience,-0.900608522497,-194092494.123
instead,-0.899144173024,-144801150.497
right,-0.896342647534,-5144214.86105
wanting,-0.895588292325,-392914664.84
used,-0.894425480808,-27053223.8106
imagine,-0.881354742101,-179462664.529
told,-0.879660165547,-6470345.41546
warmth,-0.876237092911,-317715942.808
gave,-0.869918607882,-27735298.5693
i,-0.868446668666,-20134.7823029
whole,-0.867547215918,-23172753.3592
wear,-0.867464871103,-478325755.035
tonight,-0.866872511037,-96797587.7294
dry,-0.863028834104,-92981587.4614
tears,-0.856043961152,-144415124.471
dear,-0.849698241895,-29878871.2608
happening,-0.844941629508,-420360331.471
named,-0.842660548348,-222985906.12
'd,-0.842229933152,-1114129.33042
knees,-0.8346590983,-133025351.985
slip,-0.832939974598,-474457265.547
led,-0.832003408691,-177566274.958
filled,-0.831912697546,-47304193.0561
lips,-0.831129430714,-44575533.167
wish,-0.830967112236,-61588875.6626
finished,-0.830802294496,-164384614.668
their,-0.829314076481,-750232.455306
ago,-0.827292195918,-40348479.8037
bodies,-0.823558555067,-121931055.348
able,-0.820596818433,-47086716.302
started,-0.819762527588,-15238566.617
rise,-0.819556758105,-226061640.604
bought,-0.816597736502,-282400351.053
eyed,-0.81531621472,-263862779.242
shoes,-0.810922568462,-162385972.751
chest,-0.809834912033,-121821237.831
known,-0.80409383885,-61097982.4526
return,-0.802400119325,-67138033.2158
while,-0.798462413533,-9258320.12667
circle,-0.798453710015,-195344395.439
room,-0.797253065444,-3884626.02089
laughter,-0.792281010262,-132015038.671
shouted,-0.791962163622,-66075259.8531
even,-0.787474509081,-3728016.63068
behind,-0.787243315993,-16786860.088
reminded,-0.787136220922,-463655811.164
end,-0.78527380084,-39493116.1731
bag,-0.784488158388,-102194484.968
dust,-0.784372773518,-55820944.1002
bad,-0.784061182133,-49854499.2085
forehead,-0.78364874389,-398390360.373
deal,-0.773187025674,-146905050.535
muttered,-0.772512609948,-107747715.825
since,-0.772262539862,-23610898.6769
leaving,-0.768886331268,-198029752.282
nor,-0.765552975146,-31871202.8603
possibly,-0.765245173809,-199505650.646
general,-0.761602664181,-11757638.5895
study,-0.755845543895,-186807972.78
charge,-0.753966343056,-127876841.452
moon,-0.749804305323,-48885438.3473
visible,-0.746863531864,-335150288.792
disappeared,-0.740830321097,-217428251.985
neck,-0.738909270706,-110384694.316
spring,-0.73822355714,-90120352.9239
therefore,-0.73726712935,-42699445.2538
add,-0.731881155011,-918570660.199
sign,-0.730751784111,-183200267.717
poured,-0.72733080414,-310245739.958
paper,-0.726859472978,-25414788.1478
mention,-0.716661806145,-497307011.779
war,-0.715551030824,-6111927.82858
laid,-0.708601566381,-96246934.4075
message,-0.707358555959,-74142229.7391
remember,-0.706752606073,-11126674.3745
kept,-0.701795658251,-42683505.5597
was,-0.699497999683,-74362.9273944
chin,-0.698740381532,-274810390.605
beneath,-0.693507420528,-24096056.2035
street,-0.690728560234,-17609648.8576
old,-0.690715962913,-1494092.74947
serious,-0.687012030596,-163903230.908
dying,-0.685922926516,-112311460.507
wrapped,-0.683028823444,-410645516.854
remembered,-0.682803407321,-75186672.5659
sound,-0.682081098014,-31810931.3471
desire,-0.67872951459,-43217210.4818
help,-0.678402394159,-18659847.0001
older,-0.674782894372,-180509842.657
speaking,-0.674527631624,-116196647.653
myself,-0.673658367778,-12192205.3158
anyway,-0.670548690364,-37326518.9287
unable,-0.669224000713,-221379093.757
caused,-0.666872355834,-267557949.608
single,-0.661464626591,-107939287.1
walked,-0.656557599303,-18768269.2261
tied,-0.656056896845,-317822903.015
business,-0.65363690261,-20803112.4227
means,-0.652172277104,-46635918.7532
thirty,-0.649360513922,-79656430.0708
middle,-0.645243510056,-111864652.463
reading,-0.641434914701,-125392651.484
all,-0.626894933452,-624031.887324
kind,-0.625381768764,-18498758.8999
stand,-0.62365245994,-74241152.9056
balance,-0.623068707197,-371205729.754
loud,-0.61977708715,-190919957.074
wiped,-0.612438061233,-183693771.999
flat,-0.609811173436,-79399576.815
#dayoftheweek,-0.608277787003,-4227036.76499
main,-0.594479435831,-125364302.061
slept,-0.589062821917,-131098756.28
skin,-0.583955708805,-46056752.7877
foot,-0.580312188578,-71331763.96
because,-0.580213278297,-4790949.07928
apart,-0.579277305697,-151756064.562
settled,-0.575378367507,-242044792.753
according,-0.574115606828,-272573104.961
bones,-0.572501977734,-197252580.931
game,-0.570238657188,-42699427.4902
thought,-0.568859152337,-2857905.01402
lost,-0.56600321853,-54626910.638
steps,-0.557877670293,-108569393.342
usually,-0.55773080696,-105834044.007
agreed,-0.555350218338,-156728283.422
heaven,-0.555006436017,-184151863.233
rooms,-0.552896978145,-253219702.575
understanding,-0.549009159657,-112653353.778
discovered,-0.547781577712,-173910258.583
brother,-0.543941815713,-27491458.2021
events,-0.54103009606,-229426979.272
stiff,-0.540023527021,-353741088.561
inside,-0.536086657964,-10892761.4591
remained,-0.534712456333,-47574366.7782
standing,-0.534000424993,-41972777.2228
very,-0.53368630392,-1338459.23338
down,-0.533063433781,-1008150.28072
bringing,-0.532373213078,-490174137.7
cause,-0.529592187132,-87766816.8626
replied,-0.527182733006,-9942927.49773
speech,-0.526810373149,-62806674.655
slid,-0.524996517207,-134892333.152
press,-0.524379226356,-74425380.2953
following,-0.519901814509,-209298286.805
taste,-0.514960022083,-241853995.566
looks,-0.513758061245,-82421042.5468
condition,-0.51054694304,-183253512.356
played,-0.505867826016,-157089580.476
searching,-0.500440751743,-637692358.616
fellow,-0.499466618136,-33903016.4329
around,-0.489156663343,-2252338.42705
forgotten,-0.487071294086,-175395769.239
playing,-0.486760354394,-140099099.851
remain,-0.48612437765,-144131815.696
many,-0.485813382358,-4736554.64318
slipped,-0.483434977171,-66704584.79
lie,-0.474681514871,-100376208.647
am,-0.47202056866,-4592866.21204
make,-0.47069236649,-10733046.8845
together,-0.469219181774,-16452416.7222
road,-0.46474770895,-9420928.55837
afford,-0.461822421359,-552935181.299
surrounded,-0.456118973534,-273629864.311
wonderful,-0.450032880441,-112201298.92
outside,-0.450001100881,-25241857.3847
faint,-0.448872469302,-105283212.822
days,-0.447097000294,-14102481.6296
studied,-0.445952856401,-126346415.504
looked,-0.44553683976,-1516424.28447
expression,-0.440608576341,-72306146.3131
spot,-0.438129865025,-87837456.2106
busy,-0.435680974747,-232293569.994
else,-0.428452562568,-15209492.7941
places,-0.422400232191,-141257159.301
lines,-0.42228233221,-90124762.8528
#monthoftheyear,-0.416994822187,-2299495.97011
shall,-0.411502362333,-7037471.6684
being,-0.409218662601,-5079874.20818
nature,-0.403941729074,-81047021.5923
eyes,-0.400931725228,-1452009.09294
south,-0.400668201607,-42109960.3904
closely,-0.4002144713,-262941334.501
done,-0.397635242855,-6528308.51039
north,-0.369373463101,-15193883.9001
hardly,-0.369139060077,-48521719.3876
nowhere,-0.365824484354,-335826168.623
empty,-0.363636650152,-33677849.0556
only,-0.362293136893,-1679581.17716
simple,-0.35877812588,-80098698.7894
figure,-0.354209503522,-36532156.9797
had,-0.352926449252,-60863.6909794
asked,-0.350768076299,-1973733.05472
onto,-0.349481818805,-15853063.1679
i'll,-0.34533903498,-25380662.0647
faces,-0.338507889406,-50616525.7955
plans,-0.333953640234,-123954378.868
call,-0.331713179236,-13825105.5249
hanging,-0.331511557866,-159567343.556
full,-0.329652733811,-21407851.5857
actually,-0.327427224499,-31215804.7219
music,-0.327147728848,-16735605.4497
',-0.321381906301,-2629.41916318
seem,-0.319751049519,-34166428.4065
up,-0.319586702942,-288803.43091
houses,-0.318664938518,-46270711.5857
covered,-0.318095550988,-48631324.161
saw,-0.317408191012,-3532268.81642
bar,-0.315615481642,-2198174.071
given,-0.312202165766,-32334094.4089
child,-0.311848728827,-5896036.10428
shouting,-0.309874991185,-104857605.652
colour,-0.307285073505,-71554016.4611
faded,-0.306150989063,-145690284.334
enormous,-0.302626313189,-171564713.746
excited,-0.302433222364,-163899367.392
body,-0.299627033594,-1999499.54324
",",-0.295868297629,-3590.7019254
office,-0.292705511933,-6875227.43781
driven,-0.284265929088,-159101092.95
suggested,-0.283135190131,-107582618.275
members,-0.27953887756,-55199179.7209
decided,-0.278236994297,-22855044.3182
arms,-0.277331379641,-12445364.2645
about,-0.277306932205,-529854.979231
murmured,-0.27416890514,-36007460.2039
threw,-0.274143185558,-42327754.7017
smoke,-0.26637058452,-31565365.392
closing,-0.263194945225,-214014540.615
image,-0.255887742503,-28220651.4189
sounds,-0.253438794486,-66765858.2361
perfect,-0.251122997731,-66178921.7769
's,-0.250955268029,-32322.0022972
weight,-0.250044477267,-84372463.7289
immediately,-0.247221497106,-19730981.4657
chose,-0.245637377186,-168011158.311
be,-0.244010106286,-207970.45876
for,-0.239419389421,-253660.328852
from,-0.233312588579,-328804.303292
surprised,-0.221151345157,-33289723.5786
spend,-0.218544998065,-140082012.573
lift,-0.217575464419,-188253110.408
happy,-0.216958263145,-13622856.5855
somewhere,-0.216159214097,-23239657.3246
sides,-0.215152695375,-50167062.9906
range,-0.214438142578,-37896922.2471
unless,-0.213609377609,-68635277.8296
finish,-0.213018911364,-168325331.477
thinking,-0.211238879008,-10997447.6953
asleep,-0.207178786983,-61940029.7234
anywhere,-0.206245505691,-91211134.8087
fine,-0.203036642049,-20154639.5173
merely,-0.200457427458,-27674326.145
some,-0.199985680653,-809432.796236
'm,-0.196253390695,-611355.952291
stirred,-0.192448965238,-144179721.899
manner,-0.191457365827,-39574764.6978
stairs,-0.190459403113,-21887960.2242
shoulders,-0.188248599127,-34823618.3024
chance,-0.187527683982,-14496050.0782
expecting,-0.186192161072,-106414832.924
believe,-0.183780787594,-8319556.02965
extra,-0.183196136052,-104720095.14
going,-0.179451914104,-1266829.78175
removed,-0.177689245484,-65099526.6604
age,-0.175438320546,-23888705.9575
class,-0.172674144829,-10967427.2954
plain,-0.172566876747,-54534674.8929
distant,-0.164385752754,-48081649.026
secret,-0.159762192412,-12066970.0856
listened,-0.159065489906,-31731019.7189
confused,-0.156281973712,-96403635.4864
lives,-0.151275610843,-35629988.2719
hearing,-0.150854803912,-67553520.0175
these,-0.149599915524,-1523961.99531
between,-0.141713901507,-3505071.57872
:,-0.138208895492,-70937.0496817
stuck,-0.137405076688,-49159779.0966
pair,-0.13672403144,-51917550.5926
been,-0.136622403486,-246076.339372
narrow,-0.130627993974,-29813221.5275
handed,-0.130290255288,-51064041.3643
pleased,-0.128358186231,-38417717.2003
river,-0.128270340934,-2091620.87661
and,-0.126935079206,-3243.81318446
send,-0.125312113668,-21573490.9358
sheet,-0.125124477737,-58101631.786
nearly,-0.114443273543,-19676530.0975
side,-0.111409039321,-3236769.098
folded,-0.108580348349,-43960424.3206
bitter,-0.107566736029,-51242492.9745
does,-0.104394681102,-1893069.68771
rest,-0.100450663685,-12027234.1494
shake,-0.0999183075206,-79447547.4004
pass,-0.0976922431372,-16997660.3705
hard,-0.0938593049414,-3272937.45288
regular,-0.0915419278177,-77624646.3127
wonder,-0.0891529103578,-15128105.8154
went,-0.088145227531,-409712.062746
longer,-0.0827470577968,-4332888.86449
plenty,-0.0822539618283,-52787790.6678
n't,-0.0771579794494,-10762.4646853
happen,-0.069642348107,-12314823.9837
gentle,-0.0670479453701,-41935438.9299
thrown,-0.065375821793,-40348354.2062
carrying,-0.0641263161997,-25625969.3978
tell,-0.0640407620819,-888217.194924
forget,-0.0629671527631,-11491516.7179
yesterday,-0.0605726860292,-19590070.3327
firm,-0.0547457579654,-24805859.5889
first,-0.0500680547377,-461682.709598
smiled,-0.0459640300542,-1482154.08611
hoped,-0.0437947988665,-8432339.06811
ancient,-0.0408171316754,-9213404.16968
swallowed,-0.040121794798,-16262921.6704
long,-0.0389121342291,-360578.910205
language,-0.0370733546556,-1638858.16085
distance,-0.0366881580812,-6538719.12751
buried,-0.0291125207383,-7825878.07784
abandoned,-0.0283115811259,-18722601.3604
surprise,-0.0260919026432,-4826080.18802
past,-0.0253946883766,-1341315.0267
might,-0.0177103929772,-120341.080814
listening,-0.0118231047453,-3600667.06453
continued,-0.010006891946,-592026.298956
ate,-0.00865892620972,-2604799.52135
effect,-0.00668207020605,-1814728.86268
paused,-0.00617947320706,-642847.486498
give,2.16071314605e-05,806.528202
dragged,0.000289208208402,178365.724933
promise,0.00691364640442,3328556.49278
number,0.0080284719001,571350.59232
serve,0.00948846602148,3259628.56678
state,0.0110654142678,851612.170727
should,0.0130409855272,142036.989967
pressed,0.0137765595611,2635738.86734
name,0.0143195296267,247472.5472
miss,0.0147933344522,175272.436187
doorway,0.0154926218786,3764518.64032
door,0.0164312340611,132838.791065
upper,0.0167519953364,5722061.86453
warned,0.0223047870193,17906265.6356
break,0.0225382489193,6551518.55923
damn,0.0227686408826,1437111.80953
glanced,0.0237592241592,1653886.21507
entrance,0.0238727182262,9195669.79372
brought,0.0267948455175,1614096.60392
high,0.0273089027626,949833.543364
brief,0.0306629085076,11439368.7227
again,0.0310947108427,110023.352948
move,0.0315947505193,2156307.76803
particular,0.0336249722641,8755302.61844
happened,0.0348139626589,978240.98559
cry,0.0356330700549,7362482.03855
news,0.0357444411658,3175287.6352
laughed,0.0468166679561,1954161.3089
watched,0.0479748765505,2509295.25694
by,0.0495411765772,77082.3600932
broken,0.0515231909495,6381671.93236
ill,0.0528959490568,14075447.5582
edge,0.053377579417,6122121.84605
meet,0.0549814033917,9271815.65124
quietly,0.05644260936,7166058.32011
knows,0.0578780232596,8569397.69567
rush,0.0600363149588,26855616.8425
absolutely,0.0670444655495,15426008.0298
pulling,0.0700083330966,31864301.6569
original,0.0730109305273,34330852.4993
rushed,0.0759176981566,25094897.1717
yellow,0.0760951064981,7876035.18451
stared,0.0784533410378,2934693.21356
year,0.0839918131348,4133708.63544
hurried,0.0851405896782,29033457.9141
promised,0.0937905515042,61930737.598
heavy,0.0985689032085,9741527.47243
lying,0.100833225852,15857258.4413
do,0.102503785142,58865.1857707
turning,0.102512605238,21221422.5904
expect,0.103787560087,30908263.3322
peace,0.107374464975,23127516.1376
sort,0.11086585857,4603265.09474
received,0.115779325243,23561393.7044
type,0.125589231374,43112848.0468
somebody,0.131360698174,8670225.80428
twice,0.135678450625,48606376.9468
free,0.153825874242,12300902.8515
step,0.154249636928,40404320.2926
thoughts,0.156046604274,12194421.7389
pieces,0.163284719965,104605724.298
interrupted,0.164918048064,100822859.866
pulled,0.166061648126,8835070.29136
birth,0.169059602731,66863836.0564
terms,0.169632338123,85907553.2242
vast,0.170875480984,39213726.3242
almost,0.174031808246,3288750.16955
faced,0.175029186079,79304130.2193
naturally,0.176807036171,47579841.9332
;,0.179145221367,35654.1647143
comfortable,0.180308654744,133153928.612
exactly,0.182909634414,23838082.1991
bank,0.184069836411,20051477.5585
growing,0.186562471539,54140556.3067
bound,0.187245967729,45016967.954
appeared,0.187250696036,13672470.4149
rang,0.189403425988,73710410.5657
fair,0.194839126185,30440926.9655
#romannumeral,0.19725629067,12838888.0411
our,0.197840057004,329642.603092
gently,0.198375984934,36732504.977
they,0.205282687065,47052.5999776
alone,0.205956857961,9718011.83335
shoulder,0.206861328266,25829272.7002
could,0.208531641597,282771.863983
grow,0.210415512766,103074109.227
sake,0.213596791672,59904410.7792
order,0.213862046968,12402161.6699
talk,0.22017504134,9345834.90094
school,0.220286340711,4620918.18342
trouble,0.220718509014,18177047.7128
already,0.223442548618,6756094.08236
follow,0.223698359499,55613839.5355
cast,0.224210387686,57284267.708
grown,0.233815956948,59811262.3197
eventually,0.236310261487,56658198.1748
him,0.239578329401,80957.1922521
stay,0.241057833139,25785516.647
face,0.245208128037,1687139.33356
spoken,0.246375397663,108360947.142
offer,0.25075404399,65870243.6721
square,0.25109219985,29714035.0758
open,0.251839579911,10031634.6412
glad,0.253755966304,57809822.1814
says,0.255446570219,4248804.3088
hell,0.257342398142,10474936.8834
shock,0.257756098791,85401788.448
drawing,0.259376126334,121020445.955
water,0.264650759993,1810071.14489
seven,0.265265377699,37627895.7341
black,0.268774990857,2830481.18819
hungry,0.272040784958,94666507.2579
impression,0.273708591141,123492184.094
minute,0.277761996463,17041365.5121
lights,0.278122302711,33982423.6074
flesh,0.281074362682,18463982.6127
subject,0.281147940397,59288808.3032
glass,0.283938269207,18078729.5695
risk,0.287164236166,86351521.2183
forgot,0.289314267631,216974850.6
#typetoken,0.299306106521,427.77895502
leg,0.300134407169,45737426.2229
clear,0.30034663202,20780843.1553
setting,0.303316144216,294600329.606
mind,0.303809802409,3109589.21524
stupid,0.304130159293,98211589.6638
wave,0.309899002424,65116577.9657
nervous,0.312052260867,125228466.276
slight,0.312158777788,158989142.864
into,0.319163610308,598842.083804
afraid,0.319164040419,16277753.7901
piece,0.320054954062,40375593.6059
lit,0.321560563291,115371226.692
beyond,0.32538378512,16276778.028
placed,0.327018881067,49906943.7788
created,0.327087109412,207168454.591
force,0.328265491798,9012837.05348
terrible,0.332099335113,44287293.4182
pleasant,0.333202591647,190082481.47
wooden,0.334194689895,67425917.1649
lifted,0.335593682587,37263144.492
returned,0.336225925087,28044379.8178
paid,0.336927071025,92744123.1029
hurt,0.345458842338,48071957.7352
drive,0.345756656294,46228724.4471
reason,0.35107471509,28268774.8591
bottom,0.358066855142,64883780.4919
lucky,0.359601795336,73773862.4639
action,0.361195943638,95417112.8672
silence,0.362341306798,17998235.9628
out,0.364049188798,429786.945577
naked,0.364853499068,48883707.9533
moment,0.364877841001,5601264.46023
live,0.366270526579,28293070.101
thus,0.370502833027,43182593.1444
pretty,0.375481243427,27551780.9894
boys,0.376275622476,22674893.5635
glance,0.376539738863,116215572.465
gets,0.377983469853,74347936.4115
course,0.378411685673,4175824.18993
freedom,0.39090775422,82731565.4494
top,0.401040266604,32493780.4795
sleep.,0.402796162513,188927126.001
strong,0.403434328878,37821853.3725
them,0.409901775868,513883.422398
time,0.412008060839,2104119.73356
difficult,0.412349045222,56630291.5073
short,0.413386211959,41326529.6527
fight,0.414983398645,37542601.6405
blue,0.416124196241,13362062.2033
none,0.41689881866,45405069.3895
lead,0.417182713364,108098663.933
crowded,0.418987831942,326196802.835
plan,0.419426314037,66012684.4206
final,0.424992578957,6782820.3814
guard,0.430388342818,5092911.35508
hurry,0.431092055026,193859373.288
shaking,0.431915227398,128652819.824
picked,0.433552050674,50838276.7004
really,0.434373666127,2812317.59217
ourselves,0.439774717717,83008629.2518
powerful,0.440311704899,124280149.105
big,0.441078548222,6063143.47295
this,0.446098181395,419111.550348
tree,0.447049805648,25218428.9141
nobody,0.45261310806,39406631.5376
escape,0.458370125499,64417364.1974
completely,0.459407174055,35441519.4757
ahead,0.463932834448,27857978.9882
sent,0.465039082957,49340390.4039
nose,0.466257960331,80124864.0879
needed,0.467115653395,69224500.9694
purpose,0.46987532458,104160912.785
wild,0.471625191575,26705867.8211
turn,0.472657092438,56579013.123
box,0.473223202804,12604888.5857
hill,0.473689197047,44479167.2162
blew,0.47593858696,176669132.598
did,0.476963215581,683604.136195
moved,0.478834022434,11583954.6793
he,0.485208755297,20010.7806305
fallen,0.486463042476,231242578.683
god,0.494376626738,3928429.17583
sank,0.499904926697,403270710.134
smooth,0.504143656301,142036865.115
early,0.507053389166,58173497.0572
easily,0.510224288243,114671231.47
has,0.510560397513,2271754.28665
usual,0.514494188638,132654942.251
attention,0.514888302375,47626418.4757
indeed,0.517333299976,30070316.2418
burst,0.517450940532,211804287.545
drop,0.519615217831,227312422.683
sir,0.524630939756,3282025.16435
off,0.525668960038,2847979.98146
details,0.532288026553,200895818.767
tried,0.532765419635,11588506.9565
till,0.532990713995,31978788.865
possible,0.534671346236,41011085.1619
pride,0.541733909853,312888409.973
under,0.542113058715,9935820.68329
path,0.543318961946,107660786.456
read,0.551913732536,21551356.284
gesture,0.552776258491,207537600.349
were,0.55394758172,450865.451816
grass,0.555154699764,31201221.099
golden,0.561665201146,35668090.1729
allowed,0.561975075429,143002082.388
understand,0.562883433759,25330111.6888
stretched,0.567090104789,166396686.937
sick,0.568956405932,74470503.2374
waste,0.569506179455,442920867.833
real,0.57041233146,26059388.0311
angry,0.571883823862,118418050.777
miles,0.572738509052,25138487.9723
entire,0.576497386302,120474630.884
taught,0.578716734974,170359960.392
steel,0.580000416016,36462895.0453
less,0.584415451579,41227961.1712
checked,0.586211828838,268803741.865
throat,0.587628851624,75198951.7387
grey,0.58763458957,26595191.7063
supposed,0.589721909114,182183383.877
doctor,0.59089260374,13607472.417
closer,0.593596178347,136710140.771
pale,0.59828746938,90610058.5722
stayed,0.601010379491,168561895.623
easier,0.602706715919,470936901.34
one,0.602962483865,1224921.18209
knowing,0.605412990894,127659320.401
choice,0.607516850784,372279211.487
fifteen,0.607809549092,172078318.953
later,0.608180241586,27855409.9211
probably,0.609032553293,41012384.3541
burning,0.611956796694,148976445.657
aware,0.615361930919,56026057.1752
double,0.619552622256,172919664.858
present,0.625469066974,50760010.2939
funny,0.62588753539,131813312.45
shadows,0.630605429796,87903938.2682
driving,0.63822624496,335751695.807
breaking,0.638419740524,533916230.81
touched,0.638802958707,78576595.8536
physical,0.642247914764,134278955.985
desk,0.644608989982,25192386.2076
material,0.648262401119,266532114.725
recognised,0.653108257765,278273236.022
report,0.654584942013,143152182.942
whispered,0.654866876787,26216171.4895
fixed,0.656511675875,397227332.457
art,0.664165781841,144239421.793
green,0.668958932759,18418942.3222
result,0.669421167001,224861242.938
bother,0.669882326148,435944487.054
act,0.670032860404,102385591.979
although,0.67209995842,18968388.9296
fill,0.672545049381,758858457.731
energy,0.674927002817,69860266.5993
today,0.676658658167,77093033.9091
lowered,0.678331754079,207784741.93
notice,0.681688683722,267216960.883
answer,0.684460276988,46009980.0396
head,0.684785628117,6170423.46288
ground,0.686955419411,31215521.5971
line,0.689104498132,42745818.3801
count,0.692652092946,87920958.6691
silently,0.69384279597,156153020.961
sight,0.694866007107,61018365.631
size,0.695217420727,239049779.198
certainly,0.705123950858,70982365.779
better,0.7104058205,24336070.4431
easy,0.711063354577,154962774.786
unknown,0.722214903418,317708978.704
why,0.724586931687,7419140.93758
rolling,0.724971307561,452706133.352
hide,0.726537296193,364758251.16
heads,0.727498588394,22407595.6318
leaning,0.729991833178,635446488.1
breath,0.730917126035,53237809.467
things,0.731795899257,4911924.06833
late,0.736753300777,90152136.4481
touch,0.737904256262,64637583.7995
personal,0.739056163633,162345818.999
gone,0.740810959658,26898388.7512
died,0.742297700142,50207278.6017
otherwise,0.742333171983,248068501.329
arm,0.743935761189,18750519.7288
familiar,0.744680577748,237564091.074
strength,0.745455843599,22076809.3524
spoke,0.745569760137,27128980.0636
bare,0.747206019991,238113111.93
badly,0.74822606748,470974502.618
occurred,0.750112197593,204136361.154
larger,0.755913299576,488705857.51
several,0.761574620408,39882987.502
work,0.765514270189,15164533.3732
alive,0.769338871185,88000177.1285
hole,0.77275895893,142898103.595
stop,0.775479915272,49728744.0839
of,0.778390896141,38546.288005
how,0.783861772974,4763728.56181
interested,0.783930498615,237865244.994
drew,0.785655084972,93739474.8885
forty,0.787150086812,213706084.894
reply,0.787349119564,311694662.502
sighed,0.791216693574,157593269.616
hold,0.793570750765,92223090.053
hidden,0.800282743397,235866099.41
man,0.801376074276,1494111.53738
fit,0.80593474045,588960534.367
relief,0.82160440914,438474801.282
smaller,0.822553690136,747907123.031
however,0.825468971427,32821011.1396
if,0.827122395274,1587417.80905
thin,0.827303049948,94244253.8149
breathing,0.828627629523,369158380.673
human,0.829110624479,7393495.54175
learned,0.830022521512,110028839.242
recognise,0.831046201032,635388152.985
catch,0.831277149238,215124398.976
get,0.834214876166,2872101.26871
rather,0.834773056635,18621966.0027
curiosity,0.839627578401,444585135.583
turned,0.842868338518,8690963.58663
special,0.845784143024,96834461.1071
stood,0.846282539421,13453608.2648
fighting,0.849363195835,161965789.827
bear,0.84958917143,92559784.4561
buy,0.852025185588,132079178.882
wondering,0.854551565391,441060419.162
safe,0.856988945369,206230151.635
bent,0.85888497195,199986399.194
missed,0.859316790866,529709603.626
refused,0.861445263186,547812079.62
along,0.863387116396,25858009.7011
direction,0.866296616961,139776772.337
worry,0.868725508812,93611676.5356
its,0.870842546574,2566489.88209
frightened,0.872915009308,242393058.228
goes,0.877304043829,140777572.113
perhaps,0.879012530794,11022090.0232
wants,0.881757233029,176899332.227
fed,0.884078688673,825403704.838
realise,0.884549062587,266180338.784
loose,0.884946468999,418517505.595
living,0.885182689059,55516539.0742
hands,0.896289705173,12184825.7324
fly,0.896540150781,219046763.132
horse,0.903449201343,24466830.6585
sharp,0.911710716809,214551267.872
instant,0.911757401649,167655249.62
entirely,0.918133944067,266305553.011
bring,0.918443615824,132967026.504
stone,0.918789519366,25098060.1847
process,0.919477837868,248880876.68
iron,0.923906943756,143228154.916
friendly,0.925583648835,535161147.378
it,0.926467203819,117544.04118
followed,0.929064207132,85582065.5033
streets,0.929886109286,127254986.869
trying,0.934025457925,40909416.9884
quiet,0.937018150197,85203579.2512
effort,0.939020903789,302310377.059
mr.,0.94092954535,2879421.44763
finger,0.943466419158,132035241.903
weeks,0.943792568752,133649262.57
rough,0.949892509357,449172128.12
becoming,0.952807570494,648422408.879
killed,0.958038758476,46541156.2329
level,0.960919241475,203284917.105
dark,0.961097644478,11306523.3253
came,0.962537056926,3961229.34859
is,0.966342800668,273021.59368
tomorrow,0.969907199447,119966524.803
land,0.976140850554,14796657.3342
using,0.979004578184,477705980.144
due,0.979983252298,397606163.006
attack,0.981030399919,76275054.9171
true,0.988261825211,45259298.5829
waves,0.990568177765,135139505.115
'll,0.991860006868,2535841.02328
carry,0.993975497813,342096048.889
weak,1.00168575254,390342408.855
ten,1.00451852019,65007431.2175
against,1.00624497845,11886442.8645
show,1.01030662448,64319762.4859
also,1.0130393473,20522161.9031
save,1.01474424246,254424796.492
society,1.01639789912,155701147.72
then,1.02354549961,1302568.15185
forced,1.02409848046,173329436.947
food,1.02540202164,74112058.9813
parts,1.03365868643,634560340.022
ordered,1.03487111733,365207231.944
danger,1.03658298373,277550856.724
new,1.03915118311,11193725.222
wings,1.04206792643,306187471.011
besides,1.04230572594,297742267.27
strange,1.04353825781,52748050.0244
contact,1.04753437983,175847560.383
running,1.05280135593,110497185.09
excitement,1.05306142716,393002352.077
length,1.05625923411,189130997.96
total,1.0636658068,405912723.451
lay,1.0675410726,17449790.8629
expected,1.06774516455,253040303.22
that,1.06789825543,128523.629801
wheel,1.06907248396,194824222.955
possibility,1.06913118016,474675258.747
interesting,1.07183304359,186813329.605
wide,1.07880184164,184538995.412
fish,1.07931869377,78572550.5071
finding,1.0799195413,696762398.673
surface,1.08079590958,62542839.572
let,1.08173092312,12933221.703
will,1.08217883517,1826486.1869
common,1.08461208197,277794346.914
others,1.0889120662,24909741.8296
learn,1.09056819555,153462358.706
attempt,1.0912128823,575366244.708
born,1.09671695742,278610992.334
except,1.10246320163,143115233.155
said,1.10292163496,192965.516642
entered,1.10356446373,141364945.762
ordinary,1.10760779865,418291302.383
bird,1.10919238964,47473582.4106
yourself,1.11596090598,175957522.971
talked,1.12903016053,165913812.127
not,1.13102304887,442823.281725
view,1.13256521047,217057489.583
apparently,1.13263754718,92155480.4893
barely,1.13959198126,348767658.306
few,1.14281563092,24760429.6325
left,1.14358892207,28843269.8171
period,1.14585883166,607610144.316
air,1.14906060575,14605486.0059
cost,1.15217769674,446043140.459
sky,1.156115704,47867834.3231
worth,1.1574441388,381431466.029
large,1.15757924168,52831419.8786
fast,1.15816123059,243687452.237
company,1.16434034584,240792952.818
ideas,1.16587735287,476020403.291
cut,1.16990747821,90679903.6824
roof,1.17680977817,288340823.506
involved,1.18063774983,365048241.008
confidence,1.18237260491,995808725.782
coat,1.18380060318,227711669.03
have,1.19503405773,686142.709621
wondered,1.19555165347,77635267.6853
blood,1.19752347351,56391657.7013
opening,1.20082335676,379484567.983
yours,1.2041229654,377054841.662
ship,1.20937109396,6607366.32885
too,1.2118243346,8133497.51771
reasons,1.21595174738,566648462.491
quick,1.22001359674,177555294.159
such,1.23270503895,17804479.2367
leaves,1.23319543047,253428142.458
fingers,1.23844887589,54474617.9926
whatever,1.24078759915,222824739.64
other,1.24098910787,10544821.987
anger,1.2439614307,163816521.278
thick,1.24904369508,174552722.739
opened,1.25544441943,47273708.4406
crazy,1.26116120584,146094376.744
ignored,1.26397907005,1183001145.87
fall,1.26449280489,104619507.289
weather,1.26500159341,430725498.01
second,1.26639412711,72924780.2337
until,1.26802068359,21550071.9937
pull,1.27175525141,262666534.38
group,1.27728763986,77563077.7185
worked,1.28283286222,232460855.25
falling,1.28596452172,395476331.785
upon,1.29304508815,7132194.75527
must,1.2962553528,7603634.69715
scene,1.30766300867,268836138.427
?,1.3109167176,242478.795429
leather,1.31343549629,519981904.476
part,1.31456920851,71959582.5393
voices,1.31881826297,327783313.001
you,1.32321142942,121943.809536
caught,1.32530748087,77168729.096
point,1.32864339009,40986483.3388
"""""""""",1.32973822802,4471.60875037
fire,1.33277527438,53419303.6359
continue,1.33281632332,640058142.259
greater,1.34559180583,320963269.347
information,1.34707171777,132158137.549
broke,1.34840998264,286326000.109
held,1.35306623039,61009101.5679
difference,1.35909328393,462597738.474
example,1.3617920946,437527955.446
death,1.36560927523,31915405.0706
government,1.3687885555,26355203.8017
much,1.37058489832,14803804.04
fought,1.37065101226,512391960.015
now,1.37776172032,6351451.97659
mine,1.39282834896,267510878.484
stuff,1.39446269915,340899730.352
proper,1.40205438239,721253832.553
fell,1.40326675345,59688481.956
are,1.41646900532,1562582.06861
years,1.42900984431,12103940.9349
shut,1.43394922329,108241761.348
excuse,1.43824428506,836638164.678
carried,1.43895216494,195127288.128
stopped,1.43904857307,74759118.994
closed,1.43913145848,62741022.8297
duty,1.44584357781,445198431.17
staring,1.44727219648,185138225.124
object,1.44914142971,355428733.912
stare,1.45227266115,1033687238.03
raised,1.45228587871,133290928.006
darkness,1.45582711868,86434138.5678
various,1.45692384547,433005663.23
found,1.46105929238,32963478.2293
wood,1.46258108697,147556077.635
clouds,1.47142805027,389167342.707
something,1.47250033137,10554118.6864
gold,1.47683498104,92821091.8635
six,1.47742208986,77763294.7603
problems,1.47903048968,344877978.095
lose,1.48457413581,786197155.454
lord,1.48974055305,7980647.72129
search,1.49931482088,665795659.349
mere,1.49976688103,469259379.145
stepped,1.50587971134,170451903.441
broad,1.50623093412,683466248.049
decision,1.5176244748,497929758.794
twenty,1.51803340951,82102214.8292
handle,1.51912361223,793348977.34
most,1.52034772333,28959796.1612
working,1.52870824033,247855704.589
concerned,1.5323919153,489906014.062
watching,1.53258407822,157287537.302
hit,1.5335654295,171528691.304
lies,1.53483924182,1017629806.6
us,1.53882228669,3703285.3846
eight,1.54025602601,222069183.268
failed,1.54114935898,685502190.088
swung,1.54357351253,365583483.039
nodded,1.55107704623,40400462.1028
pattern,1.55785596044,53016740.3187
nothing,1.55847013954,27728117.4287
you're,1.55982121188,104427651.941
race,1.56088219947,93064930.1878
changed,1.56184824183,251552531.015
stories,1.57189416269,107507138.004
obvious,1.57403064562,625408607.25
pure,1.57438006437,1054410565.22
showing,1.57766232435,873657232.077
dawn,1.57863005714,249631413.329
suppose,1.58157436899,59369416.4142
keeping,1.58494389928,791148099.18
picture,1.58572428598,127533253.122
away,1.58619347997,13080608.0901
everybody,1.59508243998,130369607.272
snapped,1.5977150221,229671284.065
headed,1.60271867918,442765936.437
change,1.6050270558,120579405.337
blank,1.61158753042,1049675980.53
guess,1.61402825987,69682592.8304
solid,1.6150472615,719519729.631
rock,1.61691353446,90250554.8535
minutes,1.62174165278,112767875.677
try,1.62876396784,102270503.989
wise,1.63535939164,546861020.796
teeth,1.63748274818,307467169.564
hate,1.63874585246,571719873.284
natural,1.64622706793,511586712.492
your,1.64873370511,3990277.38216
reaching,1.6558273425,938303842.576
convinced,1.65812112494,1189168365.88
back,1.66046155426,4105172.22457
higher,1.66734074186,616784355.539
minds,1.67403547211,456987499.229
seconds,1.67683774777,379902557.803
cried,1.67872772239,67664355.7366
mad,1.67987063229,262692678.946
beat,1.68112697901,542567757.728
blind,1.68570776901,199005811.209
noise,1.68703998249,474397080.114
opposite,1.68830187949,774461402.381
demanded,1.68923531752,268544934.623
decide,1.68956643275,1015491909.22
progress,1.69621326709,209682303.973
swept,1.70154971801,675706276.485
draw,1.70223359574,996964158.341
great,1.70289167118,11443578.5511
welcome,1.70733317139,825351100.786
surely,1.71118124492,361465959.259
silent,1.71300490025,105502985.629
waved,1.71397399169,708827617.601
tone,1.72051969833,250708198.401
yet,1.72262330184,27414976.3713
made,1.72392720517,24017626.3066
an,1.72987476895,4230798.64424
shadow,1.73251620534,20557451.2657
cannot,1.74069278045,158758197.208
burned,1.74741803195,355259742.415
trees,1.75040513878,53736766.4603
startled,1.75353499364,666674698.058
softly,1.75781695302,191000482.673
've,1.76483137022,6908553.73991
deep,1.77051302224,176282605.11
mostly,1.77082656931,1060534315.38
heavily,1.77216176659,1052025736.03
way,1.77279576322,13245374.6783
ears,1.77749233334,365634276.653
above,1.77835104731,50732899.2603
managed,1.7795879806,437110739.5
,1.78096733972,3762234.2703
cutting,1.78441861731,1822444486.18
rain,1.80385463049,116414085.902
different,1.80721291098,109223449.658
accepted,1.80853848878,852400654.135
pointed,1.82095823031,199124237.801
find,1.8231189965,52073610.4979
light,1.82879637062,25125819.7227
trust,1.83189150545,564795953.545
red,1.83277266748,35952424.212
important,1.84352183582,196853134.886
kill,1.84711022697,48897928.1024
want,1.84795749222,14663467.8505
heat,1.84868056173,494885741.104
odd,1.85834612211,207206150.321
through,1.8625970195,10988149.3113
forward,1.8769024736,98017501.328
far,1.87878936989,50425702.9544
dare,1.88112217169,883023712.25
drawn,1.88364662443,703460321.31
struck,1.88419825286,259861144.948
wrong,1.8920122463,156672137.875
hang,1.89249193783,1332446608.29
earth,1.89936989356,15639527.3231
obviously,1.90187261261,395504420.359
impossible,1.91604183535,436094100.562
works,1.91619236109,821226312.243
forth,1.92820295563,340912471.765
bit,1.93260635393,118277904.031
two,1.93506548059,11036625.1468
ca,1.93909366934,29975744.3727
wore,1.9395096446,262521528.346
blow,1.94085990778,440711320.81
sea,1.94175870573,11301088.0474
dead,1.94647068096,39451768.5597
worse,1.94817314307,609138323.129
rolled,1.94921873293,378735020.472
own,1.95759920042,22787384.1644
lot,1.96850222066,67549327.5394
tiny,1.96927604857,177612650.982
wait,1.97537568432,275076023.185
hour,1.97549972165,139471631.636
story,1.98751569442,69323431.0639
cold,1.99935587403,47749675.3719
small,2.00721527171,36509042.1526
thing,2.00802692695,28803691.1499
prove,2.01206216784,939998367.057
a,2.01520089313,253151.705094
thanks,2.02102698367,529865400.148
pressure,2.02229564164,385612935.382
warning,2.02700438852,774082591.792
dangerous,2.02725075496,909778925.619
wind,2.03033711841,36129524.0945
showed,2.05376461178,287484869.72
somehow,2.0539492941,368811379.79
saved,2.0548922401,1038075630.31
takes,2.05656772949,627997319.849
knowledge,2.05664048221,391542398.163
walls,2.05873723289,174403431.795
tall,2.06288049633,335844380.304
public,2.08510580387,123423944.06
anything,2.08970968176,46728286.6454
we,2.08974715505,478875.487318
thrust,2.09479028209,298099931.922
shrugged,2.094905558,250202027.485
century,2.10178001589,244169716.72
understood,2.10280464712,733542393.841
realised,2.10934898606,145522789.536
form,2.11039403769,242038735.192
another,2.11207538593,52718479.3596
brain,2.11475497869,59813258.0708
situation,2.13876876994,195398850.269
memory,2.15079205879,443489689.263
waited,2.15818468211,252315566.012
idea,2.15894867297,92479846.4712
half,2.17408844694,78720625.0868
straight,2.1750597762,243477210.161
cloud,2.18213134819,109119916.021
mixed,2.18742033543,1777782464.5
voice,2.20266644158,14037072.2705
agree,2.20607782923,862286431.595
build,2.20619258035,500407434.079
world,2.21503655088,30663891.9998
accept,2.22476839364,628456398.011
no,2.22864331101,3898377.7707
admitted,2.23009252167,1664048726.82
close,2.23185352548,134850176.782
mass,2.23652272997,597411035.077
hours,2.25506737945,154184102.719
field,2.25600303055,107228145.207
approached,2.25762360087,1457660996.17
source,2.26060531373,1818369543.02
die,2.26482133012,180983024.825
toward,2.27486942245,18613756.8746
below,2.27552444484,134583332.383
complete,2.28765371687,837252372.149
keep,2.32305967906,104033680.01
within,2.3258923685,110309930.367
history,2.33297759188,379041878.545
any,2.3361389209,16292502.9724
books,2.34102331157,133787100.874
reach,2.34957684568,279467186.151
low,2.35235717777,224289771.561
carefully,2.35417713509,324673071.444
watch,2.36081514436,281261432.529
future,2.36137376299,61117467.5617
ways,2.3659654031,750092067.563
tight,2.37986878689,697129769.74
bright,2.38811392785,142905782.271
're,2.416975208,7069818.13209
finally,2.42694464668,117986149.104
area,2.44848793369,271070198.427
enough,2.45036621671,44993848.9211
crowd,2.45227860527,189436325.109
locked,2.46140674514,926481564.96
consider,2.46536667692,741149763.715
aside,2.4698156168,758719318.563
shape,2.48917829191,434718025.896
twelve,2.49632265288,734744508.834
huge,2.51418960235,281403009.837
five,2.51759472986,70911524.277
twisted,2.52759865088,956042781.717
reached,2.52908422317,115614170.559
#pctcapitalized,2.53505993289,1.14078146069
wall,2.53797016788,83779970.4747
men,2.54586363527,11356604.3645
somewhat,2.54706378941,551796847.917
rose,2.56294546948,14849929.3012
couple,2.58730260473,260468038.564
won,2.61866069175,651400558.57
pointing,2.62350135259,2264138522.98
need,2.62391688609,123114085.428
motion,2.63003087661,1246951831.4
than,2.63591276933,16785591.862
hundred,2.67670390225,63937709.6638
ones,2.71380801285,525199271.394
built,2.72258096964,254157311.211
master,2.72916111588,32611660.5206
stars,2.73806625508,123273940.705
curious,2.78142134637,994726403.967
ran,2.79846420507,102387413.246
fear,2.81956662047,214622307.314
four,2.82096279806,88087524.8357
control,2.82274222095,118176564.916
maybe,2.83328182165,39404420.5865
set,2.83996424727,96042573.1114
machine,2.84423923073,25799099.2975
itself,2.84837995146,231728854.3
leapt,2.85547524613,1063977083.03
questions,2.87751266557,612612783.562
still,2.87811646431,24135196.8202
climbed,2.88005978412,820073653.827
city,2.88114216641,45022800.0019
explain,2.89147359523,927144340.2
run,2.89450217286,128498018.585
admit,2.89590207853,1446501578.18
price,2.93648665786,1842581259.41
necessary,2.96916172643,785868014.154
can,2.97973197003,10925773.73
centre,3.02906508519,66222897.3637
three,3.04238714066,61268515.1509
more,3.0558271747,14675895.3373
happens,3.06127732078,2045762986.53
slow,3.09868237385,635760967.864
system,3.1079680856,130873406.475
space,3.13854827497,58357598.0696
power,3.1511673712,62163259.5657
feet,3.15621558624,74232108.7689
wo,3.19523760316,106888320.472
dull,3.22140382879,936037651.868
cover,3.23639304778,820265418.156
normal,3.26078511317,883426358.132
cleared,3.26689693135,2084901468.69
metal,3.3205092479,156518349.121
nine,3.38085095311,704565839.927
careful,3.3828404232,1581584058.75
problem,3.44416410204,326120691.095
dozen,3.45409975869,962555190.952
sharply,3.4831762463,1408907862.37
knife,3.56845875783,706544241.003
.,3.62175125226,30954.7953405
dropped,3.63983862256,458881301.956
use,3.66164484051,203047527.862
million,3.66559662465,784589027.88
creature,3.67184171526,339816993.045
silver,3.67762871555,42872222.4721
third,3.7352043192,840868844.203
shook,3.84854898718,198675842.486
central,3.8511891457,1107342288.2
building,3.9257410589,239923942.514
fourth,4.05365109716,3433780645.84
speed,4.05584495531,1047676583.45
check,4.13838225896,1019604295.93
but,4.25319183654,2990492.20994
thousand,4.2783574571,166359020.66
horror,4.45914292557,789922385.812
buildings,4.46924450593,1194102020.88
fifty,4.74094395187,613857732.733
