husband,-3.49608190143,-100403454.318
#placename,-3.43525231782,-2410770.60068
her,-3.38231031,-180087.304259
pair,-3.30369023362,-1262656168.75
loved,-3.12827872382,-451706289.488
arrived,-2.94473499546,-621086668.758
sitting,-2.93718408337,-228586318.532
him,-2.89902884859,-1228947.84356
house,-2.88360918479,-20198529.4505
habit,-2.84848581992,-1335732958.78
married,-2.84766825625,-99096227.0748
young,-2.84183424064,-27238639.7935
day,-2.83794994789,-19974223.0947
proud,-2.83570267921,-866735864.669
girls,-2.8251375826,-75722953.5869
good,-2.81762481345,-20264953.5285
taken,-2.79949650938,-159414888.822
family,-2.78971962973,-103275840.383
pity,-2.77836500971,-1122263567.71
wife,-2.75895400443,-35691489.0168
pride,-2.7464321715,-913060952.417
truth,-2.73159734726,-289576467.105
filled,-2.7087789321,-281640442.405
at,-2.68123177215,-2962855.97645
replied,-2.6714320501,-45343398.1418
come,-2.66908183885,-21813815.8435
quickly,-2.64437663156,-137417204.696
always,-2.63978248946,-28614452.4609
when,-2.58482222568,-5230044.13863
heart,-2.5822536532,-90988053.8135
burst,-2.55591960487,-734598165.134
money,-2.52732708659,-34798182.4275
promised,-2.51326350262,-1082895116.92
tears,-2.50747371878,-353118722.716
night,-2.50212976894,-22404970.4086
love,-2.47550482228,-28583291.8552
coat,-2.46152104556,-388455123.334
asked,-2.45734639413,-13748999.5178
friends,-2.43927646572,-139359541.071
hear,-2.43678536765,-74468234.1958
she,-2.42753416001,-112273.139735
front,-2.42254506169,-79621168.6046
calm,-2.41615058509,-1278646578.93
putting,-2.40057211931,-785821530.098
his,-2.39401769988,-264863.65696
father,-2.38653735834,-9033048.74197
table,-2.37777708301,-69748435.7926
god,-2.37769133511,-18143431.2387
fellow,-2.36394054868,-93950592.6156
's,-2.32303660705,-586883.761495
#dayoftheweek,-2.30512868381,-79648196.4398
with,-2.30392245345,-1325331.14455
who,-2.30071344455,-6707205.63261
round,-2.28133867469,-31121247.5921
pleasure,-2.26502879027,-367692710.753
evening,-2.25585180198,-93625281.5828
leaving,-2.24397897705,-638321634.545
never,-2.23430587746,-12243501.3251
shot,-2.21104383499,-165254566.899
honest,-2.2064600964,-1257751878.15
met,-2.19388352037,-159087193.47
sake,-2.18541879152,-1012419244.56
shoulders,-2.17619985232,-385745111.318
moments,-2.17042582582,-426068143.718
whom,-2.16892002521,-136005576.445
cross,-2.16806696383,-413977865.446
stretched,-2.16472953861,-931841570.523
bank,-2.15284115505,-116694062.543
finally,-2.14194467483,-97836426.1472
left,-2.13093013104,-55443971.9165
woman,-2.11624037691,-17857630.2356
thank,-2.09447353343,-177779783.748
holding,-2.07358761206,-446040153.355
usual,-2.04911858224,-328594099.668
often,-2.04438981683,-116379347.769
brought,-2.03915601525,-122929412.685
went,-2.03469230756,-10316744.663
mother,-2.03455449151,-6829906.40123
home,-2.03447981429,-26103706.9288
mistake,-2.01918481656,-989785190.876
mood,-2.01747954686,-1107424744.57
knees,-2.00130307278,-370358024.701
hair,-1.99322085863,-70821832.2163
say,-1.98817590653,-14568580.9614
straight,-1.97306916227,-249195402.305
fifteen,-1.97292955048,-462902191.725
friend,-1.9645742218,-59789355.7072
water,-1.94236830769,-14926205.7413
so,-1.93056255249,-4249805.61834
to,-1.93054004899,-234039.976484
taking,-1.92348801369,-180821462.072
deeply,-1.91585658364,-1153389101.47
knew,-1.90662283564,-18895735.6977
he,-1.90514120397,-74063.1416238
morning,-1.90087457873,-46722484.5927
herself,-1.89839172575,-19883871.594
moment,-1.87985138387,-19534004.8833
reply,-1.87243725808,-646429306.426
plenty,-1.86653130689,-564054184.472
tell,-1.8644537788,-24504541.9558
week,-1.86275006005,-138016140.997
heard,-1.85592652029,-31713998.8863
neither,-1.85290861209,-304954043.484
ordered,-1.85270610763,-582648117.166
added,-1.84667723869,-149357445.95
spend,-1.84129463644,-900541333.473
usually,-1.83730742898,-634061800.866
give,-1.83109249024,-55603338.7769
kissed,-1.83042882937,-353953553.386
sight,-1.83020247424,-226677693.822
seen,-1.82788940736,-49850548.9924
hardly,-1.82246424247,-197643770.363
excitement,-1.82106859234,-783312840.301
pleased,-1.80488968506,-486092837.329
asking,-1.79608796526,-825063888.27
hidden,-1.79295039549,-413409920.18
liked,-1.79265199855,-151722480.684
playing,-1.79185518547,-488403105.808
leading,-1.77615259801,-1047152719.43
known,-1.76076763739,-123112594.31
position,-1.74051175977,-264380219.659
spoken,-1.72094276025,-1022915043.48
in,-1.7188373044,-471797.04095
please,-1.71561417225,-72503067.02
desire,-1.6981777939,-326730622.413
for,-1.6967204005,-1657614.3764
catch,-1.69483545751,-316539312.603
heavily,-1.68919922632,-615785099.821
much,-1.68784841981,-14072739.9244
hung,-1.67320936034,-247024309.949
till,-1.67309301901,-61953738.3887
bound,-1.66057667933,-607717481.197
meet,-1.65728836174,-211108012.43
fine,-1.6454629581,-155625997.484
too,-1.63872058803,-12483388.1695
lit,-1.63647699179,-480390480.185
speak,-1.63603551423,-112733318.526
hat,-1.63077293981,-98028517.8156
minute,-1.61859565949,-133218419.41
hour,-1.61478495945,-121959560.222
lips,-1.61438930494,-102994241.999
letters,-1.61144147357,-189118986.793
hand,-1.60899159241,-16020751.0472
shall,-1.60559689769,-28267591.9755
street,-1.59947547731,-25673433.5562
had,-1.59056386141,-224469.552958
dress,-1.58089782614,-229837715.479
manner,-1.57630679848,-167898471.163
hold,-1.57061751953,-226326837.578
short,-1.5685525289,-146399365.597
#sentencelength,-1.55610108709,-0.18273467307
because,-1.54993497834,-10725735.4061
conversation,-1.5480610365,-253049166.041
unable,-1.5445640902,-730617312.921
am,-1.54441665048,-11764253.7068
excited,-1.53401694303,-920978978.253
wanted,-1.53182486147,-23913542.3165
soul,-1.5261658912,-166748484.873
arms,-1.52576664487,-76867202.5915
near,-1.51856520458,-108526747.401
laughing,-1.51450208713,-235225848.54
hands,-1.51446670766,-20255389.9571
bed,-1.50882907078,-24980960.3607
early,-1.50088743506,-266694746.74
already,-1.49857362699,-58654268.1974
nights,-1.49587166254,-578001082.85
covered,-1.4902995192,-280526441.388
sharply,-1.48913104616,-471203144.773
plans,-1.4862888332,-1039748831.36
fighting,-1.48109703809,-211687145.858
forgotten,-1.47430585062,-495713880.468
corner,-1.46968389789,-143241575.296
rich,-1.46660604705,-109398363.276
surely,-1.46368390065,-265513238.35
pressed,-1.46233976819,-342703414.901
cheek,-1.4598895667,-617886516.405
after,-1.45173355619,-15340516.8147
sounded,-1.44796225097,-403497559.158
hang,-1.44595238963,-1036273087.96
hell,-1.43877635295,-18337066.4587
papers,-1.43791089081,-216838073.981
neck,-1.43648159786,-200029396.907
count,-1.43598414244,-55658821.7822
talk,-1.42897078575,-46960772.6076
hearing,-1.42259035803,-987304208.093
narrow,-1.41792899687,-314377629.235
sooner,-1.41317273031,-1495676320.89
saying,-1.4090106059,-108173845.164
wished,-1.40727137195,-334398854.278
soon,-1.40461467765,-59570691.6441
wore,-1.39931622289,-269414175.969
ever,-1.39193885393,-29774358.4096
lost,-1.38907990451,-102393616.751
game,-1.38793722676,-74276648.8717
take,-1.38131648367,-23471363.223
steady,-1.37687977717,-828364990.128
missed,-1.37631600274,-1057063046.22
leg,-1.37583387619,-424518712.077
listened,-1.37010382921,-362317916.318
town,-1.36548392557,-28885374.2767
remained,-1.36376214438,-169504101.186
slight,-1.35485230793,-608518629.238
eyes,-1.35031554903,-5312198.20168
going,-1.34832117581,-8269684.05429
room,-1.34802526657,-9439199.75886
windows,-1.34191722444,-193489668.596
lot,-1.34011925961,-50724371.9817
strength,-1.33583814138,-243583321.46
son,-1.32395443737,-30621678.4645
leaning,-1.32274748115,-679679194.052
lucky,-1.31962128467,-593643962.757
window,-1.31503901551,-29567567.8008
having,-1.31498850571,-57973084.143
crossed,-1.30941476125,-424046640.591
two,-1.30639204849,-9321581.24269
plan,-1.30586741918,-162996673.1
seemed,-1.30540191885,-10646104.4683
giving,-1.30289695826,-519261428.721
immediately,-1.29934737909,-248603585.772
sudden,-1.29800299103,-130254224.762
dinner,-1.29680735198,-75931941.3816
put,-1.29463133651,-17806545.6656
main,-1.29328086872,-205450231.18
leave,-1.29257345751,-92023733.666
head,-1.29218219132,-9982927.28794
words,-1.28745744999,-35333738.892
stand,-1.28352444532,-164628473.185
care,-1.28006044273,-132754993.619
gesture,-1.27944994627,-349568751.541
beside,-1.27750109467,-55481703.6324
master,-1.27523084588,-53587378.6596
though,-1.27469112565,-7721246.58621
go,-1.2735138477,-6270982.26387
together,-1.26352448421,-73004875.135
sat,-1.26232805637,-23220873.6723
'd,-1.26179170022,-1306130.51423
relief,-1.25989260904,-373578665.735
coming,-1.24792420697,-65823025.7701
fat,-1.24303903544,-218726890.717
both,-1.2427457366,-47665159.4154
abruptly,-1.2424332902,-477374056.598
close,-1.23930147967,-66322794.2105
tight,-1.23923151891,-365844580.343
talking,-1.23803041229,-94027896.0545
look,-1.23710870527,-18888967.7744
walked,-1.23522969218,-33243531.1408
open,-1.2351099444,-42468101.6686
wild,-1.22080575712,-187951334.039
well,-1.21852335995,-5002506.14341
angry,-1.20328508352,-200086314.429
won,-1.20323675378,-446194340.933
did,-1.20218880399,-1315704.31526
anger,-1.20160378431,-187376767.72
talked,-1.19951387284,-135353378.534
#personalname,-1.19593245614,-26752.2041676
spring,-1.19209107637,-203289163.855
yours,-1.18882529634,-308041563.991
respect,-1.17853894591,-662056762.862
girl,-1.17414549612,-10005651.8801
lady,-1.17033311938,-8758565.29996
hanging,-1.16930514807,-656984871.108
hard,-1.16662026013,-53456112.8608
bottle,-1.16105267988,-198294619.783
red,-1.15743863402,-4172846.6812
hope,-1.15086493077,-93829719.4862
everyone,-1.14873648261,-53293251.053
someone,-1.1409957998,-38465852.754
listening,-1.13920569547,-305005368.499
doubt,-1.13385510037,-91212553.4343
reminded,-1.12480114155,-655305425.801
bear,-1.1237412223,-48409109.0976
poor,-1.11842361093,-55345423.066
smile,-1.11349998944,-70372022.3211
passing,-1.10948835088,-658843143.721
wet,-1.10845311556,-284930190.453
ask,-1.10254985029,-60788561.4024
offered,-1.09998121933,-471988708.02
returned,-1.09905691786,-92351509.9856
younger,-1.09601499257,-340517649.464
flat,-1.09565932129,-42611668.0488
taste,-1.09050301681,-670172766.894
became,-1.08874107101,-51373503.5701
shaking,-1.08058998266,-404383557.539
hurry,-1.07781744858,-524430658.99
faced,-1.07739084878,-379807185.301
land,-1.07469723355,-43691605.3543
door,-1.06916944422,-5850080.71796
sweet,-1.06908879379,-148509982.46
jumped,-1.06756978929,-341665288.597
face,-1.06593662907,-7874329.9178
thoughts,-1.06279592087,-63252330.395
drew,-1.0621996973,-104824684.961
clearly,-1.05873763726,-289883819.19
women,-1.05797602874,-23454013.3798
answered,-1.05551987587,-26761323.7805
telling,-1.05158398514,-328222803.329
tied,-1.04826867601,-633803650.681
certainly,-1.03959149102,-72834124.2596
himself,-1.03307379773,-4805930.08113
notice,-1.03188978004,-349697354.019
drawn,-1.02826934515,-443890581.277
knocked,-1.02754974007,-888677971.473
opposite,-1.02328530873,-443637299.073
news,-1.02192495018,-103131460.021
suddenly,-1.01864964317,-26203974.8381
blow,-1.01718588201,-325236777.355
threw,-1.01560031679,-192419446.603
sleep.,-1.01504693112,-555452846.859
pass,-1.01190530308,-306652588.453
glance,-1.0091542535,-198963511.998
little,-1.00581941568,-2223687.80512
kept,-1.00028643019,-74067376.7518
spent,-0.999812335361,-159299806.413
bought,-0.99774014911,-266450993.577
drink,-0.995707562253,-41449150.6323
sent,-0.99561678757,-100474173.262
although,-0.992462011727,-47705388.579
as,-0.992330947559,-731366.361552
and,-0.99213291455,-32256.5489769
lack,-0.990540198168,-783015954.959
without,-0.9864188424,-16423481.0982
hours,-0.980703137717,-56712643.7408
pulled,-0.979913606342,-61847942.648
promise,-0.978623548077,-403680197.326
i'll,-0.962685385602,-57601970.7448
over,-0.958619161147,-4412194.28546
however,-0.953676404405,-27958594.6112
couple,-0.95007907696,-116664306.361
shoes,-0.948931762042,-82105695.764
cleared,-0.948158399456,-545411761.467
cup,-0.944774161778,-216100914.619
knowing,-0.944169447047,-246813662.29
hot,-0.94287801059,-62062793.0867
begun,-0.939521361508,-431444664.642
nobody,-0.934598008491,-58782229.6772
return,-0.9316528697,-134425830.922
fool,-0.929872082369,-144012659.529
dear,-0.928004116929,-29285209.8578
foot,-0.927263427996,-36333880.3617
kitchen,-0.924564006199,-48887730.8324
war,-0.91587073346,-14530828.5467
heavy,-0.914793588513,-84766586.5687
die,-0.911054518931,-79607097.8442
thus,-0.907774287043,-122936954.58
complete,-0.905375995808,-230115575.842
line,-0.903731055261,-50109297.2431
handed,-0.902548925771,-299101173.884
dare,-0.895500769563,-442316226.704
demanded,-0.895264658632,-173965430.159
made,-0.89374019977,-9814932.03906
forehead,-0.890627036108,-318756855.674
down,-0.889397583167,-2087947.22217
side,-0.878531107638,-21989913.339
drawing,-0.877309969732,-174831382.852
mention,-0.870237459032,-588342890.544
cover,-0.868470419361,-199922206.873
gone,-0.862919447545,-34181408.0409
men,-0.862110481019,-2733697.16768
moved,-0.859898348079,-28737701.8239
surprised,-0.85787827721,-189330619.913
ill,-0.851207488408,-130669848.081
breath,-0.846689864278,-94199753.1612
whole,-0.844526790368,-21558215.1829
broad,-0.842057698541,-326370541.425
wrote,-0.842049044162,-146394627.173
knows,-0.841106814825,-137744781.366
last,-0.840558901744,-15284660.4918
since,-0.837176139062,-26571957.393
office,-0.835596402288,-33811695.6582
worn,-0.829731191263,-502897956.45
months,-0.828093445354,-115985074.869
received,-0.823970574601,-240621231.613
road,-0.821366206507,-18504828.5307
meeting,-0.815667668246,-92799168.4836
laugh,-0.815382068721,-98443875.3792
would,-0.813699737538,-851705.634289
says,-0.813155337373,-32068865.7227
passed,-0.812346536243,-62192015.366
headed,-0.811637049208,-345600772.209
again,-0.806493906031,-4783815.7595
repeated,-0.804709623261,-198254043.836
fell,-0.796972235499,-21310944.494
business,-0.79672964034,-37098357.3295
draw,-0.796349154249,-587546341.959
was,-0.790616636228,-79034.5013102
worth,-0.781731336827,-5926517.39884
write,-0.781315982144,-78607154.7444
standing,-0.775769040981,-63183863.2812
gave,-0.77529977392,-22941934.8937
got,-0.773740583778,-1584938.62523
pleasant,-0.772658065987,-276199375.237
stood,-0.767945387477,-10293782.8455
looking,-0.766346564492,-15446072.4865
told,-0.765264178043,-6225724.55908
appeared,-0.764675977695,-52736577.2176
hall,-0.763463861823,-25988246.6572
whose,-0.760716281625,-89423477.6327
life,-0.758751998878,-7749507.1766
poured,-0.754759265382,-333442151.859
waiting,-0.753308399941,-44419725.1655
rough,-0.750145292414,-377045739.519
tone,-0.741709062204,-103906107.37
lose,-0.741694767355,-325220846.443
calling,-0.737919700746,-304770780.155
full,-0.737306384316,-41600271.365
spoke,-0.734364086648,-27720302.7478
action,-0.732345631869,-144380951.706
expression,-0.731578138797,-125574640.246
carried,-0.728265599988,-126826667.433
dressed,-0.728017259914,-234183865.853
play,-0.726431309547,-64183440.6656
prepared,-0.726385475837,-302006200.228
expect,-0.722654043639,-132112326.017
on,-0.721072412096,-621395.499293
felt,-0.717594552122,-6475926.46614
smell,-0.71413043618,-110707543.403
stuck,-0.71280365145,-194383797.663
feeling,-0.70976566129,-22167089.8786
oh,-0.704915724218,-4526698.5919
admit,-0.704669728319,-214584770.877
saved,-0.702036372118,-410526107.537
slipped,-0.701806953285,-158883910.148
steps,-0.700224297653,-76000757.3154
bring,-0.699681124276,-114916249.538
looks,-0.699221095988,-152681817.754
mind,-0.697450097882,-9274528.24635
yesterday,-0.695272734065,-275017075.1
wearing,-0.693064098317,-199474516.665
grown,-0.690329594328,-247644350.523
once,-0.689400444203,-8692232.35735
continued,-0.687670725502,-62311761.2651
somebody,-0.685790943453,-41601442.2668
rather,-0.684897606753,-9942527.14768
drank,-0.678233872357,-290566042.816
bringing,-0.670908798685,-861086148.5
rooms,-0.669577015349,-218844210.044
half,-0.654015400668,-26461287.5625
nose,-0.652172102342,-91137631.4413
#pctcapitalized,-0.651650273488,-0.279031582344
note,-0.64568087827,-156151934.373
you,-0.645449256937,-44941.0089336
interrupted,-0.643421499123,-274876113.767
sea,-0.642751244857,-13970868.9047
alone,-0.638785488737,-42248330.6614
true,-0.636079654966,-58497899.4958
see,-0.635291778706,-4810376.0811
ring,-0.625850072583,-83226949.8478
allowed,-0.622862239454,-199501346.84
surprise,-0.621176303684,-159257869.656
against,-0.620555581417,-10770314.3873
thought,-0.618927841462,-3457463.959
',-0.613125305841,-8252.86721195
excuse,-0.612440825202,-246207912.162
off,-0.611701655491,-3982764.52849
coffee,-0.60871813225,-32759114.2451
yes,-0.608179144626,-3408886.41311
gets,-0.607257698128,-234593181.253
disappeared,-0.605709335783,-180625437.618
believe,-0.60284304036,-28017587.9865
believed,-0.600001823343,-170907077.658
such,-0.599855045013,-8017852.27852
beauty,-0.598154534452,-81513218.3309
big,-0.59799843468,-8179347.17196
mad,-0.594075632792,-25747484.4852
anyone,-0.592938265506,-48802713.0438
middle,-0.592043756434,-111357805.978
run,-0.588420181012,-30648153.6811
help,-0.58083174076,-25117553.3017
chin,-0.580026702255,-221001990.352
every,-0.57846786931,-12413102.6443
besides,-0.575499954214,-106223182.41
happy,-0.57382580262,-51945551.9836
about,-0.568796349649,-1187148.89322
special,-0.568105991651,-96598859.3858
country,-0.567371670691,-28344003.5238
not,-0.559173199643,-231382.707848
done,-0.550290174827,-4007956.07934
driving,-0.550102816112,-339415576.051
ah,-0.549649167678,-37476660.5993
thinking,-0.540582811156,-43325664.5094
into,-0.537680856281,-1120459.09172
long,-0.536975791341,-8563860.53396
difficult,-0.536071538026,-88817388.3517
several,-0.53554100157,-52813226.5404
secret,-0.534901244161,-94007946.5447
started,-0.534145204262,-15282548.738
four,-0.533704271897,-21847938.6452
bad,-0.533396510931,-39335786.0067
wants,-0.524539287752,-107417033.632
held,-0.523374739124,-27137206.8027
deal,-0.518742326702,-70876742.8263
let,-0.518687105657,-6255214.30446
duty,-0.517643647523,-108121578.087
person,-0.515320548093,-54790820.7749
pieces,-0.51507326962,-149597178.497
do,-0.51435090305,-230291.666966
mine,-0.511718986653,-93701289.1388
hurried,-0.499433591955,-171236076.39
during,-0.492696396649,-35109038.2855
funny,-0.487924179976,-56879597.2758
running,-0.487025792366,-57450976.0867
push,-0.486731268661,-327057119.147
chair,-0.483660784353,-19270841.808
glass,-0.481514797161,-31551380.7156
their,-0.481364351502,-550976.030583
very,-0.481287661926,-1100269.44006
weak,-0.47961864585,-366846925.506
speaking,-0.479419692871,-125741668.038
came,-0.478084169797,-2674110.29633
smiling,-0.473447435259,-114277792.919
brother,-0.472071124151,-6229528.16968
general,-0.469557589187,-3003377.06438
movement,-0.468942965272,-84862512.3104
silver,-0.46822181907,-44759656.2866
know,-0.467627724924,-867189.720591
direction,-0.467115026583,-50008731.3701
flight,-0.46645823222,-13016401.9635
either,-0.465687535403,-49968542.8335
eyed,-0.465312121848,-114653293.079
helped,-0.462857898625,-256936827.178
book,-0.462673350021,-25025878.1051
clothes,-0.46119886971,-41693113.0441
refused,-0.460920300648,-251495722.047
behind,-0.46083111964,-8744368.26101
curious,-0.459644117638,-167870469.329
fact,-0.456002975089,-13862506.9949
hide,-0.450612035504,-173063399.054
almost,-0.448852079338,-7468275.39592
also,-0.446429600464,-8939225.35599
fight,-0.442913979131,-47142222.804
afraid,-0.441804412007,-39705373.6427
seat,-0.441683075758,-67102820.5216
sorry,-0.44125797079,-32708556.5877
whether,-0.440758481371,-25081570.1766
heads,-0.438448051966,-90629389.9375
took,-0.435737703469,-7252630.06062
joined,-0.432575550844,-176341123.805
under,-0.430468367365,-9430258.82276
afternoon,-0.43038029345,-43296632.1613
nice,-0.429229995608,-18787657.1303
luck,-0.427195289632,-80139749.753
lord,-0.426469468299,-5295675.50296
dying,-0.426325234508,-189074816.232
worst,-0.426221616941,-248929730.497
must,-0.420390383523,-2762481.18279
badly,-0.419952491941,-276562119.54
wonderful,-0.419895352061,-110549179.118
next,-0.413160120607,-12683342.8858
should,-0.413080418775,-2780104.19506
tall,-0.411448178058,-38106433.4184
caught,-0.410263424675,-27587456.1058
miss,-0.408468368255,-2192753.85226
paid,-0.408190136055,-103409978.124
school,-0.406319913384,-13954294.7428
buy,-0.406068654299,-59829863.2413
pocket,-0.400390018667,-51534160.8455
closer,-0.399061714992,-143984632.905
boy,-0.39306059324,-2497339.5211
case,-0.391286980945,-18956267.584
single,-0.388357858915,-49269670.2653
pretty,-0.386175275881,-28892686.5169
served,-0.386083680729,-231348056.643
remain,-0.382356055578,-145166108.439
comes,-0.382080941291,-107736147.153
removed,-0.377711019796,-203905701.515
cry,-0.375700851126,-55788276.8312
'll,-0.375480492966,-884975.396449
asleep,-0.373949776569,-143334792.573
tonight,-0.37036641139,-50146952.7527
quick,-0.370123972087,-69186439.7414
following,-0.364648832444,-90669740.17
appearance,-0.35815677941,-106144457.618
making,-0.356011880012,-41517385.5199
trip,-0.352337744935,-58286632.7545
serious,-0.34925166112,-81492002.1992
listen,-0.348284588912,-54804819.0499
even,-0.34543105633,-1536467.96801
orders,-0.342351675998,-44164654.031
lived,-0.340368457526,-21230861.7564
gold,-0.33599198418,-32822053.8312
thinks,-0.334716349587,-254929643.591
given,-0.332518922065,-40577741.7945
thrown,-0.324439828435,-224603488.187
then,-0.315134964633,-547119.374006
scene,-0.313791530858,-74994478.7986
turned,-0.311589497702,-4595023.86903
our,-0.309137373227,-594339.120518
busy,-0.306516067832,-75073938.2756
fixed,-0.305464557171,-111408369.997
station,-0.302830671017,-8674368.09388
swept,-0.29918589118,-136066497.374
drive,-0.298516175993,-25769089.8355
below,-0.29676486194,-24307497.1486
walking,-0.296523807719,-37186118.2444
days,-0.293331329056,-8490058.61459
desk,-0.290761747324,-19638345.5097
forget,-0.287451343402,-72352125.0482
fair,-0.2856750323,-80283330.8436
twelve,-0.285370741153,-71131580.3522
you're,-0.280237994093,-24880397.5819
saw,-0.279359475643,-2391262.55667
turning,-0.256459160887,-37464217.3135
#monthoftheyear,-0.255270493788,-1895578.08163
path,-0.25319985539,-14576583.677
stopped,-0.250407393192,-7888836.83728
cannot,-0.249832245333,-16285545.2314
quiet,-0.243533051253,-17352079.6299
sharp,-0.242914393067,-78988181.8873
finished,-0.24240103066,-43964793.5451
children,-0.240914896017,-2611397.13779
agreed,-0.238469640675,-28447501.0957
named,-0.235810596416,-112514355.963
peace,-0.226775904736,-30240080.9409
able,-0.225604315087,-13756287.4571
doing,-0.222141208749,-15182959.6564
slept,-0.220577777377,-74896414.5691
played,-0.218528201958,-64127369.5699
decided,-0.217867970225,-15688405.4152
needed,-0.212199311697,-30213644.1999
dog,-0.206283618578,-11490083.361
guess,-0.201675197905,-7788031.57678
trees,-0.201271894906,-8429386.91199
visit,-0.200155888631,-70304139.3824
becoming,-0.195093085171,-139547581.655
beautiful,-0.192838124691,-15264699.6941
been,-0.192759093095,-292941.891589
bother,-0.192430245316,-190214922.328
ear,-0.189269453372,-27488799.9798
iron,-0.187677244934,-37818162.2932
stay,-0.186547405454,-14729421.5082
fire,-0.183644513947,-2486247.8553
live,-0.182059421511,-17540807.5044
charge,-0.181301417085,-56152974.0921
ran,-0.179372435938,-7865401.93243
thanks,-0.17204357622,-44578719.4144
buried,-0.170984375788,-99334149.7965
up,-0.16919517269,-202760.710645
if,-0.168487992019,-338835.823166
beginning,-0.167126864505,-28724271.5544
boys,-0.165459965819,-3279270.54555
carry,-0.165456346073,-44855109.7019
everything,-0.16358093504,-6084142.60128
friendly,-0.162430636093,-70680351.5169
comfort,-0.151903565179,-114588423.676
grew,-0.151824722583,-17922351.1786
obviously,-0.149195319607,-27316078.5726
black,-0.146134444996,-1947001.10212
doctor,-0.145607705827,-403592.604545
insisted,-0.144320923242,-88748324.8934
n't,-0.144264639284,-20200.3087547
worry,-0.143046950506,-25035809.8999
worried,-0.142091730382,-45772071.2492
from,-0.132816310252,-207187.49747
terrible,-0.131890039421,-20688303.1143
beat,-0.131079303492,-35446287.4942
first,-0.13020340389,-1406825.9243
north,-0.130121067678,-6022179.39303
quite,-0.128499855865,-1270364.93431
get,-0.126469268771,-356834.964837
stayed,-0.125972329908,-46133735.2942
conscious,-0.125834760305,-34596721.8143
end,-0.125185741625,-4995067.72131
born,-0.118760089787,-47093297.9528
sometimes,-0.116562134703,-4254943.73691
ways,-0.115006253512,-40238614.9897
legs,-0.110239556588,-9236432.88877
really,-0.109788971884,-1590270.7485
bent,-0.109408904559,-22926565.132
seeing,-0.106244473779,-13871831.8454
hungry,-0.105901507075,-37379133.5366
#arabicnumeral,-0.103471194058,-54237.1965163
older,-0.103420730821,-19645843.9137
getting,-0.0993937689291,-6275025.48554
five,-0.0971771916354,-3041913.62596
finish,-0.0953860650938,-70365729.5399
past,-0.0948182377317,-5720900.82415
softly,-0.0944060936322,-17051211.2272
anybody,-0.0921861920458,-9693755.59116
death,-0.0845493125275,-3036923.45654
entered,-0.0829021398068,-16319552.1065
all,-0.0740100909983,-74009.9578366
mark,-0.071671742254,-176653.168421
glanced,-0.0708510017109,-6695090.97466
wake,-0.0689675887716,-39869115.7251
somehow,-0.0667369516237,-11212696.5185
"""""""""",-0.0649793376056,-181.439902319
dirty,-0.0636920235764,-11146721.8368
show,-0.063538799015,-5501732.61823
nearly,-0.0592071855053,-9187479.67603
cried,-0.0591903395341,-1674609.08124
closely,-0.0545533105542,-42289241.1305
have,-0.0522827589722,-47041.7365979
late,-0.0486580862823,-6483625.87684
breakfast,-0.0475201676062,-11435456.4013
laughter,-0.045896056051,-6536554.67007
called,-0.0430599059276,-1662798.94395
gentle,-0.0416366398014,-18043259.4036
hit,-0.0346804641063,-2827257.74511
according,-0.0342012799174,-19657943.5508
somewhere,-0.0297460931564,-4971684.54768
sir,-0.0291508362159,-118437.597983
out,-0.0291210530048,-41532.6616225
slightly,-0.0245995415244,-5385653.36409
want,-0.0206069104735,-122839.727825
sleep,-0.0162055297319,-1871061.40901
act,-0.0142995846418,-3500602.79329
sit,-0.0118233676959,-1514161.12524
turn,-0.00804785121552,-739534.874251
written,-0.00740733534774,-1549670.63612
gathered,-0.00588164882834,-1953427.96536
by,-0.0051109775535,-9924.86350065
more,-0.00286792968088,-14519.9377874
crazy,-0.00127543095836,-92784.1899865
died,-0.000416206153981,-52412.3991514
said,-0.000173255619934,-26.50698322
wide,0.00626569942133,673657.765495
between,0.00699992939662,215200.726981
how,0.0088206727957,64794.5483813
glad,0.00897323198437,1420988.67667
everybody,0.013228265744,890946.172968
ears,0.0211648540699,4595468.31368
man,0.021281644896,31755.9115163
double,0.0230851817343,7871351.22063
were,0.0252120826534,24020.4684166
details,0.0290117015921,14236614.9858
self,0.0292130448012,3212531.54041
drove,0.0327692978369,4941407.52263
length,0.0335868294365,8112086.40337
tired,0.0356194952094,3959232.00311
decision,0.0407777053681,14208507.6196
lifted,0.0415895680056,5506256.8864
voices,0.0423203130149,7352595.42715
just,0.0435285240358,75516.841005
settled,0.0436456626362,15002638.7273
quietly,0.0476435456096,3619143.2625
weeks,0.0488459027057,8409801.36377
returning,0.0513369723618,56737262.174
forgot,0.0527546976961,41649033.3218
them,0.0531871651553,76513.8708432
rolled,0.0575647268525,21139875.8356
interest,0.0577708764234,6228521.76524
keeping,0.063327832856,34835486.2831
marked,0.0640586999131,53887879.9335
silly,0.0650386149905,14106191.2741
began,0.0673959641236,913399.016655
awake,0.0679679732592,52547073.8186
lying,0.0717526907517,11271793.5884
moving,0.0720827300586,6543528.50025
job,0.0773001404645,3171164.33303
indeed,0.082204715557,4351351.28224
bottom,0.0858712350218,25390065.9527
dark,0.0861870393499,1573562.39335
car,0.0863632184566,883075.497788
yet,0.0903892507654,1383361.03738
ended,0.0909073737423,46938653.3266
presence,0.0932041187719,18688094.1803
time,0.0970946886883,482460.721711
ought,0.102673278012,11778609.9909
completely,0.104972623721,13428852.6825
dropped,0.108236881042,11424878.911
pushed,0.108699633153,14457594.0922
low,0.109302105861,15363481.9921
order,0.110272441936,6591186.96089
twenty,0.112334647087,5773435.13229
comfortable,0.112594217934,69801722.6968
wondering,0.112652302818,49573216.6897
burned,0.117077074818,31071875.8789
across,0.118541246967,1796865.61217
#romannumeral,0.118715251582,3429887.60816
bit,0.121940738796,3456629.94687
awful,0.122275306835,45318655.656
six,0.126372323251,8295359.66642
eight,0.127321033024,20224005.9018
stiff,0.128210192855,95890200.8599
silence,0.134240459702,7481378.24134
directly,0.13789208428,55059087.7308
wish,0.138465717526,13570695.7269
subject,0.138674397459,24184590.9966
concerned,0.139108431187,50636093.0925
studied,0.140097876047,42534776.4011
times,0.141682385199,9427686.29454
doors,0.142237806944,38162839.6545
laid,0.144743624764,41139981.0158
admitted,0.147209864592,25009579.3702
understood,0.14721960315,48157092.4392
sort,0.147483221227,3640480.20824
appear,0.15195457851,91553711.5722
word,0.156377842689,6756807.76172
dozen,0.156448394335,40311271.3883
placed,0.160110467459,43911755.2677
guard,0.16336511551,20141047.646
watched,0.164321256783,10829367.007
plain,0.169403481297,43038229.8647
smoke,0.17053930976,10286981.6425
noise,0.173723484532,27131994.435
consider,0.175053925135,99913111.6558
right,0.1818836577,800829.981003
mouth,0.186871469951,6905313.7388
happen,0.187697001741,43277227.7999
nor,0.189314378027,9927979.8689
fingers,0.190115909793,13421851.3022
rose,0.192559031598,8855182.69806
upon,0.195731001253,862381.641319
save,0.195775782921,38027863.7151
especially,0.199857137132,69850827.0543
leaned,0.201317239857,25385386.2964
waited,0.208933985699,14664606.9539
begin,0.209623086793,100060142.874
opening,0.210352737607,64982326.7505
memory,0.212228796863,31059664.3459
naturally,0.215783543871,84825816.0194
tomorrow,0.216034055861,22596624.686
stop,0.216935573975,13988911.0627
impression,0.229144562538,42556748.1728
why,0.230297683596,1628938.27553
where,0.231798122188,2137474.54609
lead,0.23219580081,120467513.934
same,0.234895846669,3566033.25044
parts,0.235040401886,120159079.856
could,0.240472969176,322942.593825
apart,0.246910558278,106395411.514
suggested,0.249765415872,62100927.8237
staring,0.249995362335,34423127.0591
which,0.251261020102,233825.574978
silent,0.253942532619,17460160.6705
snapped,0.255455723946,43631498.9242
thousand,0.255756758371,7151449.18742
anything,0.258108019585,4978110.40701
voice,0.260155402173,2499781.43448
killed,0.261901092755,25004075.7392
later,0.264705009054,8720825.6353
final,0.265762518882,83254373.1127
service,0.26880057238,42645330.3893
setting,0.268877092028,281231568.891
pain,0.270745099843,22196250.4343
breaking,0.271099986328,292697331.399
aware,0.278149277445,35886144.8493
eating,0.278538657624,150567688.801
become,0.280785596362,30579442.8824
my,0.28096782052,48073.3602994
laughed,0.281058844415,11397780.1956
hoped,0.28541572314,162897952.549
climbed,0.286034126827,69752678.1118
read,0.287710961885,9179177.77521
raised,0.288920354041,39333971.2928
sure,0.289350933432,5944011.02786
a,0.290776552083,54281.0263371
myself,0.291445451907,3036588.14693
shouted,0.294487562791,25735226.8822
name,0.298285771903,10896752.3967
entrance,0.299312776852,53130389.3612
reading,0.301572261693,63994603.8917
offer,0.308241956255,163833267.473
eye,0.308441881088,17664706.8588
company,0.309109253002,11397245.02
escape,0.309757475678,93008718.6101
lay,0.312967120401,9504769.41446
otherwise,0.31752828699,178592889.596
before,0.318824783053,2979864.69119
brown,0.319907675074,21922751.8412
houses,0.320912395666,69984125.8444
finger,0.326520504542,84024774.1559
darkness,0.336657661017,17849274.6574
blood,0.340019179847,20699065.1588
party,0.3400340466,17855747.9598
opened,0.342585235741,22509106.1372
step,0.345145485788,70699187.8028
gently,0.345183970887,73540348.7636
experience,0.345840819071,47053016.1695
burning,0.34729222384,130580600.334
dead,0.348853793634,10560976.288
of,0.349212849903,16211.5607984
trust,0.354138532584,138502301.579
anywhere,0.360653858189,200402549.142
strong,0.361114344898,9712354.23618
eat,0.365250288619,33401687.1797
lie,0.36792331977,116245961.315
i,0.369181751301,6369.92962649
followed,0.374334729696,38500641.992
minutes,0.3788237029,16949860.3047
'm,0.37928464584,1021197.80307
spirit,0.38101456341,95907779.2722
reason,0.391777922526,31509781.0934
shock,0.392543768502,151196798.471
),0.397807625303,1315939.19927
spot,0.398445361893,107242410.316
hurt,0.398737626763,36702600.8227
high,0.399317452967,15411458.0593
trying,0.403048169265,23449960.6342
story,0.404416658358,15746162.0652
worse,0.407623951076,108210164.698
roof,0.410748452978,71039112.1385
join,0.411627542839,263336698.827
that,0.414756924504,42215.055414
anyway,0.415880236387,27221482.7895
toward,0.420018761718,4658027.68358
child,0.420589743323,5520828.0599
handle,0.422932086211,214877131.36
fast,0.426204006978,53589041.0156
smiled,0.427197364101,17852483.3769
earlier,0.429484791099,146939260.46
wait,0.433717389613,39122214.5854
yourself,0.434194269945,37021148.3429
walls,0.435885816407,45507752.1209
place,0.436463033413,8375850.79033
everywhere,0.437909163224,264936873.433
wondered,0.438484886072,38594318.7289
few,0.438925785872,7717875.01975
grey,0.439430741646,27974988.521
wo,0.442453607215,14549340.729
trembling,0.444631449107,172387781.335
send,0.447064466428,87679350.2027
led,0.447442080377,78978648.1447
key,0.448872167151,123583921.118
driven,0.451798984289,446876213.617
(,0.455430776483,1553121.51421
strike,0.457719329599,283457859.345
matters,0.460951163036,221809269.753
today,0.461280313726,43662989.5801
sides,0.470270715209,218303686.502
nothing,0.474795551527,7683647.69066
drop,0.482000374014,98139385.8836
dry,0.484635733743,113792124.313
showing,0.48504720948,329392981.427
explained,0.490220282521,74635407.6381
sick,0.490342361169,34460858.9917
doorway,0.491713467721,118377366.215
reached,0.497315363541,28622696.6373
imagine,0.501937072855,115735406.918
swung,0.505950102538,98336054.4227
â€”,0.512212761929,481989.868495
will,0.512912827227,928447.35435
board,0.514246013759,64983498.484
shoulder,0.516663270639,52749135.5077
pull,0.517756264211,217161416.2
now,0.520076896473,1931695.16651
throat,0.520134230482,111197346.985
broke,0.522823139903,74354502.3946
keep,0.524888796521,21722044.3309
difference,0.527541369553,183176879.564
twice,0.530055127328,285088746.319
slowly,0.534526581327,14041938.717
cause,0.53531504823,126465697.006
faces,0.537779517312,62296538.9652
changed,0.54084916851,109297905.992
",",0.541102061091,6515.05141276
seem,0.543993740039,77520923.6762
fall,0.544093174706,103749172.28
recognised,0.544509018881,219012102.787
piece,0.557357633186,98850225.46
above,0.557731769085,21602021.2546
picked,0.570583021863,63390429.9782
law,0.571894935605,89546345.7747
make,0.576163986807,10596360.6734
wonder,0.578242667967,115846150.371
merely,0.586702751558,47127402.1713
pay,0.588688224439,64138013.7633
cool,0.588885006547,164742200.727
else,0.589135937284,32685091.6431
lines,0.591595131783,165838013.744
way,0.592881662038,5192918.92248
among,0.597289767042,24171835.639
bore,0.600181640516,545255724.758
clear,0.604299247038,41483964.6465
think,0.606167806385,2317066.28622
only,0.607040293278,2903259.89615
places,0.609057001453,204026218.663
occurred,0.611894044644,217863495.508
"no,",0.613518941693,131536597.207
less,0.616573892685,29520106.5637
rising,0.620020041606,177962795.634
people,0.621940323857,4058689.90529
fifty,0.626620509078,65443459.1271
wear,0.628264089032,197034197.108
easily,0.628681880731,223954543.199
many,0.633658355992,9826357.87588
cast,0.636979328107,342979675.217
easy,0.639232273789,118674428.092
start,0.640374361523,83381602.674
the,0.640767802075,4624.95709032
baby,0.640939961125,41385887.6449
writing,0.645805080541,126294642.394
closed,0.64828755667,45259195.1202
discovered,0.649120842104,115416070.657
whispered,0.652497638493,48857862.6047
realised,0.65378625697,54411425.7317
throw,0.658469707767,377309253.729
?,0.660365025518,86367.6139658
air,0.661831412392,8714836.56841
blind,0.661961110706,247278125.516
nervous,0.662894221674,227954991.184
skin,0.663406127703,141802639.507
ordinary,0.670701393902,252414982.026
until,0.674267789659,14954793.7802
looked,0.676095446054,4000602.07883
arm,0.678567713007,27525977.1418
walk,0.680099259181,56664341.8785
fun,0.682796646595,175295715.044
happens,0.684297852164,438381077.722
meaning,0.685304726059,326551020.444
us,0.689325042253,1669051.56135
thin,0.69080318047,73624659.6517
simply,0.690881513165,61252445.4738
share,0.699206897892,343322183.823
dull,0.699291630629,314421948.291
likely,0.703583499559,155694393.521
interested,0.705487484125,198936808.96
search,0.706956756493,255744642.957
've,0.707064434054,2820317.57305
here,0.707171940216,2804162.05723
entirely,0.707502433382,112060775.757
maybe,0.713539268397,10389507.1446
realise,0.715923204771,136623450.226
quarter,0.715948411614,271457386.871
exactly,0.716326655492,86848476.2073
sighed,0.716707106587,109890713.538
like,0.717273848287,539833.803662
an,0.72012119033,2009135.04831
question,0.72065246807,36404381.9179
possibly,0.721089550765,135629572.431
stared,0.728227086223,41938541.2224
effort,0.730910249494,185779065.479
wrong,0.730986435057,60379732.1276
through,0.732702142113,5964123.08141
fresh,0.734635009494,249747408.313
expected,0.734641506606,168942998.083
shut,0.740149212425,68978925.3914
me,0.740253721331,181704.08753
thick,0.740404640354,148024562.722
stick,0.742528160681,59665578.6957
shrugged,0.744208605269,131534551.223
still,0.745164876856,7034780.51907
part,0.754595084105,43903374.6118
#meanwordlength,0.756726441222,30.1043341282
ate,0.763120725606,315158138.378
considered,0.775825553426,266088096.453
dangerous,0.776540614389,188277590.59
change,0.782690106531,113563236.835
own,0.787147444267,6367346.078
feel,0.788268477786,24599453.7858
sense,0.790375162658,52804999.9469
paused,0.791044278735,125164645.071
hate,0.792258990193,130415910.705
bitter,0.799700813208,246067204.959
forward,0.80313664101,34560144.7149
noticed,0.806260364737,113262343.345
carrying,0.808970640011,340609234.144
none,0.811534353544,91437465.2402
but,0.812973300932,507517.155469
large,0.81475901564,59960571.2374
frightened,0.815695568443,193241035.825
paper,0.816997917944,30856650.8406
purpose,0.820552052938,132314874.039
view,0.823199960147,108597404.381
second,0.823692247171,43289355.0609
back,0.824745006808,2526872.59006
field,0.837543110186,36367584.7243
picture,0.841586945413,69773936.6228
suit,0.844291602795,108191770.336
ten,0.846648202729,50581428.5339
blue,0.847996979223,35924725.1572
course,0.85041607492,10279865.8451
fear,0.851195088232,51280724.5334
move,0.851883963481,78398136.7735
aside,0.853129093274,242641544.775
square,0.859101263764,102467924.876
except,0.866771463243,103088948.436
struck,0.870502996777,134011614.165
damn,0.874221416599,41399669.9226
year,0.879787671548,15596197.9494
than,0.883754746099,5168609.90912
great,0.884022782694,3651589.96595
figure,0.898642869436,89526556.3819
broken,0.906366705171,134820305.489
kind,0.925430192028,26200920.8349
set,0.92930797868,30551552.1075
fit,0.938659865855,536075238.472
whatever,0.940017946791,126498025.333
along,0.941993586715,20702996.5066
loud,0.953509189493,315123295.259
loose,0.96044194674,349762343.298
work,0.961803899174,12344227.9589
top,0.962339970517,73412599.8926
has,0.967650257648,7023046.95723
lights,0.971880041163,106306454.463
takes,0.972437042907,729036444.107
tongue,0.972458547534,297201887.639
slow,0.973143120673,296275828.923
trouble,0.973695363512,107881286.142
're,0.976221839778,3967987.88648
ago,0.978031445851,57997054.9011
situation,0.978631938661,151555486.991
failed,0.98038660479,467758807.975
certain,0.992983170617,59981761.5312
month,0.99469207258,220005103.321
themselves,0.996019295041,119758969.709
...,0.997600711233,4865184.73598
meant,1.00095112249,146901994.856
working,1.01378924873,120039530.664
what,1.01508967022,1036148.63958
managed,1.01515876614,227220651.514
falling,1.01611529775,325511298.755
this,1.01752489359,987384.188275
they,1.01962302717,399379.900279
find,1.01991844,31354373.1571
carefully,1.02869320696,138599826.447
your,1.03041000334,2060109.96519
reach,1.03151936331,243484498.965
needs,1.03399047293,878869520.832
goes,1.03936797518,358376074.847
deep,1.04040703609,97234668.4876
perhaps,1.04094501732,13631351.6369
coloured,1.04423747572,231030950.057
we,1.05179987472,275097.466108
pick,1.05501195937,341414251.824
fallen,1.05842859177,384248005.615
third,1.06189654398,128897218.128
intended,1.06295578775,555549812.138
twisted,1.06635505449,408417992.261
moon,1.07719811002,14161493.5979
makes,1.07739036539,277083638.43
better,1.07969649058,40045060.4223
stories,1.08065933702,112344284.862
matter,1.08898768851,42229950.4739
instant,1.0898302508,184689039.402
floor,1.09602202588,47130371.2152
least,1.10068836697,65896841.97
away,1.10231783789,9054284.48811
watching,1.10320634855,86817253.8097
another,1.11040553667,28773411.012
therefore,1.11579210588,246124899.15
familiar,1.11613627667,315205572.416
remember,1.11617102238,53466533.9331
locked,1.1169001008,237812568.727
leaves,1.11716962245,208527747.676
beneath,1.11756189452,66592701.4282
around,1.11870779503,5229568.00338
probably,1.11989830517,52662117.8742
forty,1.12253602515,246349962.755
nine,1.12590225732,183251785.177
teeth,1.13571035047,196880860.782
longer,1.13739441491,86190192.34
does,1.1393016429,24726517.2629
rush,1.14292262511,810265058.15
attention,1.14830165842,184601626.53
hundred,1.15024291991,27425309.4237
touched,1.15286079503,191381856.891
hole,1.15549321668,183820271.87
sign,1.16017745759,239377691.635
any,1.16153139043,8206008.60503
prove,1.16494094318,599839272.161
sun,1.16922307945,26590662.5768
check,1.17777661828,420189121.12
nature,1.17881937614,156932607.758
sky,1.18789589945,39172913.3306
feet,1.18790569465,20887902.0496
clean,1.19010280488,209713972.177
danger,1.19367672654,328718735.923
miles,1.20402574005,27017035.5996
mean,1.20505242853,22891864.604
present,1.20911470726,114241899.118
years,1.21546626228,10554809.6247
light,1.21905700337,17865500.0535
lift,1.21949820842,659480352.846
some,1.22396689264,5154766.99538
proper,1.22707315313,459194493.999
ground,1.2332348963,47429623.28
chest,1.23450614248,280213892.587
pale,1.23514022034,205962930.526
impossible,1.24039386331,276024714.423
wave,1.24103559736,377910067.44
unknown,1.24166973849,485943467.369
these,1.24564790427,13007305.4597
mentioned,1.24817141039,1055055387.82
faint,1.25075953048,303061693.615
chance,1.25197253868,129465369.75
cut,1.25817346663,73102156.7575
!,1.25886146128,305508.274006
formed,1.26295876683,817368550.65
old,1.26401493135,2941449.42074
sleeping,1.26492255314,467270162.509
lives,1.26811198381,577086021.777
shirt,1.26861404617,201952684.364
seven,1.27178827785,66614257.326
distance,1.27393259624,229360063.023
are,1.2750904584,1900545.60404
books,1.27567856943,111809449.447
shadow,1.27834596726,242533711.273
no,1.28641687119,2769336.10288
:,1.29165754127,921500.324205
circle,1.29230851659,211591973.597
call,1.29327777619,64535703.627
growing,1.29463244552,483268652.968
heat,1.29777357721,172020810.409
particularly,1.29844674194,347409350.546
ready,1.30315593304,146291734.503
warning,1.30762115386,774655469.305
speech,1.30806549769,449221851.56
edge,1.31036283084,120354690.678
means,1.31053851675,226069075.495
living,1.31090898652,141042538.521
natural,1.31098055318,293830374.919
perfectly,1.3147443095,295722894.308
strange,1.32137152241,64709501.4361
;,1.3237970454,297727.512295
study,1.33811909428,302007819.879
warm,1.34402462165,111609866.961
distant,1.3468482694,416582310.578
alive,1.34850511167,218080162.209
break,1.34977087188,342625755.519
perfect,1.35139864743,543139287.369
rise,1.35364292001,686741520.046
names,1.36637436582,464088643.143
kill,1.3676702676,62803303.3087
waste,1.37376025726,1211196430.0
powerful,1.37702340242,578555137.636
while,1.37929393084,27179613.0007
idea,1.38143567635,40218658.7102
enough,1.38454260275,39258437.5954
actually,1.38564836323,195896475.16
somewhat,1.38771625271,248331107.669
age,1.39048993044,84914547.1673
each,1.39209152066,27772148.7237
shining,1.39426012345,628351912.881
questions,1.40792607392,193059375.137
minds,1.40815575896,227456566.239
or,1.40965577275,2715285.73742
odd,1.41043245221,404907142.333
simple,1.41286604534,288237279.638
rest,1.42729266102,104893206.24
account,1.42952879424,340217252.722
tried,1.44017835356,90621393.5442
being,1.44020636742,26133125.7868
might,1.44342538999,6542321.07418
accept,1.44865943537,523295376.472
most,1.46390962142,27701837.5208
brief,1.47049375439,617249540.33
particular,1.47145750513,310920820.984
empty,1.47559900599,155627640.425
finding,1.47903128984,1222521274.32
small,1.48161858061,28432241.1701
three,1.49252932717,26888434.6688
seems,1.49483487401,199002712.146
sounds,1.511701065,424236369.239
is,1.51387913461,604621.419966
interesting,1.51582877084,669773085.073
wall,1.51611777061,41574505.8109
touch,1.51671755356,275813078.572
stone,1.53387801591,17105155.2636
attempt,1.55271656451,623930806.991
personal,1.55536629552,297586842.123
showed,1.55708884966,247282236.915
stuff,1.55746833702,139444844.608
remembered,1.56669459808,181939867.548
those,1.57299227233,17317917.7302
recognise,1.57624604395,1190913089.62
due,1.58690442421,1042063415.75
obvious,1.58860058424,588146003.981
upper,1.59992932921,328500385.215
ourselves,1.60395445837,626810414.01
safe,1.62068143169,444003501.345
within,1.62275064745,94603497.2573
best,1.6266465661,79489474.2534
watch,1.62836254443,122126474.3
information,1.64074656458,222683518.979
body,1.64308779871,27404541.8828
understanding,1.64349319482,1183989481.34
group,1.64837429078,207030654.005
music,1.64981337768,107640901.228
new,1.64984553496,20984249.0399
object,1.6512646054,401953953.474
building,1.66264353348,85429109.4386
instead,1.66351946186,279720882.752
food,1.67249370082,51766236.3269
stepped,1.68155578199,166034438.169
forced,1.68609465748,506540892.833
yellow,1.69338576994,60928282.7304
used,1.69434300833,58160303.0113
forth,1.69724637994,173319211.251
important,1.70060337694,225264815.728
report,1.7048230165,216088319.377
other,1.70488434099,13545766.9324
weight,1.71314074409,414250130.56
period,1.72601764964,450620250.237
bright,1.72612830393,322568401.361
need,1.73485888425,82240327.1396
far,1.73518920175,41154173.1205
.,1.74891886798,17696.8602018
tiny,1.75578433414,222390854.382
suppose,1.75775897594,69954871.5159
build,1.75856028833,464909138.284
understand,1.76673208418,81385620.0309
effect,1.78581390336,337718518.265
startled,1.78859780722,746686523.65
there,1.79301905458,1177887.59394
colour,1.7980778831,281509264.467
knowledge,1.80081978662,184182676.58
wind,1.80188764759,72661724.5649
private,1.80445904218,419585707.858
ones,1.81704857008,326500648.078
cold,1.82442713994,68964806.5248
smooth,1.82693640572,907232431.437
found,1.82761954538,45307847.8834
worked,1.84193535128,240273445.903
accepted,1.84252497985,907770162.548
beyond,1.85130319782,111804701.173
soft,1.85448231019,265868355.559
white,1.85744959252,18941732.7629
number,1.85961982449,57645590.5224
answer,1.86157457576,126354331.997
greater,1.8718143055,600877197.283
green,1.89490284798,64017263.7909
different,1.90949965043,144655673.551
blew,1.92141734705,682831656.719
ahead,1.93041343436,178763934.424
crowd,1.93446011743,200306578.905
further,1.94469946787,270283259.107
state,1.94505399139,176696705.105
common,1.96030787205,404952151.986
ca,1.96680389662,30768929.4825
forever,1.96699533763,853283566.406
force,1.96783470849,155913708.611
torn,1.96935908226,1732555271.5
supposed,1.97658972887,389471037.698
surface,1.97823359786,247287653.607
breathing,1.98116048278,769669598.405
nodded,1.99921126355,67950037.9891
follow,2.00138916111,568500618.365
point,2.01592672636,87804394.1516
spread,2.01951281233,547477065.281
dream,2.0250561959,293029375.48
waved,2.06541786946,1022290305.88
unless,2.06969222112,815118392.24
bare,2.07072107508,271735587.093
shook,2.08073802422,112730814.792
mass,2.09057325734,289702627.809
thirty,2.10301046707,225230505.637
history,2.10697108407,295932082.809
careful,2.12198036362,913170391.069
others,2.14580820347,85494756.5029
free,2.16011067552,142988328.697
public,2.16652292436,301227915.552
inside,2.17212398651,133715044.687
be,2.17918114277,1991935.2947
size,2.1835914142,745538063.514
can,2.20291669381,8385050.1673
race,2.21555196982,100952191.341
its,2.23255645732,6226162.26436
sound,2.24763443866,85081341.8566
something,2.26716871952,14937095.8236
hesitated,2.27326381073,722680747.4
outside,2.27400476295,175163537.946
brain,2.27602700503,236619547.843
happened,2.2789358605,108069521.607
horror,2.30893174659,653148680.45
type,2.32762897158,802799424.975
explain,2.33872233533,490392596.942
lower,2.40139438692,525951021.554
possible,2.40287533334,153841910.333
problem,2.42148918905,330394624.871
it,2.44223599673,290080.48593
necessary,2.44551525325,365376191.493
physical,2.46449603237,546370283.124
dust,2.46705156258,318688538.927
solid,2.48088513143,1460946020.34
learned,2.48158555619,476237571.243
future,2.50218290065,280573679.19
box,2.50461436916,90505775.9561
control,2.55085681956,94093946.824
shape,2.578714573,646041210.127
one,2.59707406485,5118736.59058
#typetoken,2.60890611252,5526.01800325
rock,2.63967962795,13599860.1114
stars,2.64801828733,150697624.41
power,2.67842554397,49192845.7127
grow,2.79127061089,1419537711.29
pointed,2.83957257449,429989409.72
city,2.84837759949,26629131.7988
approached,2.87277707766,1547401690.98
puzzled,2.95948688956,1835823000.19
thing,2.96498948951,27923219.6402
form,2.97186705721,356923616.535
world,2.97270455609,20566053.3184
real,3.06210302016,79608187.5975
try,3.06499724781,185958436.406
choice,3.06547627955,1310591541.95
things,3.11102803882,50679938.1723
learn,3.1236871147,849000863.816
normal,3.18001339572,436344308.463
built,3.21820981842,516101125.84
higher,3.268048323,1830370239.07
human,3.31753546159,34703927.3896
using,3.38243754636,1458217757.52
apparently,3.40019567548,846486654.438
itself,3.49361157059,189933030.846
level,3.51302018013,765693873.976
space,3.59773688086,36882578.8469
centre,3.81602137498,1009280033.52
earth,3.93488490252,30480395.3001
use,4.13322118979,180558632.492
